dataset,source,source_url,fiscal_year,cal_year,month,city,area,category,metric,value,unit,note
chiba_boar_damage_city,千葉県 第３次第二種特定鳥獣管理計画（イノシシ）表２,https://www.pref.chiba.lg.jp/shizen/choujuu/jigyoukeikaku/documents/3inosisikeikaku.pdf,-11,,,館山市,,イノシシ,被害金額,7000,千円,
chiba_boar_damage_city,千葉県 第３次第二種特定鳥獣管理計画（イノシシ）表２,https://www.pref.chiba.lg.jp/shizen/choujuu/jigyoukeikaku/documents/3inosisikeikaku.pdf,-10,,,館山市,,イノシシ,被害金額,6035,千円,
chiba_boar_damage_city,千葉県 第３次第二種特定鳥獣管理計画（イノシシ）表２,https://www.pref.chiba.lg.jp/shizen/choujuu/jigyoukeikaku/documents/3inosisikeikaku.pdf,-9,,,館山市,,イノシシ,被害金額,8318,千円,
chiba_boar_damage_city,千葉県 第３次第二種特定鳥獣管理計画（イノシシ）表２,https://www.pref.chiba.lg.jp/shizen/choujuu/jigyoukeikaku/documents/3inosisikeikaku.pdf,-8,,,館山市,,イノシシ,被害金額,5898,千円,
chiba_boar_damage_city,千葉県 第３次第二種特定鳥獣管理計画（イノシシ）表２,https://www.pref.chiba.lg.jp/shizen/choujuu/jigyoukeikaku/documents/3inosisikeikaku.pdf,-7,,,館山市,,イノシシ,被害金額,6212,千円,
chiba_boar_damage_city,千葉県 第３次第二種特定鳥獣管理計画（イノシシ）表２,https://www.pref.chiba.lg.jp/shizen/choujuu/jigyoukeikaku/documents/3inosisikeikaku.pdf,-6,,,館山市,,イノシシ,被害金額,3820,千円,
chiba_boar_damage_city,千葉県 第３次第二種特定鳥獣管理計画（イノシシ）表２,https://www.pref.chiba.lg.jp/shizen/choujuu/jigyoukeikaku/documents/3inosisikeikaku.pdf,-5,,,館山市,,イノシシ,被害金額,2882,千円,
chiba_boar_damage_city,千葉県 第３次第二種特定鳥獣管理計画（イノシシ）表２,https://www.pref.chiba.lg.jp/shizen/choujuu/jigyoukeikaku/documents/3inosisikeikaku.pdf,-4,,,館山市,,イノシシ,被害金額,1824,千円,
chiba_boar_damage_city,千葉県 第３次第二種特定鳥獣管理計画（イノシシ）表２,https://www.pref.chiba.lg.jp/shizen/choujuu/jigyoukeikaku/documents/3inosisikeikaku.pdf,-3,,,館山市,,イノシシ,被害金額,8232,千円,
chiba_boar_damage_city,千葉県 第３次第二種特定鳥獣管理計画（イノシシ）表２,https://www.pref.chiba.lg.jp/shizen/choujuu/jigyoukeikaku/documents/3inosisikeikaku.pdf,-2,,,館山市,,イノシシ,被害金額,9535,千円,
chiba_boar_damage_city,千葉県 第３次第二種特定鳥獣管理計画（イノシシ）表２,https://www.pref.chiba.lg.jp/shizen/choujuu/jigyoukeikaku/documents/3inosisikeikaku.pdf,-1,,,館山市,,イノシシ,被害金額,5066,千円,
chiba_boar_damage_city,千葉県 第３次第二種特定鳥獣管理計画（イノシシ）表２,https://www.pref.chiba.lg.jp/shizen/choujuu/jigyoukeikaku/documents/3inosisikeikaku.pdf,0,,,館山市,,イノシシ,被害金額,5273,千円,
chiba_boar_damage_city,千葉県 第３次第二種特定鳥獣管理計画（イノシシ）表２,https://www.pref.chiba.lg.jp/shizen/choujuu/jigyoukeikaku/documents/3inosisikeikaku.pdf,1,,,館山市,,イノシシ,被害金額,17621,千円,
chiba_boar_damage_city,千葉県 第３次第二種特定鳥獣管理計画（イノシシ）表２,https://www.pref.chiba.lg.jp/shizen/choujuu/jigyoukeikaku/documents/3inosisikeikaku.pdf,2,,,館山市,,イノシシ,被害金額,21163,千円,
chiba_boar_damage_city,千葉県 第３次第二種特定鳥獣管理計画（イノシシ）表２,https://www.pref.chiba.lg.jp/shizen/choujuu/jigyoukeikaku/documents/3inosisikeikaku.pdf,-11,,,南房総市,,イノシシ,被害金額,61623,千円,
chiba_boar_damage_city,千葉県 第３次第二種特定鳥獣管理計画（イノシシ）表２,https://www.pref.chiba.lg.jp/shizen/choujuu/jigyoukeikaku/documents/3inosisikeikaku.pdf,-10,,,南房総市,,イノシシ,被害金額,58431,千円,
chiba_boar_damage_city,千葉県 第３次第二種特定鳥獣管理計画（イノシシ）表２,https://www.pref.chiba.lg.jp/shizen/choujuu/jigyoukeikaku/documents/3inosisikeikaku.pdf,-9,,,南房総市,,イノシシ,被害金額,47555,千円,
chiba_boar_damage_city,千葉県 第３次第二種特定鳥獣管理計画（イノシシ）表２,https://www.pref.chiba.lg.jp/shizen/choujuu/jigyoukeikaku/documents/3inosisikeikaku.pdf,-8,,,南房総市,,イノシシ,被害金額,52736,千円,
chiba_boar_damage_city,千葉県 第３次第二種特定鳥獣管理計画（イノシシ）表２,https://www.pref.chiba.lg.jp/shizen/choujuu/jigyoukeikaku/documents/3inosisikeikaku.pdf,-7,,,南房総市,,イノシシ,被害金額,52979,千円,
chiba_boar_damage_city,千葉県 第３次第二種特定鳥獣管理計画（イノシシ）表２,https://www.pref.chiba.lg.jp/shizen/choujuu/jigyoukeikaku/documents/3inosisikeikaku.pdf,-6,,,南房総市,,イノシシ,被害金額,51082,千円,
chiba_boar_damage_city,千葉県 第３次第二種特定鳥獣管理計画（イノシシ）表２,https://www.pref.chiba.lg.jp/shizen/choujuu/jigyoukeikaku/documents/3inosisikeikaku.pdf,-5,,,南房総市,,イノシシ,被害金額,29684,千円,
chiba_boar_damage_city,千葉県 第３次第二種特定鳥獣管理計画（イノシシ）表２,https://www.pref.chiba.lg.jp/shizen/choujuu/jigyoukeikaku/documents/3inosisikeikaku.pdf,-4,,,南房総市,,イノシシ,被害金額,26408,千円,
chiba_boar_damage_city,千葉県 第３次第二種特定鳥獣管理計画（イノシシ）表２,https://www.pref.chiba.lg.jp/shizen/choujuu/jigyoukeikaku/documents/3inosisikeikaku.pdf,-3,,,南房総市,,イノシシ,被害金額,31051,千円,
chiba_boar_damage_city,千葉県 第３次第二種特定鳥獣管理計画（イノシシ）表２,https://www.pref.chiba.lg.jp/shizen/choujuu/jigyoukeikaku/documents/3inosisikeikaku.pdf,-2,,,南房総市,,イノシシ,被害金額,31363,千円,
chiba_boar_damage_city,千葉県 第３次第二種特定鳥獣管理計画（イノシシ）表２,https://www.pref.chiba.lg.jp/shizen/choujuu/jigyoukeikaku/documents/3inosisikeikaku.pdf,-1,,,南房総市,,イノシシ,被害金額,17864,千円,
chiba_boar_damage_city,千葉県 第３次第二種特定鳥獣管理計画（イノシシ）表２,https://www.pref.chiba.lg.jp/shizen/choujuu/jigyoukeikaku/documents/3inosisikeikaku.pdf,0,,,南房総市,,イノシシ,被害金額,24013,千円,
chiba_boar_damage_city,千葉県 第３次第二種特定鳥獣管理計画（イノシシ）表２,https://www.pref.chiba.lg.jp/shizen/choujuu/jigyoukeikaku/documents/3inosisikeikaku.pdf,1,,,南房総市,,イノシシ,被害金額,23271,千円,
chiba_boar_damage_city,千葉県 第３次第二種特定鳥獣管理計画（イノシシ）表２,https://www.pref.chiba.lg.jp/shizen/choujuu/jigyoukeikaku/documents/3inosisikeikaku.pdf,2,,,南房総市,,イノシシ,被害金額,14429,千円,
chiba_boar_damage_city,千葉県 第３次第二種特定鳥獣管理計画（イノシシ）表２,https://www.pref.chiba.lg.jp/shizen/choujuu/jigyoukeikaku/documents/3inosisikeikaku.pdf,-11,,,鴨川市,,イノシシ,被害金額,11760,千円,
chiba_boar_damage_city,千葉県 第３次第二種特定鳥獣管理計画（イノシシ）表２,https://www.pref.chiba.lg.jp/shizen/choujuu/jigyoukeikaku/documents/3inosisikeikaku.pdf,-10,,,鴨川市,,イノシシ,被害金額,14008,千円,
chiba_boar_damage_city,千葉県 第３次第二種特定鳥獣管理計画（イノシシ）表２,https://www.pref.chiba.lg.jp/shizen/choujuu/jigyoukeikaku/documents/3inosisikeikaku.pdf,-9,,,鴨川市,,イノシシ,被害金額,12850,千円,
chiba_boar_damage_city,千葉県 第３次第二種特定鳥獣管理計画（イノシシ）表２,https://www.pref.chiba.lg.jp/shizen/choujuu/jigyoukeikaku/documents/3inosisikeikaku.pdf,-8,,,鴨川市,,イノシシ,被害金額,12011,千円,
chiba_boar_damage_city,千葉県 第３次第二種特定鳥獣管理計画（イノシシ）表２,https://www.pref.chiba.lg.jp/shizen/choujuu/jigyoukeikaku/documents/3inosisikeikaku.pdf,-7,,,鴨川市,,イノシシ,被害金額,11179,千円,
chiba_boar_damage_city,千葉県 第３次第二種特定鳥獣管理計画（イノシシ）表２,https://www.pref.chiba.lg.jp/shizen/choujuu/jigyoukeikaku/documents/3inosisikeikaku.pdf,-6,,,鴨川市,,イノシシ,被害金額,10542,千円,
chiba_boar_damage_city,千葉県 第３次第二種特定鳥獣管理計画（イノシシ）表２,https://www.pref.chiba.lg.jp/shizen/choujuu/jigyoukeikaku/documents/3inosisikeikaku.pdf,-5,,,鴨川市,,イノシシ,被害金額,10537,千円,
chiba_boar_damage_city,千葉県 第３次第二種特定鳥獣管理計画（イノシシ）表２,https://www.pref.chiba.lg.jp/shizen/choujuu/jigyoukeikaku/documents/3inosisikeikaku.pdf,-4,,,鴨川市,,イノシシ,被害金額,9484,千円,
chiba_boar_damage_city,千葉県 第３次第二種特定鳥獣管理計画（イノシシ）表２,https://www.pref.chiba.lg.jp/shizen/choujuu/jigyoukeikaku/documents/3inosisikeikaku.pdf,-3,,,鴨川市,,イノシシ,被害金額,13013,千円,
chiba_boar_damage_city,千葉県 第３次第二種特定鳥獣管理計画（イノシシ）表２,https://www.pref.chiba.lg.jp/shizen/choujuu/jigyoukeikaku/documents/3inosisikeikaku.pdf,-2,,,鴨川市,,イノシシ,被害金額,17651,千円,
chiba_boar_damage_city,千葉県 第３次第二種特定鳥獣管理計画（イノシシ）表２,https://www.pref.chiba.lg.jp/shizen/choujuu/jigyoukeikaku/documents/3inosisikeikaku.pdf,-1,,,鴨川市,,イノシシ,被害金額,13451,千円,
chiba_boar_damage_city,千葉県 第３次第二種特定鳥獣管理計画（イノシシ）表２,https://www.pref.chiba.lg.jp/shizen/choujuu/jigyoukeikaku/documents/3inosisikeikaku.pdf,0,,,鴨川市,,イノシシ,被害金額,49996,千円,
chiba_boar_damage_city,千葉県 第３次第二種特定鳥獣管理計画（イノシシ）表２,https://www.pref.chiba.lg.jp/shizen/choujuu/jigyoukeikaku/documents/3inosisikeikaku.pdf,1,,,鴨川市,,イノシシ,被害金額,4297,千円,
chiba_boar_damage_city,千葉県 第３次第二種特定鳥獣管理計画（イノシシ）表２,https://www.pref.chiba.lg.jp/shizen/choujuu/jigyoukeikaku/documents/3inosisikeikaku.pdf,2,,,鴨川市,,イノシシ,被害金額,9803,千円,
chiba_boar_damage_city,千葉県 第３次第二種特定鳥獣管理計画（イノシシ）表２,https://www.pref.chiba.lg.jp/shizen/choujuu/jigyoukeikaku/documents/3inosisikeikaku.pdf,-11,,,鋸南町,,イノシシ,被害金額,22037,千円,
chiba_boar_damage_city,千葉県 第３次第二種特定鳥獣管理計画（イノシシ）表２,https://www.pref.chiba.lg.jp/shizen/choujuu/jigyoukeikaku/documents/3inosisikeikaku.pdf,-10,,,鋸南町,,イノシシ,被害金額,17614,千円,
chiba_boar_damage_city,千葉県 第３次第二種特定鳥獣管理計画（イノシシ）表２,https://www.pref.chiba.lg.jp/shizen/choujuu/jigyoukeikaku/documents/3inosisikeikaku.pdf,-9,,,鋸南町,,イノシシ,被害金額,16308,千円,
chiba_boar_damage_city,千葉県 第３次第二種特定鳥獣管理計画（イノシシ）表２,https://www.pref.chiba.lg.jp/shizen/choujuu/jigyoukeikaku/documents/3inosisikeikaku.pdf,-8,,,鋸南町,,イノシシ,被害金額,17578,千円,
chiba_boar_damage_city,千葉県 第３次第二種特定鳥獣管理計画（イノシシ）表２,https://www.pref.chiba.lg.jp/shizen/choujuu/jigyoukeikaku/documents/3inosisikeikaku.pdf,-7,,,鋸南町,,イノシシ,被害金額,21563,千円,
chiba_boar_damage_city,千葉県 第３次第二種特定鳥獣管理計画（イノシシ）表２,https://www.pref.chiba.lg.jp/shizen/choujuu/jigyoukeikaku/documents/3inosisikeikaku.pdf,-6,,,鋸南町,,イノシシ,被害金額,27385,千円,
chiba_boar_damage_city,千葉県 第３次第二種特定鳥獣管理計画（イノシシ）表２,https://www.pref.chiba.lg.jp/shizen/choujuu/jigyoukeikaku/documents/3inosisikeikaku.pdf,-5,,,鋸南町,,イノシシ,被害金額,17394,千円,
chiba_boar_damage_city,千葉県 第３次第二種特定鳥獣管理計画（イノシシ）表２,https://www.pref.chiba.lg.jp/shizen/choujuu/jigyoukeikaku/documents/3inosisikeikaku.pdf,-4,,,鋸南町,,イノシシ,被害金額,11347,千円,
chiba_boar_damage_city,千葉県 第３次第二種特定鳥獣管理計画（イノシシ）表２,https://www.pref.chiba.lg.jp/shizen/choujuu/jigyoukeikaku/documents/3inosisikeikaku.pdf,-3,,,鋸南町,,イノシシ,被害金額,19952,千円,
chiba_boar_damage_city,千葉県 第３次第二種特定鳥獣管理計画（イノシシ）表２,https://www.pref.chiba.lg.jp/shizen/choujuu/jigyoukeikaku/documents/3inosisikeikaku.pdf,-2,,,鋸南町,,イノシシ,被害金額,20418,千円,
chiba_boar_damage_city,千葉県 第３次第二種特定鳥獣管理計画（イノシシ）表２,https://www.pref.chiba.lg.jp/shizen/choujuu/jigyoukeikaku/documents/3inosisikeikaku.pdf,-1,,,鋸南町,,イノシシ,被害金額,8274,千円,
chiba_boar_damage_city,千葉県 第３次第二種特定鳥獣管理計画（イノシシ）表２,https://www.pref.chiba.lg.jp/shizen/choujuu/jigyoukeikaku/documents/3inosisikeikaku.pdf,0,,,鋸南町,,イノシシ,被害金額,14509,千円,
chiba_boar_damage_city,千葉県 第３次第二種特定鳥獣管理計画（イノシシ）表２,https://www.pref.chiba.lg.jp/shizen/choujuu/jigyoukeikaku/documents/3inosisikeikaku.pdf,1,,,鋸南町,,イノシシ,被害金額,9779,千円,
chiba_boar_damage_city,千葉県 第３次第二種特定鳥獣管理計画（イノシシ）表２,https://www.pref.chiba.lg.jp/shizen/choujuu/jigyoukeikaku/documents/3inosisikeikaku.pdf,2,,,鋸南町,,イノシシ,被害金額,11856,千円,
chiba_boar_damage_city,千葉県 第３次第二種特定鳥獣管理計画（イノシシ）表２,https://www.pref.chiba.lg.jp/shizen/choujuu/jigyoukeikaku/documents/3inosisikeikaku.pdf,-11,,,いすみ市,,イノシシ,被害金額,15300,千円,
chiba_boar_damage_city,千葉県 第３次第二種特定鳥獣管理計画（イノシシ）表２,https://www.pref.chiba.lg.jp/shizen/choujuu/jigyoukeikaku/documents/3inosisikeikaku.pdf,-10,,,いすみ市,,イノシシ,被害金額,15300,千円,
chiba_boar_damage_city,千葉県 第３次第二種特定鳥獣管理計画（イノシシ）表２,https://www.pref.chiba.lg.jp/shizen/choujuu/jigyoukeikaku/documents/3inosisikeikaku.pdf,-9,,,いすみ市,,イノシシ,被害金額,18700,千円,
chiba_boar_damage_city,千葉県 第３次第二種特定鳥獣管理計画（イノシシ）表２,https://www.pref.chiba.lg.jp/shizen/choujuu/jigyoukeikaku/documents/3inosisikeikaku.pdf,-8,,,いすみ市,,イノシシ,被害金額,28050,千円,
chiba_boar_damage_city,千葉県 第３次第二種特定鳥獣管理計画（イノシシ）表２,https://www.pref.chiba.lg.jp/shizen/choujuu/jigyoukeikaku/documents/3inosisikeikaku.pdf,-7,,,いすみ市,,イノシシ,被害金額,32250,千円,
chiba_boar_damage_city,千葉県 第３次第二種特定鳥獣管理計画（イノシシ）表２,https://www.pref.chiba.lg.jp/shizen/choujuu/jigyoukeikaku/documents/3inosisikeikaku.pdf,-6,,,いすみ市,,イノシシ,被害金額,31541,千円,
chiba_boar_damage_city,千葉県 第３次第二種特定鳥獣管理計画（イノシシ）表２,https://www.pref.chiba.lg.jp/shizen/choujuu/jigyoukeikaku/documents/3inosisikeikaku.pdf,-5,,,いすみ市,,イノシシ,被害金額,30226,千円,
chiba_boar_damage_city,千葉県 第３次第二種特定鳥獣管理計画（イノシシ）表２,https://www.pref.chiba.lg.jp/shizen/choujuu/jigyoukeikaku/documents/3inosisikeikaku.pdf,-4,,,いすみ市,,イノシシ,被害金額,28713,千円,
chiba_boar_damage_city,千葉県 第３次第二種特定鳥獣管理計画（イノシシ）表２,https://www.pref.chiba.lg.jp/shizen/choujuu/jigyoukeikaku/documents/3inosisikeikaku.pdf,-3,,,いすみ市,,イノシシ,被害金額,27640,千円,
chiba_boar_damage_city,千葉県 第３次第二種特定鳥獣管理計画（イノシシ）表２,https://www.pref.chiba.lg.jp/shizen/choujuu/jigyoukeikaku/documents/3inosisikeikaku.pdf,-2,,,いすみ市,,イノシシ,被害金額,27611,千円,
chiba_boar_damage_city,千葉県 第３次第二種特定鳥獣管理計画（イノシシ）表２,https://www.pref.chiba.lg.jp/shizen/choujuu/jigyoukeikaku/documents/3inosisikeikaku.pdf,-1,,,いすみ市,,イノシシ,被害金額,23262,千円,
chiba_boar_damage_city,千葉県 第３次第二種特定鳥獣管理計画（イノシシ）表２,https://www.pref.chiba.lg.jp/shizen/choujuu/jigyoukeikaku/documents/3inosisikeikaku.pdf,0,,,いすみ市,,イノシシ,被害金額,20380,千円,
chiba_boar_damage_city,千葉県 第３次第二種特定鳥獣管理計画（イノシシ）表２,https://www.pref.chiba.lg.jp/shizen/choujuu/jigyoukeikaku/documents/3inosisikeikaku.pdf,1,,,いすみ市,,イノシシ,被害金額,17900,千円,
chiba_boar_damage_city,千葉県 第３次第二種特定鳥獣管理計画（イノシシ）表２,https://www.pref.chiba.lg.jp/shizen/choujuu/jigyoukeikaku/documents/3inosisikeikaku.pdf,2,,,いすみ市,,イノシシ,被害金額,25545,千円,
chiba_boar_damage_city,千葉県 第３次第二種特定鳥獣管理計画（イノシシ）表２,https://www.pref.chiba.lg.jp/shizen/choujuu/jigyoukeikaku/documents/3inosisikeikaku.pdf,-11,,,君津市,,イノシシ,被害金額,19473,千円,
chiba_boar_damage_city,千葉県 第３次第二種特定鳥獣管理計画（イノシシ）表２,https://www.pref.chiba.lg.jp/shizen/choujuu/jigyoukeikaku/documents/3inosisikeikaku.pdf,-10,,,君津市,,イノシシ,被害金額,5691,千円,
chiba_boar_damage_city,千葉県 第３次第二種特定鳥獣管理計画（イノシシ）表２,https://www.pref.chiba.lg.jp/shizen/choujuu/jigyoukeikaku/documents/3inosisikeikaku.pdf,-9,,,君津市,,イノシシ,被害金額,9893,千円,
chiba_boar_damage_city,千葉県 第３次第二種特定鳥獣管理計画（イノシシ）表２,https://www.pref.chiba.lg.jp/shizen/choujuu/jigyoukeikaku/documents/3inosisikeikaku.pdf,-8,,,君津市,,イノシシ,被害金額,8842,千円,
chiba_boar_damage_city,千葉県 第３次第二種特定鳥獣管理計画（イノシシ）表２,https://www.pref.chiba.lg.jp/shizen/choujuu/jigyoukeikaku/documents/3inosisikeikaku.pdf,-7,,,君津市,,イノシシ,被害金額,6112,千円,
chiba_boar_damage_city,千葉県 第３次第二種特定鳥獣管理計画（イノシシ）表２,https://www.pref.chiba.lg.jp/shizen/choujuu/jigyoukeikaku/documents/3inosisikeikaku.pdf,-6,,,君津市,,イノシシ,被害金額,6655,千円,
chiba_boar_damage_city,千葉県 第３次第二種特定鳥獣管理計画（イノシシ）表２,https://www.pref.chiba.lg.jp/shizen/choujuu/jigyoukeikaku/documents/3inosisikeikaku.pdf,-5,,,君津市,,イノシシ,被害金額,6869,千円,
chiba_boar_damage_city,千葉県 第３次第二種特定鳥獣管理計画（イノシシ）表２,https://www.pref.chiba.lg.jp/shizen/choujuu/jigyoukeikaku/documents/3inosisikeikaku.pdf,-4,,,君津市,,イノシシ,被害金額,23057,千円,
chiba_boar_damage_city,千葉県 第３次第二種特定鳥獣管理計画（イノシシ）表２,https://www.pref.chiba.lg.jp/shizen/choujuu/jigyoukeikaku/documents/3inosisikeikaku.pdf,-3,,,君津市,,イノシシ,被害金額,18690,千円,
chiba_boar_damage_city,千葉県 第３次第二種特定鳥獣管理計画（イノシシ）表２,https://www.pref.chiba.lg.jp/shizen/choujuu/jigyoukeikaku/documents/3inosisikeikaku.pdf,-2,,,君津市,,イノシシ,被害金額,31624,千円,
chiba_boar_damage_city,千葉県 第３次第二種特定鳥獣管理計画（イノシシ）表２,https://www.pref.chiba.lg.jp/shizen/choujuu/jigyoukeikaku/documents/3inosisikeikaku.pdf,-1,,,君津市,,イノシシ,被害金額,33409,千円,
chiba_boar_damage_city,千葉県 第３次第二種特定鳥獣管理計画（イノシシ）表２,https://www.pref.chiba.lg.jp/shizen/choujuu/jigyoukeikaku/documents/3inosisikeikaku.pdf,0,,,君津市,,イノシシ,被害金額,31224,千円,
chiba_boar_damage_city,千葉県 第３次第二種特定鳥獣管理計画（イノシシ）表２,https://www.pref.chiba.lg.jp/shizen/choujuu/jigyoukeikaku/documents/3inosisikeikaku.pdf,1,,,君津市,,イノシシ,被害金額,19587,千円,
chiba_boar_damage_city,千葉県 第３次第二種特定鳥獣管理計画（イノシシ）表２,https://www.pref.chiba.lg.jp/shizen/choujuu/jigyoukeikaku/documents/3inosisikeikaku.pdf,2,,,君津市,,イノシシ,被害金額,17272,千円,
chiba_boar_damage_city,千葉県 第３次第二種特定鳥獣管理計画（イノシシ）表２,https://www.pref.chiba.lg.jp/shizen/choujuu/jigyoukeikaku/documents/3inosisikeikaku.pdf,-11,,,千葉県,,イノシシ,被害金額,179944,千円,
chiba_boar_damage_city,千葉県 第３次第二種特定鳥獣管理計画（イノシシ）表２,https://www.pref.chiba.lg.jp/shizen/choujuu/jigyoukeikaku/documents/3inosisikeikaku.pdf,-10,,,千葉県,,イノシシ,被害金額,168937,千円,
chiba_boar_damage_city,千葉県 第３次第二種特定鳥獣管理計画（イノシシ）表２,https://www.pref.chiba.lg.jp/shizen/choujuu/jigyoukeikaku/documents/3inosisikeikaku.pdf,-9,,,千葉県,,イノシシ,被害金額,165211,千円,
chiba_boar_damage_city,千葉県 第３次第二種特定鳥獣管理計画（イノシシ）表２,https://www.pref.chiba.lg.jp/shizen/choujuu/jigyoukeikaku/documents/3inosisikeikaku.pdf,-8,,,千葉県,,イノシシ,被害金額,177507,千円,
chiba_boar_damage_city,千葉県 第３次第二種特定鳥獣管理計画（イノシシ）表２,https://www.pref.chiba.lg.jp/shizen/choujuu/jigyoukeikaku/documents/3inosisikeikaku.pdf,-7,,,千葉県,,イノシシ,被害金額,201236,千円,
chiba_boar_damage_city,千葉県 第３次第二種特定鳥獣管理計画（イノシシ）表２,https://www.pref.chiba.lg.jp/shizen/choujuu/jigyoukeikaku/documents/3inosisikeikaku.pdf,-6,,,千葉県,,イノシシ,被害金額,199917,千円,
chiba_boar_damage_city,千葉県 第３次第二種特定鳥獣管理計画（イノシシ）表２,https://www.pref.chiba.lg.jp/shizen/choujuu/jigyoukeikaku/documents/3inosisikeikaku.pdf,-5,,,千葉県,,イノシシ,被害金額,167094,千円,
chiba_boar_damage_city,千葉県 第３次第二種特定鳥獣管理計画（イノシシ）表２,https://www.pref.chiba.lg.jp/shizen/choujuu/jigyoukeikaku/documents/3inosisikeikaku.pdf,-4,,,千葉県,,イノシシ,被害金額,190762,千円,
chiba_boar_damage_city,千葉県 第３次第二種特定鳥獣管理計画（イノシシ）表２,https://www.pref.chiba.lg.jp/shizen/choujuu/jigyoukeikaku/documents/3inosisikeikaku.pdf,-3,,,千葉県,,イノシシ,被害金額,210287,千円,
chiba_boar_damage_city,千葉県 第３次第二種特定鳥獣管理計画（イノシシ）表２,https://www.pref.chiba.lg.jp/shizen/choujuu/jigyoukeikaku/documents/3inosisikeikaku.pdf,-2,,,千葉県,,イノシシ,被害金額,257681,千円,
chiba_boar_damage_city,千葉県 第３次第二種特定鳥獣管理計画（イノシシ）表２,https://www.pref.chiba.lg.jp/shizen/choujuu/jigyoukeikaku/documents/3inosisikeikaku.pdf,-1,,,千葉県,,イノシシ,被害金額,189133,千円,
chiba_boar_damage_city,千葉県 第３次第二種特定鳥獣管理計画（イノシシ）表２,https://www.pref.chiba.lg.jp/shizen/choujuu/jigyoukeikaku/documents/3inosisikeikaku.pdf,0,,,千葉県,,イノシシ,被害金額,241183,千円,
chiba_boar_damage_city,千葉県 第３次第二種特定鳥獣管理計画（イノシシ）表２,https://www.pref.chiba.lg.jp/shizen/choujuu/jigyoukeikaku/documents/3inosisikeikaku.pdf,1,,,千葉県,,イノシシ,被害金額,181574,千円,
chiba_boar_damage_city,千葉県 第３次第二種特定鳥獣管理計画（イノシシ）表２,https://www.pref.chiba.lg.jp/shizen/choujuu/jigyoukeikaku/documents/3inosisikeikaku.pdf,2,,,千葉県,,イノシシ,被害金額,174939,千円,
chiba_damage_city,千葉県 野生鳥獣による農作物被害状況（市町村別）,https://www.pref.chiba.lg.jp/noushin/choujuu/yuugai/documents/r1matome.pdf,1,,,館山市,,全鳥獣,被害面積,11.4,ha,
chiba_damage_city,千葉県 野生鳥獣による農作物被害状況（市町村別）,https://www.pref.chiba.lg.jp/noushin/choujuu/yuugai/documents/r1matome.pdf,1,,,館山市,,全鳥獣,被害量,58.7,t,
chiba_damage_city,千葉県 野生鳥獣による農作物被害状況（市町村別）,https://www.pref.chiba.lg.jp/noushin/choujuu/yuugai/documents/r1matome.pdf,1,,,館山市,,全鳥獣,被害金額,20841.0,千円,
chiba_damage_city,千葉県 野生鳥獣による農作物被害状況（市町村別）,https://www.pref.chiba.lg.jp/noushin/choujuu/yuugai/documents/r1matome.pdf,1,,,鴨川市,,全鳥獣,被害面積,11.7,ha,
chiba_damage_city,千葉県 野生鳥獣による農作物被害状況（市町村別）,https://www.pref.chiba.lg.jp/noushin/choujuu/yuugai/documents/r1matome.pdf,1,,,鴨川市,,全鳥獣,被害量,51.1,t,
chiba_damage_city,千葉県 野生鳥獣による農作物被害状況（市町村別）,https://www.pref.chiba.lg.jp/noushin/choujuu/yuugai/documents/r1matome.pdf,1,,,鴨川市,,全鳥獣,被害金額,11877.0,千円,
chiba_damage_city,千葉県 野生鳥獣による農作物被害状況（市町村別）,https://www.pref.chiba.lg.jp/noushin/choujuu/yuugai/documents/r1matome.pdf,1,,,南房総市,,全鳥獣,被害面積,24.8,ha,
chiba_damage_city,千葉県 野生鳥獣による農作物被害状況（市町村別）,https://www.pref.chiba.lg.jp/noushin/choujuu/yuugai/documents/r1matome.pdf,1,,,南房総市,,全鳥獣,被害量,576.4,t,
chiba_damage_city,千葉県 野生鳥獣による農作物被害状況（市町村別）,https://www.pref.chiba.lg.jp/noushin/choujuu/yuugai/documents/r1matome.pdf,1,,,南房総市,,全鳥獣,被害金額,34016.0,千円,
chiba_damage_city,千葉県 野生鳥獣による農作物被害状況（市町村別）,https://www.pref.chiba.lg.jp/noushin/choujuu/yuugai/documents/r1matome.pdf,1,,,鋸南町,,全鳥獣,被害面積,11.4,ha,
chiba_damage_city,千葉県 野生鳥獣による農作物被害状況（市町村別）,https://www.pref.chiba.lg.jp/noushin/choujuu/yuugai/documents/r1matome.pdf,1,,,鋸南町,,全鳥獣,被害量,27.3,t,
chiba_damage_city,千葉県 野生鳥獣による農作物被害状況（市町村別）,https://www.pref.chiba.lg.jp/noushin/choujuu/yuugai/documents/r1matome.pdf,1,,,鋸南町,,全鳥獣,被害金額,20024.0,千円,
chiba_damage_city,千葉県 野生鳥獣による農作物被害状況（市町村別）,https://www.pref.chiba.lg.jp/noushin/choujuu/yuugai/documents/r2matome.pdf,2,,,館山市,,全鳥獣,被害面積,16.8,ha,
chiba_damage_city,千葉県 野生鳥獣による農作物被害状況（市町村別）,https://www.pref.chiba.lg.jp/noushin/choujuu/yuugai/documents/r2matome.pdf,2,,,館山市,,全鳥獣,被害量,49.2,t,
chiba_damage_city,千葉県 野生鳥獣による農作物被害状況（市町村別）,https://www.pref.chiba.lg.jp/noushin/choujuu/yuugai/documents/r2matome.pdf,2,,,館山市,,全鳥獣,被害金額,27845.0,千円,
chiba_damage_city,千葉県 野生鳥獣による農作物被害状況（市町村別）,https://www.pref.chiba.lg.jp/noushin/choujuu/yuugai/documents/r2matome.pdf,2,,,鴨川市,,全鳥獣,被害面積,12.6,ha,
chiba_damage_city,千葉県 野生鳥獣による農作物被害状況（市町村別）,https://www.pref.chiba.lg.jp/noushin/choujuu/yuugai/documents/r2matome.pdf,2,,,鴨川市,,全鳥獣,被害量,51.1,t,
chiba_damage_city,千葉県 野生鳥獣による農作物被害状況（市町村別）,https://www.pref.chiba.lg.jp/noushin/choujuu/yuugai/documents/r2matome.pdf,2,,,鴨川市,,全鳥獣,被害金額,12627.0,千円,
chiba_damage_city,千葉県 野生鳥獣による農作物被害状況（市町村別）,https://www.pref.chiba.lg.jp/noushin/choujuu/yuugai/documents/r2matome.pdf,2,,,南房総市,,全鳥獣,被害面積,11.0,ha,
chiba_damage_city,千葉県 野生鳥獣による農作物被害状況（市町村別）,https://www.pref.chiba.lg.jp/noushin/choujuu/yuugai/documents/r2matome.pdf,2,,,南房総市,,全鳥獣,被害量,92.0,t,
chiba_damage_city,千葉県 野生鳥獣による農作物被害状況（市町村別）,https://www.pref.chiba.lg.jp/noushin/choujuu/yuugai/documents/r2matome.pdf,2,,,南房総市,,全鳥獣,被害金額,15366.0,千円,
chiba_damage_city,千葉県 野生鳥獣による農作物被害状況（市町村別）,https://www.pref.chiba.lg.jp/noushin/choujuu/yuugai/documents/r2matome.pdf,2,,,鋸南町,,全鳥獣,被害面積,12.0,ha,
chiba_damage_city,千葉県 野生鳥獣による農作物被害状況（市町村別）,https://www.pref.chiba.lg.jp/noushin/choujuu/yuugai/documents/r2matome.pdf,2,,,鋸南町,,全鳥獣,被害量,104.0,t,
chiba_damage_city,千葉県 野生鳥獣による農作物被害状況（市町村別）,https://www.pref.chiba.lg.jp/noushin/choujuu/yuugai/documents/r2matome.pdf,2,,,鋸南町,,全鳥獣,被害金額,19794.0,千円,
chiba_damage_city,千葉県 野生鳥獣による農作物被害状況（市町村別）,https://www.pref.chiba.lg.jp/noushin/choujuu/yuugai/documents/r4matome.pdf,4,,,館山市,,全鳥獣,被害面積,6.2,ha,
chiba_damage_city,千葉県 野生鳥獣による農作物被害状況（市町村別）,https://www.pref.chiba.lg.jp/noushin/choujuu/yuugai/documents/r4matome.pdf,4,,,館山市,,全鳥獣,被害量,118.4,t,
chiba_damage_city,千葉県 野生鳥獣による農作物被害状況（市町村別）,https://www.pref.chiba.lg.jp/noushin/choujuu/yuugai/documents/r4matome.pdf,4,,,館山市,,全鳥獣,被害金額,9362.0,千円,
chiba_damage_city,千葉県 野生鳥獣による農作物被害状況（市町村別）,https://www.pref.chiba.lg.jp/noushin/choujuu/yuugai/documents/r4matome.pdf,4,,,鴨川市,,全鳥獣,被害面積,31.0,ha,
chiba_damage_city,千葉県 野生鳥獣による農作物被害状況（市町村別）,https://www.pref.chiba.lg.jp/noushin/choujuu/yuugai/documents/r4matome.pdf,4,,,鴨川市,,全鳥獣,被害量,42.7,t,
chiba_damage_city,千葉県 野生鳥獣による農作物被害状況（市町村別）,https://www.pref.chiba.lg.jp/noushin/choujuu/yuugai/documents/r4matome.pdf,4,,,鴨川市,,全鳥獣,被害金額,9904.0,千円,
chiba_damage_city,千葉県 野生鳥獣による農作物被害状況（市町村別）,https://www.pref.chiba.lg.jp/noushin/choujuu/yuugai/documents/r4matome.pdf,4,,,南房総市,,全鳥獣,被害面積,7.2,ha,
chiba_damage_city,千葉県 野生鳥獣による農作物被害状況（市町村別）,https://www.pref.chiba.lg.jp/noushin/choujuu/yuugai/documents/r4matome.pdf,4,,,南房総市,,全鳥獣,被害量,45.4,t,
chiba_damage_city,千葉県 野生鳥獣による農作物被害状況（市町村別）,https://www.pref.chiba.lg.jp/noushin/choujuu/yuugai/documents/r4matome.pdf,4,,,南房総市,,全鳥獣,被害金額,13488.0,千円,
chiba_damage_city,千葉県 野生鳥獣による農作物被害状況（市町村別）,https://www.pref.chiba.lg.jp/noushin/choujuu/yuugai/documents/r4matome.pdf,4,,,鋸南町,,全鳥獣,被害面積,6.5,ha,
chiba_damage_city,千葉県 野生鳥獣による農作物被害状況（市町村別）,https://www.pref.chiba.lg.jp/noushin/choujuu/yuugai/documents/r4matome.pdf,4,,,鋸南町,,全鳥獣,被害量,20.8,t,
chiba_damage_city,千葉県 野生鳥獣による農作物被害状況（市町村別）,https://www.pref.chiba.lg.jp/noushin/choujuu/yuugai/documents/r4matome.pdf,4,,,鋸南町,,全鳥獣,被害金額,9053.0,千円,
chiba_damage_city,千葉県 野生鳥獣による農作物被害状況（市町村別）,https://www.pref.chiba.lg.jp/noushin/choujuu/yuugai/documents/r5sityousonhigai.pdf,5,,,館山市,,全鳥獣,被害面積,3.7,ha,
chiba_damage_city,千葉県 野生鳥獣による農作物被害状況（市町村別）,https://www.pref.chiba.lg.jp/noushin/choujuu/yuugai/documents/r5sityousonhigai.pdf,5,,,館山市,,全鳥獣,被害量,53.4,t,
chiba_damage_city,千葉県 野生鳥獣による農作物被害状況（市町村別）,https://www.pref.chiba.lg.jp/noushin/choujuu/yuugai/documents/r5sityousonhigai.pdf,5,,,館山市,,全鳥獣,被害金額,9631.0,千円,
chiba_damage_city,千葉県 野生鳥獣による農作物被害状況（市町村別）,https://www.pref.chiba.lg.jp/noushin/choujuu/yuugai/documents/r5sityousonhigai.pdf,5,,,鴨川市,,全鳥獣,被害面積,65.0,ha,
chiba_damage_city,千葉県 野生鳥獣による農作物被害状況（市町村別）,https://www.pref.chiba.lg.jp/noushin/choujuu/yuugai/documents/r5sityousonhigai.pdf,5,,,鴨川市,,全鳥獣,被害量,73.9,t,
chiba_damage_city,千葉県 野生鳥獣による農作物被害状況（市町村別）,https://www.pref.chiba.lg.jp/noushin/choujuu/yuugai/documents/r5sityousonhigai.pdf,5,,,鴨川市,,全鳥獣,被害金額,17552.0,千円,
chiba_damage_city,千葉県 野生鳥獣による農作物被害状況（市町村別）,https://www.pref.chiba.lg.jp/noushin/choujuu/yuugai/documents/r5sityousonhigai.pdf,5,,,南房総市,,全鳥獣,被害面積,12.1,ha,
chiba_damage_city,千葉県 野生鳥獣による農作物被害状況（市町村別）,https://www.pref.chiba.lg.jp/noushin/choujuu/yuugai/documents/r5sityousonhigai.pdf,5,,,南房総市,,全鳥獣,被害量,111.9,t,
chiba_damage_city,千葉県 野生鳥獣による農作物被害状況（市町村別）,https://www.pref.chiba.lg.jp/noushin/choujuu/yuugai/documents/r5sityousonhigai.pdf,5,,,南房総市,,全鳥獣,被害金額,19945.0,千円,
chiba_damage_city,千葉県 野生鳥獣による農作物被害状況（市町村別）,https://www.pref.chiba.lg.jp/noushin/choujuu/yuugai/documents/r5sityousonhigai.pdf,5,,,鋸南町,,全鳥獣,被害面積,9.4,ha,
chiba_damage_city,千葉県 野生鳥獣による農作物被害状況（市町村別）,https://www.pref.chiba.lg.jp/noushin/choujuu/yuugai/documents/r5sityousonhigai.pdf,5,,,鋸南町,,全鳥獣,被害量,257.1,t,
chiba_damage_city,千葉県 野生鳥獣による農作物被害状況（市町村別）,https://www.pref.chiba.lg.jp/noushin/choujuu/yuugai/documents/r5sityousonhigai.pdf,5,,,鋸南町,,全鳥獣,被害金額,16689.0,千円,
chiba_damage_city,千葉県 野生鳥獣による農作物被害状況（市町村別）,https://www.pref.chiba.lg.jp/noushin/choujuu/yuugai/documents/r6shityousonhigai.pdf,6,,,館山市,,全鳥獣,被害面積,5.3,ha,
chiba_damage_city,千葉県 野生鳥獣による農作物被害状況（市町村別）,https://www.pref.chiba.lg.jp/noushin/choujuu/yuugai/documents/r6shityousonhigai.pdf,6,,,館山市,,全鳥獣,被害量,61.2,t,
chiba_damage_city,千葉県 野生鳥獣による農作物被害状況（市町村別）,https://www.pref.chiba.lg.jp/noushin/choujuu/yuugai/documents/r6shityousonhigai.pdf,6,,,館山市,,全鳥獣,被害金額,25701.0,千円,
chiba_damage_city,千葉県 野生鳥獣による農作物被害状況（市町村別）,https://www.pref.chiba.lg.jp/noushin/choujuu/yuugai/documents/r6shityousonhigai.pdf,6,,,鴨川市,,全鳥獣,被害面積,18.5,ha,
chiba_damage_city,千葉県 野生鳥獣による農作物被害状況（市町村別）,https://www.pref.chiba.lg.jp/noushin/choujuu/yuugai/documents/r6shityousonhigai.pdf,6,,,鴨川市,,全鳥獣,被害量,91.9,t,
chiba_damage_city,千葉県 野生鳥獣による農作物被害状況（市町村別）,https://www.pref.chiba.lg.jp/noushin/choujuu/yuugai/documents/r6shityousonhigai.pdf,6,,,鴨川市,,全鳥獣,被害金額,24934.0,千円,
chiba_damage_city,千葉県 野生鳥獣による農作物被害状況（市町村別）,https://www.pref.chiba.lg.jp/noushin/choujuu/yuugai/documents/r6shityousonhigai.pdf,6,,,南房総市,,全鳥獣,被害面積,8.4,ha,
chiba_damage_city,千葉県 野生鳥獣による農作物被害状況（市町村別）,https://www.pref.chiba.lg.jp/noushin/choujuu/yuugai/documents/r6shityousonhigai.pdf,6,,,南房総市,,全鳥獣,被害量,96.1,t,
chiba_damage_city,千葉県 野生鳥獣による農作物被害状況（市町村別）,https://www.pref.chiba.lg.jp/noushin/choujuu/yuugai/documents/r6shityousonhigai.pdf,6,,,南房総市,,全鳥獣,被害金額,14735.0,千円,
chiba_damage_city,千葉県 野生鳥獣による農作物被害状況（市町村別）,https://www.pref.chiba.lg.jp/noushin/choujuu/yuugai/documents/r6shityousonhigai.pdf,6,,,鋸南町,,全鳥獣,被害面積,6.4,ha,
chiba_damage_city,千葉県 野生鳥獣による農作物被害状況（市町村別）,https://www.pref.chiba.lg.jp/noushin/choujuu/yuugai/documents/r6shityousonhigai.pdf,6,,,鋸南町,,全鳥獣,被害量,92.2,t,
chiba_damage_city,千葉県 野生鳥獣による農作物被害状況（市町村別）,https://www.pref.chiba.lg.jp/noushin/choujuu/yuugai/documents/r6shityousonhigai.pdf,6,,,鋸南町,,全鳥獣,被害金額,9153.0,千円,
chiba_damage_city,千葉県 野生鳥獣による農作物被害状況（市町村別）,https://www.pref.chiba.lg.jp/noushin/choujuu/yuugai/documents/r7shichousonhigai.pdf,7,,,館山市,,全鳥獣,被害面積,8.0,ha,
chiba_damage_city,千葉県 野生鳥獣による農作物被害状況（市町村別）,https://www.pref.chiba.lg.jp/noushin/choujuu/yuugai/documents/r7shichousonhigai.pdf,7,,,館山市,,全鳥獣,被害量,56.9,t,
chiba_damage_city,千葉県 野生鳥獣による農作物被害状況（市町村別）,https://www.pref.chiba.lg.jp/noushin/choujuu/yuugai/documents/r7shichousonhigai.pdf,7,,,館山市,,全鳥獣,被害金額,17063.0,千円,
chiba_damage_city,千葉県 野生鳥獣による農作物被害状況（市町村別）,https://www.pref.chiba.lg.jp/noushin/choujuu/yuugai/documents/r7shichousonhigai.pdf,7,,,鴨川市,,全鳥獣,被害面積,13.5,ha,
chiba_damage_city,千葉県 野生鳥獣による農作物被害状況（市町村別）,https://www.pref.chiba.lg.jp/noushin/choujuu/yuugai/documents/r7shichousonhigai.pdf,7,,,鴨川市,,全鳥獣,被害量,95.9,t,
chiba_damage_city,千葉県 野生鳥獣による農作物被害状況（市町村別）,https://www.pref.chiba.lg.jp/noushin/choujuu/yuugai/documents/r7shichousonhigai.pdf,7,,,鴨川市,,全鳥獣,被害金額,26546.0,千円,
chiba_damage_city,千葉県 野生鳥獣による農作物被害状況（市町村別）,https://www.pref.chiba.lg.jp/noushin/choujuu/yuugai/documents/r7shichousonhigai.pdf,7,,,南房総市,,全鳥獣,被害面積,10.0,ha,
chiba_damage_city,千葉県 野生鳥獣による農作物被害状況（市町村別）,https://www.pref.chiba.lg.jp/noushin/choujuu/yuugai/documents/r7shichousonhigai.pdf,7,,,南房総市,,全鳥獣,被害量,77.9,t,
chiba_damage_city,千葉県 野生鳥獣による農作物被害状況（市町村別）,https://www.pref.chiba.lg.jp/noushin/choujuu/yuugai/documents/r7shichousonhigai.pdf,7,,,南房総市,,全鳥獣,被害金額,21707.0,千円,
chiba_damage_city,千葉県 野生鳥獣による農作物被害状況（市町村別）,https://www.pref.chiba.lg.jp/noushin/choujuu/yuugai/documents/r7shichousonhigai.pdf,7,,,鋸南町,,全鳥獣,被害面積,7.6,ha,
chiba_damage_city,千葉県 野生鳥獣による農作物被害状況（市町村別）,https://www.pref.chiba.lg.jp/noushin/choujuu/yuugai/documents/r7shichousonhigai.pdf,7,,,鋸南町,,全鳥獣,被害量,18.8,t,
chiba_damage_city,千葉県 野生鳥獣による農作物被害状況（市町村別）,https://www.pref.chiba.lg.jp/noushin/choujuu/yuugai/documents/r7shichousonhigai.pdf,7,,,鋸南町,,全鳥獣,被害金額,6121.0,千円,
chiba_damage_city,千葉県 令和３年度 鳥獣別市町村別被害金額一覧,https://www.pref.chiba.lg.jp/noushin/choujuu/yuugai/documents/r3matome.pdf,3,,,館山市,,全鳥獣,被害金額,27661,千円,
chiba_damage_city,千葉県 令和３年度 鳥獣別市町村別被害金額一覧,https://www.pref.chiba.lg.jp/noushin/choujuu/yuugai/documents/r3matome.pdf,3,,,南房総市,,全鳥獣,被害金額,12142,千円,
chiba_damage_city,千葉県 令和３年度 鳥獣別市町村別被害金額一覧,https://www.pref.chiba.lg.jp/noushin/choujuu/yuugai/documents/r3matome.pdf,3,,,鴨川市,,全鳥獣,被害金額,9732,千円,
chiba_damage_city,千葉県 令和３年度 鳥獣別市町村別被害金額一覧,https://www.pref.chiba.lg.jp/noushin/choujuu/yuugai/documents/r3matome.pdf,3,,,鋸南町,,全鳥獣,被害金額,14741,千円,
chiba_damage_species,千葉県 野生鳥獣による農作物被害状況の推移（R3–R7）,https://www.pref.chiba.lg.jp/noushin/choujuu/yuugai/documents/r3-r7higai.pdf,3,,,千葉県,,イノシシ,被害金額,124694,千円,R6以降は調査要領改正で単純比較不可
chiba_damage_species,千葉県 野生鳥獣による農作物被害状況の推移（R3–R7）,https://www.pref.chiba.lg.jp/noushin/choujuu/yuugai/documents/r3-r7higai.pdf,3,,,千葉県,,イノシシ,被害面積,131.0,ha,
chiba_damage_species,千葉県 野生鳥獣による農作物被害状況の推移（R3–R7）,https://www.pref.chiba.lg.jp/noushin/choujuu/yuugai/documents/r3-r7higai.pdf,4,,,千葉県,,イノシシ,被害金額,117338,千円,R6以降は調査要領改正で単純比較不可
chiba_damage_species,千葉県 野生鳥獣による農作物被害状況の推移（R3–R7）,https://www.pref.chiba.lg.jp/noushin/choujuu/yuugai/documents/r3-r7higai.pdf,4,,,千葉県,,イノシシ,被害面積,116.6,ha,
chiba_damage_species,千葉県 野生鳥獣による農作物被害状況の推移（R3–R7）,https://www.pref.chiba.lg.jp/noushin/choujuu/yuugai/documents/r3-r7higai.pdf,5,,,千葉県,,イノシシ,被害金額,140922,千円,R6以降は調査要領改正で単純比較不可
chiba_damage_species,千葉県 野生鳥獣による農作物被害状況の推移（R3–R7）,https://www.pref.chiba.lg.jp/noushin/choujuu/yuugai/documents/r3-r7higai.pdf,5,,,千葉県,,イノシシ,被害面積,137.2,ha,
chiba_damage_species,千葉県 野生鳥獣による農作物被害状況の推移（R3–R7）,https://www.pref.chiba.lg.jp/noushin/choujuu/yuugai/documents/r3-r7higai.pdf,6,,,千葉県,,イノシシ,被害金額,149120,千円,R6以降は調査要領改正で単純比較不可
chiba_damage_species,千葉県 野生鳥獣による農作物被害状況の推移（R3–R7）,https://www.pref.chiba.lg.jp/noushin/choujuu/yuugai/documents/r3-r7higai.pdf,6,,,千葉県,,イノシシ,被害面積,116.5,ha,
chiba_damage_species,千葉県 野生鳥獣による農作物被害状況の推移（R3–R7）,https://www.pref.chiba.lg.jp/noushin/choujuu/yuugai/documents/r3-r7higai.pdf,7,,,千葉県,,イノシシ,被害金額,169829,千円,R6以降は調査要領改正で単純比較不可
chiba_damage_species,千葉県 野生鳥獣による農作物被害状況の推移（R3–R7）,https://www.pref.chiba.lg.jp/noushin/choujuu/yuugai/documents/r3-r7higai.pdf,7,,,千葉県,,イノシシ,被害面積,117.6,ha,
chiba_damage_species,千葉県 野生鳥獣による農作物被害状況の推移（R3–R7）,https://www.pref.chiba.lg.jp/noushin/choujuu/yuugai/documents/r3-r7higai.pdf,3,,,千葉県,,サル,被害金額,25672,千円,R6以降は調査要領改正で単純比較不可
chiba_damage_species,千葉県 野生鳥獣による農作物被害状況の推移（R3–R7）,https://www.pref.chiba.lg.jp/noushin/choujuu/yuugai/documents/r3-r7higai.pdf,3,,,千葉県,,サル,被害面積,16.4,ha,
chiba_damage_species,千葉県 野生鳥獣による農作物被害状況の推移（R3–R7）,https://www.pref.chiba.lg.jp/noushin/choujuu/yuugai/documents/r3-r7higai.pdf,4,,,千葉県,,サル,被害金額,20095,千円,R6以降は調査要領改正で単純比較不可
chiba_damage_species,千葉県 野生鳥獣による農作物被害状況の推移（R3–R7）,https://www.pref.chiba.lg.jp/noushin/choujuu/yuugai/documents/r3-r7higai.pdf,4,,,千葉県,,サル,被害面積,20.7,ha,
chiba_damage_species,千葉県 野生鳥獣による農作物被害状況の推移（R3–R7）,https://www.pref.chiba.lg.jp/noushin/choujuu/yuugai/documents/r3-r7higai.pdf,5,,,千葉県,,サル,被害金額,24657,千円,R6以降は調査要領改正で単純比較不可
chiba_damage_species,千葉県 野生鳥獣による農作物被害状況の推移（R3–R7）,https://www.pref.chiba.lg.jp/noushin/choujuu/yuugai/documents/r3-r7higai.pdf,5,,,千葉県,,サル,被害面積,23.0,ha,
chiba_damage_species,千葉県 野生鳥獣による農作物被害状況の推移（R3–R7）,https://www.pref.chiba.lg.jp/noushin/choujuu/yuugai/documents/r3-r7higai.pdf,6,,,千葉県,,サル,被害金額,17020,千円,R6以降は調査要領改正で単純比較不可
chiba_damage_species,千葉県 野生鳥獣による農作物被害状況の推移（R3–R7）,https://www.pref.chiba.lg.jp/noushin/choujuu/yuugai/documents/r3-r7higai.pdf,6,,,千葉県,,サル,被害面積,9.9,ha,
chiba_damage_species,千葉県 野生鳥獣による農作物被害状況の推移（R3–R7）,https://www.pref.chiba.lg.jp/noushin/choujuu/yuugai/documents/r3-r7higai.pdf,7,,,千葉県,,サル,被害金額,21023,千円,R6以降は調査要領改正で単純比較不可
chiba_damage_species,千葉県 野生鳥獣による農作物被害状況の推移（R3–R7）,https://www.pref.chiba.lg.jp/noushin/choujuu/yuugai/documents/r3-r7higai.pdf,7,,,千葉県,,サル,被害面積,10.7,ha,
chiba_damage_species,千葉県 野生鳥獣による農作物被害状況の推移（R3–R7）,https://www.pref.chiba.lg.jp/noushin/choujuu/yuugai/documents/r3-r7higai.pdf,3,,,千葉県,,シカ,被害金額,13688,千円,R6以降は調査要領改正で単純比較不可
chiba_damage_species,千葉県 野生鳥獣による農作物被害状況の推移（R3–R7）,https://www.pref.chiba.lg.jp/noushin/choujuu/yuugai/documents/r3-r7higai.pdf,3,,,千葉県,,シカ,被害面積,12.9,ha,
chiba_damage_species,千葉県 野生鳥獣による農作物被害状況の推移（R3–R7）,https://www.pref.chiba.lg.jp/noushin/choujuu/yuugai/documents/r3-r7higai.pdf,4,,,千葉県,,シカ,被害金額,7976,千円,R6以降は調査要領改正で単純比較不可
chiba_damage_species,千葉県 野生鳥獣による農作物被害状況の推移（R3–R7）,https://www.pref.chiba.lg.jp/noushin/choujuu/yuugai/documents/r3-r7higai.pdf,4,,,千葉県,,シカ,被害面積,10.3,ha,
chiba_damage_species,千葉県 野生鳥獣による農作物被害状況の推移（R3–R7）,https://www.pref.chiba.lg.jp/noushin/choujuu/yuugai/documents/r3-r7higai.pdf,5,,,千葉県,,シカ,被害金額,12048,千円,R6以降は調査要領改正で単純比較不可
chiba_damage_species,千葉県 野生鳥獣による農作物被害状況の推移（R3–R7）,https://www.pref.chiba.lg.jp/noushin/choujuu/yuugai/documents/r3-r7higai.pdf,5,,,千葉県,,シカ,被害面積,16.8,ha,
chiba_damage_species,千葉県 野生鳥獣による農作物被害状況の推移（R3–R7）,https://www.pref.chiba.lg.jp/noushin/choujuu/yuugai/documents/r3-r7higai.pdf,6,,,千葉県,,シカ,被害金額,12606,千円,R6以降は調査要領改正で単純比較不可
chiba_damage_species,千葉県 野生鳥獣による農作物被害状況の推移（R3–R7）,https://www.pref.chiba.lg.jp/noushin/choujuu/yuugai/documents/r3-r7higai.pdf,6,,,千葉県,,シカ,被害面積,11.0,ha,
chiba_damage_species,千葉県 野生鳥獣による農作物被害状況の推移（R3–R7）,https://www.pref.chiba.lg.jp/noushin/choujuu/yuugai/documents/r3-r7higai.pdf,7,,,千葉県,,シカ,被害金額,11002,千円,R6以降は調査要領改正で単純比較不可
chiba_damage_species,千葉県 野生鳥獣による農作物被害状況の推移（R3–R7）,https://www.pref.chiba.lg.jp/noushin/choujuu/yuugai/documents/r3-r7higai.pdf,7,,,千葉県,,シカ,被害面積,9.1,ha,
chiba_damage_species,千葉県 野生鳥獣による農作物被害状況の推移（R3–R7）,https://www.pref.chiba.lg.jp/noushin/choujuu/yuugai/documents/r3-r7higai.pdf,3,,,千葉県,,ハクビシン,被害金額,17237,千円,R6以降は調査要領改正で単純比較不可
chiba_damage_species,千葉県 野生鳥獣による農作物被害状況の推移（R3–R7）,https://www.pref.chiba.lg.jp/noushin/choujuu/yuugai/documents/r3-r7higai.pdf,3,,,千葉県,,ハクビシン,被害面積,18.2,ha,
chiba_damage_species,千葉県 野生鳥獣による農作物被害状況の推移（R3–R7）,https://www.pref.chiba.lg.jp/noushin/choujuu/yuugai/documents/r3-r7higai.pdf,4,,,千葉県,,ハクビシン,被害金額,18796,千円,R6以降は調査要領改正で単純比較不可
chiba_damage_species,千葉県 野生鳥獣による農作物被害状況の推移（R3–R7）,https://www.pref.chiba.lg.jp/noushin/choujuu/yuugai/documents/r3-r7higai.pdf,4,,,千葉県,,ハクビシン,被害面積,15.8,ha,
chiba_damage_species,千葉県 野生鳥獣による農作物被害状況の推移（R3–R7）,https://www.pref.chiba.lg.jp/noushin/choujuu/yuugai/documents/r3-r7higai.pdf,5,,,千葉県,,ハクビシン,被害金額,28508,千円,R6以降は調査要領改正で単純比較不可
chiba_damage_species,千葉県 野生鳥獣による農作物被害状況の推移（R3–R7）,https://www.pref.chiba.lg.jp/noushin/choujuu/yuugai/documents/r3-r7higai.pdf,5,,,千葉県,,ハクビシン,被害面積,16.4,ha,
chiba_damage_species,千葉県 野生鳥獣による農作物被害状況の推移（R3–R7）,https://www.pref.chiba.lg.jp/noushin/choujuu/yuugai/documents/r3-r7higai.pdf,6,,,千葉県,,ハクビシン,被害金額,40350,千円,R6以降は調査要領改正で単純比較不可
chiba_damage_species,千葉県 野生鳥獣による農作物被害状況の推移（R3–R7）,https://www.pref.chiba.lg.jp/noushin/choujuu/yuugai/documents/r3-r7higai.pdf,6,,,千葉県,,ハクビシン,被害面積,12.0,ha,
chiba_damage_species,千葉県 野生鳥獣による農作物被害状況の推移（R3–R7）,https://www.pref.chiba.lg.jp/noushin/choujuu/yuugai/documents/r3-r7higai.pdf,7,,,千葉県,,ハクビシン,被害金額,34743,千円,R6以降は調査要領改正で単純比較不可
chiba_damage_species,千葉県 野生鳥獣による農作物被害状況の推移（R3–R7）,https://www.pref.chiba.lg.jp/noushin/choujuu/yuugai/documents/r3-r7higai.pdf,7,,,千葉県,,ハクビシン,被害面積,6.9,ha,
chiba_damage_species,千葉県 野生鳥獣による農作物被害状況の推移（R3–R7）,https://www.pref.chiba.lg.jp/noushin/choujuu/yuugai/documents/r3-r7higai.pdf,3,,,千葉県,,タヌキ,被害金額,10377,千円,R6以降は調査要領改正で単純比較不可
chiba_damage_species,千葉県 野生鳥獣による農作物被害状況の推移（R3–R7）,https://www.pref.chiba.lg.jp/noushin/choujuu/yuugai/documents/r3-r7higai.pdf,3,,,千葉県,,タヌキ,被害面積,13.4,ha,
chiba_damage_species,千葉県 野生鳥獣による農作物被害状況の推移（R3–R7）,https://www.pref.chiba.lg.jp/noushin/choujuu/yuugai/documents/r3-r7higai.pdf,4,,,千葉県,,タヌキ,被害金額,10348,千円,R6以降は調査要領改正で単純比較不可
chiba_damage_species,千葉県 野生鳥獣による農作物被害状況の推移（R3–R7）,https://www.pref.chiba.lg.jp/noushin/choujuu/yuugai/documents/r3-r7higai.pdf,4,,,千葉県,,タヌキ,被害面積,10.3,ha,
chiba_damage_species,千葉県 野生鳥獣による農作物被害状況の推移（R3–R7）,https://www.pref.chiba.lg.jp/noushin/choujuu/yuugai/documents/r3-r7higai.pdf,5,,,千葉県,,タヌキ,被害金額,11208,千円,R6以降は調査要領改正で単純比較不可
chiba_damage_species,千葉県 野生鳥獣による農作物被害状況の推移（R3–R7）,https://www.pref.chiba.lg.jp/noushin/choujuu/yuugai/documents/r3-r7higai.pdf,5,,,千葉県,,タヌキ,被害面積,11.3,ha,
chiba_damage_species,千葉県 野生鳥獣による農作物被害状況の推移（R3–R7）,https://www.pref.chiba.lg.jp/noushin/choujuu/yuugai/documents/r3-r7higai.pdf,6,,,千葉県,,タヌキ,被害金額,13358,千円,R6以降は調査要領改正で単純比較不可
chiba_damage_species,千葉県 野生鳥獣による農作物被害状況の推移（R3–R7）,https://www.pref.chiba.lg.jp/noushin/choujuu/yuugai/documents/r3-r7higai.pdf,6,,,千葉県,,タヌキ,被害面積,7.4,ha,
chiba_damage_species,千葉県 野生鳥獣による農作物被害状況の推移（R3–R7）,https://www.pref.chiba.lg.jp/noushin/choujuu/yuugai/documents/r3-r7higai.pdf,7,,,千葉県,,タヌキ,被害金額,9227,千円,R6以降は調査要領改正で単純比較不可
chiba_damage_species,千葉県 野生鳥獣による農作物被害状況の推移（R3–R7）,https://www.pref.chiba.lg.jp/noushin/choujuu/yuugai/documents/r3-r7higai.pdf,7,,,千葉県,,タヌキ,被害面積,2.1,ha,
chiba_damage_species,千葉県 野生鳥獣による農作物被害状況の推移（R3–R7）,https://www.pref.chiba.lg.jp/noushin/choujuu/yuugai/documents/r3-r7higai.pdf,3,,,千葉県,,アライグマ,被害金額,25035,千円,R6以降は調査要領改正で単純比較不可
chiba_damage_species,千葉県 野生鳥獣による農作物被害状況の推移（R3–R7）,https://www.pref.chiba.lg.jp/noushin/choujuu/yuugai/documents/r3-r7higai.pdf,3,,,千葉県,,アライグマ,被害面積,22.8,ha,
chiba_damage_species,千葉県 野生鳥獣による農作物被害状況の推移（R3–R7）,https://www.pref.chiba.lg.jp/noushin/choujuu/yuugai/documents/r3-r7higai.pdf,4,,,千葉県,,アライグマ,被害金額,30578,千円,R6以降は調査要領改正で単純比較不可
chiba_damage_species,千葉県 野生鳥獣による農作物被害状況の推移（R3–R7）,https://www.pref.chiba.lg.jp/noushin/choujuu/yuugai/documents/r3-r7higai.pdf,4,,,千葉県,,アライグマ,被害面積,21.9,ha,
chiba_damage_species,千葉県 野生鳥獣による農作物被害状況の推移（R3–R7）,https://www.pref.chiba.lg.jp/noushin/choujuu/yuugai/documents/r3-r7higai.pdf,5,,,千葉県,,アライグマ,被害金額,31036,千円,R6以降は調査要領改正で単純比較不可
chiba_damage_species,千葉県 野生鳥獣による農作物被害状況の推移（R3–R7）,https://www.pref.chiba.lg.jp/noushin/choujuu/yuugai/documents/r3-r7higai.pdf,5,,,千葉県,,アライグマ,被害面積,22.5,ha,
chiba_damage_species,千葉県 野生鳥獣による農作物被害状況の推移（R3–R7）,https://www.pref.chiba.lg.jp/noushin/choujuu/yuugai/documents/r3-r7higai.pdf,6,,,千葉県,,アライグマ,被害金額,46529,千円,R6以降は調査要領改正で単純比較不可
chiba_damage_species,千葉県 野生鳥獣による農作物被害状況の推移（R3–R7）,https://www.pref.chiba.lg.jp/noushin/choujuu/yuugai/documents/r3-r7higai.pdf,6,,,千葉県,,アライグマ,被害面積,20.9,ha,
chiba_damage_species,千葉県 野生鳥獣による農作物被害状況の推移（R3–R7）,https://www.pref.chiba.lg.jp/noushin/choujuu/yuugai/documents/r3-r7higai.pdf,7,,,千葉県,,アライグマ,被害金額,35721,千円,R6以降は調査要領改正で単純比較不可
chiba_damage_species,千葉県 野生鳥獣による農作物被害状況の推移（R3–R7）,https://www.pref.chiba.lg.jp/noushin/choujuu/yuugai/documents/r3-r7higai.pdf,7,,,千葉県,,アライグマ,被害面積,9.8,ha,
chiba_damage_species,千葉県 野生鳥獣による農作物被害状況の推移（R3–R7）,https://www.pref.chiba.lg.jp/noushin/choujuu/yuugai/documents/r3-r7higai.pdf,3,,,千葉県,,キョン,被害金額,4818,千円,R6以降は調査要領改正で単純比較不可
chiba_damage_species,千葉県 野生鳥獣による農作物被害状況の推移（R3–R7）,https://www.pref.chiba.lg.jp/noushin/choujuu/yuugai/documents/r3-r7higai.pdf,3,,,千葉県,,キョン,被害面積,5.4,ha,
chiba_damage_species,千葉県 野生鳥獣による農作物被害状況の推移（R3–R7）,https://www.pref.chiba.lg.jp/noushin/choujuu/yuugai/documents/r3-r7higai.pdf,4,,,千葉県,,キョン,被害金額,4214,千円,R6以降は調査要領改正で単純比較不可
chiba_damage_species,千葉県 野生鳥獣による農作物被害状況の推移（R3–R7）,https://www.pref.chiba.lg.jp/noushin/choujuu/yuugai/documents/r3-r7higai.pdf,4,,,千葉県,,キョン,被害面積,3.4,ha,
chiba_damage_species,千葉県 野生鳥獣による農作物被害状況の推移（R3–R7）,https://www.pref.chiba.lg.jp/noushin/choujuu/yuugai/documents/r3-r7higai.pdf,5,,,千葉県,,キョン,被害金額,8875,千円,R6以降は調査要領改正で単純比較不可
chiba_damage_species,千葉県 野生鳥獣による農作物被害状況の推移（R3–R7）,https://www.pref.chiba.lg.jp/noushin/choujuu/yuugai/documents/r3-r7higai.pdf,5,,,千葉県,,キョン,被害面積,6.2,ha,
chiba_damage_species,千葉県 野生鳥獣による農作物被害状況の推移（R3–R7）,https://www.pref.chiba.lg.jp/noushin/choujuu/yuugai/documents/r3-r7higai.pdf,6,,,千葉県,,キョン,被害金額,6216,千円,R6以降は調査要領改正で単純比較不可
chiba_damage_species,千葉県 野生鳥獣による農作物被害状況の推移（R3–R7）,https://www.pref.chiba.lg.jp/noushin/choujuu/yuugai/documents/r3-r7higai.pdf,6,,,千葉県,,キョン,被害面積,4.4,ha,
chiba_damage_species,千葉県 野生鳥獣による農作物被害状況の推移（R3–R7）,https://www.pref.chiba.lg.jp/noushin/choujuu/yuugai/documents/r3-r7higai.pdf,7,,,千葉県,,キョン,被害金額,13739,千円,R6以降は調査要領改正で単純比較不可
chiba_damage_species,千葉県 野生鳥獣による農作物被害状況の推移（R3–R7）,https://www.pref.chiba.lg.jp/noushin/choujuu/yuugai/documents/r3-r7higai.pdf,7,,,千葉県,,キョン,被害面積,8.4,ha,
chiba_damage_species,千葉県 野生鳥獣による農作物被害状況の推移（R3–R7）,https://www.pref.chiba.lg.jp/noushin/choujuu/yuugai/documents/r3-r7higai.pdf,3,,,千葉県,,合計,被害金額,300102,千円,R6以降は調査要領改正で単純比較不可
chiba_damage_species,千葉県 野生鳥獣による農作物被害状況の推移（R3–R7）,https://www.pref.chiba.lg.jp/noushin/choujuu/yuugai/documents/r3-r7higai.pdf,3,,,千葉県,,合計,被害面積,292.3,ha,
chiba_damage_species,千葉県 野生鳥獣による農作物被害状況の推移（R3–R7）,https://www.pref.chiba.lg.jp/noushin/choujuu/yuugai/documents/r3-r7higai.pdf,4,,,千葉県,,合計,被害金額,269591,千円,R6以降は調査要領改正で単純比較不可
chiba_damage_species,千葉県 野生鳥獣による農作物被害状況の推移（R3–R7）,https://www.pref.chiba.lg.jp/noushin/choujuu/yuugai/documents/r3-r7higai.pdf,4,,,千葉県,,合計,被害面積,256.1,ha,
chiba_damage_species,千葉県 野生鳥獣による農作物被害状況の推移（R3–R7）,https://www.pref.chiba.lg.jp/noushin/choujuu/yuugai/documents/r3-r7higai.pdf,5,,,千葉県,,合計,被害金額,330422,千円,R6以降は調査要領改正で単純比較不可
chiba_damage_species,千葉県 野生鳥獣による農作物被害状況の推移（R3–R7）,https://www.pref.chiba.lg.jp/noushin/choujuu/yuugai/documents/r3-r7higai.pdf,5,,,千葉県,,合計,被害面積,281.1,ha,
chiba_damage_species,千葉県 野生鳥獣による農作物被害状況の推移（R3–R7）,https://www.pref.chiba.lg.jp/noushin/choujuu/yuugai/documents/r3-r7higai.pdf,6,,,千葉県,,合計,被害金額,362296,千円,R6以降は調査要領改正で単純比較不可
chiba_damage_species,千葉県 野生鳥獣による農作物被害状況の推移（R3–R7）,https://www.pref.chiba.lg.jp/noushin/choujuu/yuugai/documents/r3-r7higai.pdf,6,,,千葉県,,合計,被害面積,220.8,ha,
chiba_damage_species,千葉県 野生鳥獣による農作物被害状況の推移（R3–R7）,https://www.pref.chiba.lg.jp/noushin/choujuu/yuugai/documents/r3-r7higai.pdf,7,,,千葉県,,合計,被害金額,366341,千円,R6以降は調査要領改正で単純比較不可
chiba_damage_species,千葉県 野生鳥獣による農作物被害状況の推移（R3–R7）,https://www.pref.chiba.lg.jp/noushin/choujuu/yuugai/documents/r3-r7higai.pdf,7,,,千葉県,,合計,被害面積,193.8,ha,
chiba_capture_species,千葉県 主な獣類の推定生息数と捕獲数の推移（H29–R7）,https://www.pref.chiba.lg.jp/noushin/choujuu/yuugai/documents/h29-r7hokaku.pdf,-1,,,千葉県,,ニホンザル,捕獲数,835,頭,
chiba_capture_species,千葉県 主な獣類の推定生息数と捕獲数の推移（H29–R7）,https://www.pref.chiba.lg.jp/noushin/choujuu/yuugai/documents/h29-r7hokaku.pdf,0,,,千葉県,,ニホンザル,捕獲数,905,頭,
chiba_capture_species,千葉県 主な獣類の推定生息数と捕獲数の推移（H29–R7）,https://www.pref.chiba.lg.jp/noushin/choujuu/yuugai/documents/h29-r7hokaku.pdf,1,,,千葉県,,ニホンザル,捕獲数,900,頭,
chiba_capture_species,千葉県 主な獣類の推定生息数と捕獲数の推移（H29–R7）,https://www.pref.chiba.lg.jp/noushin/choujuu/yuugai/documents/h29-r7hokaku.pdf,2,,,千葉県,,ニホンザル,捕獲数,1272,頭,
chiba_capture_species,千葉県 主な獣類の推定生息数と捕獲数の推移（H29–R7）,https://www.pref.chiba.lg.jp/noushin/choujuu/yuugai/documents/h29-r7hokaku.pdf,3,,,千葉県,,ニホンザル,捕獲数,1166,頭,
chiba_capture_species,千葉県 主な獣類の推定生息数と捕獲数の推移（H29–R7）,https://www.pref.chiba.lg.jp/noushin/choujuu/yuugai/documents/h29-r7hokaku.pdf,4,,,千葉県,,ニホンザル,捕獲数,1204,頭,
chiba_capture_species,千葉県 主な獣類の推定生息数と捕獲数の推移（H29–R7）,https://www.pref.chiba.lg.jp/noushin/choujuu/yuugai/documents/h29-r7hokaku.pdf,5,,,千葉県,,ニホンザル,捕獲数,1449,頭,
chiba_capture_species,千葉県 主な獣類の推定生息数と捕獲数の推移（H29–R7）,https://www.pref.chiba.lg.jp/noushin/choujuu/yuugai/documents/h29-r7hokaku.pdf,6,,,千葉県,,ニホンザル,捕獲数,1293,頭,
chiba_capture_species,千葉県 主な獣類の推定生息数と捕獲数の推移（H29–R7）,https://www.pref.chiba.lg.jp/noushin/choujuu/yuugai/documents/h29-r7hokaku.pdf,7,,,千葉県,,ニホンザル,捕獲数,1049,頭,
chiba_capture_species,千葉県 主な獣類の推定生息数と捕獲数の推移（H29–R7）,https://www.pref.chiba.lg.jp/noushin/choujuu/yuugai/documents/h29-r7hokaku.pdf,-1,,,千葉県,,アカゲザル,捕獲数,89,頭,
chiba_capture_species,千葉県 主な獣類の推定生息数と捕獲数の推移（H29–R7）,https://www.pref.chiba.lg.jp/noushin/choujuu/yuugai/documents/h29-r7hokaku.pdf,0,,,千葉県,,アカゲザル,捕獲数,356,頭,
chiba_capture_species,千葉県 主な獣類の推定生息数と捕獲数の推移（H29–R7）,https://www.pref.chiba.lg.jp/noushin/choujuu/yuugai/documents/h29-r7hokaku.pdf,1,,,千葉県,,アカゲザル,捕獲数,287,頭,
chiba_capture_species,千葉県 主な獣類の推定生息数と捕獲数の推移（H29–R7）,https://www.pref.chiba.lg.jp/noushin/choujuu/yuugai/documents/h29-r7hokaku.pdf,2,,,千葉県,,アカゲザル,捕獲数,661,頭,
chiba_capture_species,千葉県 主な獣類の推定生息数と捕獲数の推移（H29–R7）,https://www.pref.chiba.lg.jp/noushin/choujuu/yuugai/documents/h29-r7hokaku.pdf,3,,,千葉県,,アカゲザル,捕獲数,302,頭,
chiba_capture_species,千葉県 主な獣類の推定生息数と捕獲数の推移（H29–R7）,https://www.pref.chiba.lg.jp/noushin/choujuu/yuugai/documents/h29-r7hokaku.pdf,4,,,千葉県,,アカゲザル,捕獲数,127,頭,
chiba_capture_species,千葉県 主な獣類の推定生息数と捕獲数の推移（H29–R7）,https://www.pref.chiba.lg.jp/noushin/choujuu/yuugai/documents/h29-r7hokaku.pdf,5,,,千葉県,,アカゲザル,捕獲数,297,頭,
chiba_capture_species,千葉県 主な獣類の推定生息数と捕獲数の推移（H29–R7）,https://www.pref.chiba.lg.jp/noushin/choujuu/yuugai/documents/h29-r7hokaku.pdf,6,,,千葉県,,アカゲザル,捕獲数,103,頭,
chiba_capture_species,千葉県 主な獣類の推定生息数と捕獲数の推移（H29–R7）,https://www.pref.chiba.lg.jp/noushin/choujuu/yuugai/documents/h29-r7hokaku.pdf,7,,,千葉県,,アカゲザル,捕獲数,455,頭,
chiba_capture_species,千葉県 主な獣類の推定生息数と捕獲数の推移（H29–R7）,https://www.pref.chiba.lg.jp/noushin/choujuu/yuugai/documents/h29-r7hokaku.pdf,-1,,,千葉県,,シカ,推定生息数,45700,頭,
chiba_capture_species,千葉県 主な獣類の推定生息数と捕獲数の推移（H29–R7）,https://www.pref.chiba.lg.jp/noushin/choujuu/yuugai/documents/h29-r7hokaku.pdf,0,,,千葉県,,シカ,推定生息数,47300,頭,
chiba_capture_species,千葉県 主な獣類の推定生息数と捕獲数の推移（H29–R7）,https://www.pref.chiba.lg.jp/noushin/choujuu/yuugai/documents/h29-r7hokaku.pdf,1,,,千葉県,,シカ,推定生息数,49100,頭,
chiba_capture_species,千葉県 主な獣類の推定生息数と捕獲数の推移（H29–R7）,https://www.pref.chiba.lg.jp/noushin/choujuu/yuugai/documents/h29-r7hokaku.pdf,2,,,千葉県,,シカ,推定生息数,51100,頭,
chiba_capture_species,千葉県 主な獣類の推定生息数と捕獲数の推移（H29–R7）,https://www.pref.chiba.lg.jp/noushin/choujuu/yuugai/documents/h29-r7hokaku.pdf,3,,,千葉県,,シカ,推定生息数,52900,頭,
chiba_capture_species,千葉県 主な獣類の推定生息数と捕獲数の推移（H29–R7）,https://www.pref.chiba.lg.jp/noushin/choujuu/yuugai/documents/h29-r7hokaku.pdf,4,,,千葉県,,シカ,推定生息数,54300,頭,
chiba_capture_species,千葉県 主な獣類の推定生息数と捕獲数の推移（H29–R7）,https://www.pref.chiba.lg.jp/noushin/choujuu/yuugai/documents/h29-r7hokaku.pdf,5,,,千葉県,,シカ,推定生息数,55100,頭,
chiba_capture_species,千葉県 主な獣類の推定生息数と捕獲数の推移（H29–R7）,https://www.pref.chiba.lg.jp/noushin/choujuu/yuugai/documents/h29-r7hokaku.pdf,6,,,千葉県,,シカ,推定生息数,55200,頭,
chiba_capture_species,千葉県 主な獣類の推定生息数と捕獲数の推移（H29–R7）,https://www.pref.chiba.lg.jp/noushin/choujuu/yuugai/documents/h29-r7hokaku.pdf,7,,,千葉県,,シカ,推定生息数,54600,頭,
chiba_capture_species,千葉県 主な獣類の推定生息数と捕獲数の推移（H29–R7）,https://www.pref.chiba.lg.jp/noushin/choujuu/yuugai/documents/h29-r7hokaku.pdf,-1,,,千葉県,,シカ,捕獲数,6248,頭,
chiba_capture_species,千葉県 主な獣類の推定生息数と捕獲数の推移（H29–R7）,https://www.pref.chiba.lg.jp/noushin/choujuu/yuugai/documents/h29-r7hokaku.pdf,0,,,千葉県,,シカ,捕獲数,6773,頭,
chiba_capture_species,千葉県 主な獣類の推定生息数と捕獲数の推移（H29–R7）,https://www.pref.chiba.lg.jp/noushin/choujuu/yuugai/documents/h29-r7hokaku.pdf,1,,,千葉県,,シカ,捕獲数,6697,頭,
chiba_capture_species,千葉県 主な獣類の推定生息数と捕獲数の推移（H29–R7）,https://www.pref.chiba.lg.jp/noushin/choujuu/yuugai/documents/h29-r7hokaku.pdf,2,,,千葉県,,シカ,捕獲数,6885,頭,
chiba_capture_species,千葉県 主な獣類の推定生息数と捕獲数の推移（H29–R7）,https://www.pref.chiba.lg.jp/noushin/choujuu/yuugai/documents/h29-r7hokaku.pdf,3,,,千葉県,,シカ,捕獲数,7174,頭,
chiba_capture_species,千葉県 主な獣類の推定生息数と捕獲数の推移（H29–R7）,https://www.pref.chiba.lg.jp/noushin/choujuu/yuugai/documents/h29-r7hokaku.pdf,4,,,千葉県,,シカ,捕獲数,8144,頭,
chiba_capture_species,千葉県 主な獣類の推定生息数と捕獲数の推移（H29–R7）,https://www.pref.chiba.lg.jp/noushin/choujuu/yuugai/documents/h29-r7hokaku.pdf,5,,,千葉県,,シカ,捕獲数,8893,頭,
chiba_capture_species,千葉県 主な獣類の推定生息数と捕獲数の推移（H29–R7）,https://www.pref.chiba.lg.jp/noushin/choujuu/yuugai/documents/h29-r7hokaku.pdf,6,,,千葉県,,シカ,捕獲数,9427,頭,
chiba_capture_species,千葉県 主な獣類の推定生息数と捕獲数の推移（H29–R7）,https://www.pref.chiba.lg.jp/noushin/choujuu/yuugai/documents/h29-r7hokaku.pdf,7,,,千葉県,,シカ,捕獲数,10118,頭,
chiba_capture_species,千葉県 主な獣類の推定生息数と捕獲数の推移（H29–R7）,https://www.pref.chiba.lg.jp/noushin/choujuu/yuugai/documents/h29-r7hokaku.pdf,-1,,,千葉県,,イノシシ,捕獲数,19562,頭,
chiba_capture_species,千葉県 主な獣類の推定生息数と捕獲数の推移（H29–R7）,https://www.pref.chiba.lg.jp/noushin/choujuu/yuugai/documents/h29-r7hokaku.pdf,0,,,千葉県,,イノシシ,捕獲数,27399,頭,
chiba_capture_species,千葉県 主な獣類の推定生息数と捕獲数の推移（H29–R7）,https://www.pref.chiba.lg.jp/noushin/choujuu/yuugai/documents/h29-r7hokaku.pdf,1,,,千葉県,,イノシシ,捕獲数,22351,頭,
chiba_capture_species,千葉県 主な獣類の推定生息数と捕獲数の推移（H29–R7）,https://www.pref.chiba.lg.jp/noushin/choujuu/yuugai/documents/h29-r7hokaku.pdf,2,,,千葉県,,イノシシ,捕獲数,31861,頭,
chiba_capture_species,千葉県 主な獣類の推定生息数と捕獲数の推移（H29–R7）,https://www.pref.chiba.lg.jp/noushin/choujuu/yuugai/documents/h29-r7hokaku.pdf,3,,,千葉県,,イノシシ,捕獲数,20729,頭,
chiba_capture_species,千葉県 主な獣類の推定生息数と捕獲数の推移（H29–R7）,https://www.pref.chiba.lg.jp/noushin/choujuu/yuugai/documents/h29-r7hokaku.pdf,4,,,千葉県,,イノシシ,捕獲数,22087,頭,
chiba_capture_species,千葉県 主な獣類の推定生息数と捕獲数の推移（H29–R7）,https://www.pref.chiba.lg.jp/noushin/choujuu/yuugai/documents/h29-r7hokaku.pdf,5,,,千葉県,,イノシシ,捕獲数,34964,頭,
chiba_capture_species,千葉県 主な獣類の推定生息数と捕獲数の推移（H29–R7）,https://www.pref.chiba.lg.jp/noushin/choujuu/yuugai/documents/h29-r7hokaku.pdf,6,,,千葉県,,イノシシ,捕獲数,25306,頭,
chiba_capture_species,千葉県 主な獣類の推定生息数と捕獲数の推移（H29–R7）,https://www.pref.chiba.lg.jp/noushin/choujuu/yuugai/documents/h29-r7hokaku.pdf,7,,,千葉県,,イノシシ,捕獲数,34561,頭,
chiba_capture_species,千葉県 主な獣類の推定生息数と捕獲数の推移（H29–R7）,https://www.pref.chiba.lg.jp/noushin/choujuu/yuugai/documents/h29-r7hokaku.pdf,-1,,,千葉県,,タヌキ,捕獲数,2665,頭,
chiba_capture_species,千葉県 主な獣類の推定生息数と捕獲数の推移（H29–R7）,https://www.pref.chiba.lg.jp/noushin/choujuu/yuugai/documents/h29-r7hokaku.pdf,0,,,千葉県,,タヌキ,捕獲数,2984,頭,
chiba_capture_species,千葉県 主な獣類の推定生息数と捕獲数の推移（H29–R7）,https://www.pref.chiba.lg.jp/noushin/choujuu/yuugai/documents/h29-r7hokaku.pdf,1,,,千葉県,,タヌキ,捕獲数,3250,頭,
chiba_capture_species,千葉県 主な獣類の推定生息数と捕獲数の推移（H29–R7）,https://www.pref.chiba.lg.jp/noushin/choujuu/yuugai/documents/h29-r7hokaku.pdf,2,,,千葉県,,タヌキ,捕獲数,4163,頭,
chiba_capture_species,千葉県 主な獣類の推定生息数と捕獲数の推移（H29–R7）,https://www.pref.chiba.lg.jp/noushin/choujuu/yuugai/documents/h29-r7hokaku.pdf,3,,,千葉県,,タヌキ,捕獲数,4195,頭,
chiba_capture_species,千葉県 主な獣類の推定生息数と捕獲数の推移（H29–R7）,https://www.pref.chiba.lg.jp/noushin/choujuu/yuugai/documents/h29-r7hokaku.pdf,4,,,千葉県,,タヌキ,捕獲数,4129,頭,
chiba_capture_species,千葉県 主な獣類の推定生息数と捕獲数の推移（H29–R7）,https://www.pref.chiba.lg.jp/noushin/choujuu/yuugai/documents/h29-r7hokaku.pdf,5,,,千葉県,,タヌキ,捕獲数,4572,頭,
chiba_capture_species,千葉県 主な獣類の推定生息数と捕獲数の推移（H29–R7）,https://www.pref.chiba.lg.jp/noushin/choujuu/yuugai/documents/h29-r7hokaku.pdf,6,,,千葉県,,タヌキ,捕獲数,4840,頭,
chiba_capture_species,千葉県 主な獣類の推定生息数と捕獲数の推移（H29–R7）,https://www.pref.chiba.lg.jp/noushin/choujuu/yuugai/documents/h29-r7hokaku.pdf,7,,,千葉県,,タヌキ,捕獲数,4235,頭,
chiba_capture_species,千葉県 主な獣類の推定生息数と捕獲数の推移（H29–R7）,https://www.pref.chiba.lg.jp/noushin/choujuu/yuugai/documents/h29-r7hokaku.pdf,-1,,,千葉県,,ハクビシン,捕獲数,2394,頭,
chiba_capture_species,千葉県 主な獣類の推定生息数と捕獲数の推移（H29–R7）,https://www.pref.chiba.lg.jp/noushin/choujuu/yuugai/documents/h29-r7hokaku.pdf,0,,,千葉県,,ハクビシン,捕獲数,2590,頭,
chiba_capture_species,千葉県 主な獣類の推定生息数と捕獲数の推移（H29–R7）,https://www.pref.chiba.lg.jp/noushin/choujuu/yuugai/documents/h29-r7hokaku.pdf,1,,,千葉県,,ハクビシン,捕獲数,2719,頭,
chiba_capture_species,千葉県 主な獣類の推定生息数と捕獲数の推移（H29–R7）,https://www.pref.chiba.lg.jp/noushin/choujuu/yuugai/documents/h29-r7hokaku.pdf,2,,,千葉県,,ハクビシン,捕獲数,2855,頭,
chiba_capture_species,千葉県 主な獣類の推定生息数と捕獲数の推移（H29–R7）,https://www.pref.chiba.lg.jp/noushin/choujuu/yuugai/documents/h29-r7hokaku.pdf,3,,,千葉県,,ハクビシン,捕獲数,2631,頭,
chiba_capture_species,千葉県 主な獣類の推定生息数と捕獲数の推移（H29–R7）,https://www.pref.chiba.lg.jp/noushin/choujuu/yuugai/documents/h29-r7hokaku.pdf,4,,,千葉県,,ハクビシン,捕獲数,2852,頭,
chiba_capture_species,千葉県 主な獣類の推定生息数と捕獲数の推移（H29–R7）,https://www.pref.chiba.lg.jp/noushin/choujuu/yuugai/documents/h29-r7hokaku.pdf,5,,,千葉県,,ハクビシン,捕獲数,2534,頭,
chiba_capture_species,千葉県 主な獣類の推定生息数と捕獲数の推移（H29–R7）,https://www.pref.chiba.lg.jp/noushin/choujuu/yuugai/documents/h29-r7hokaku.pdf,6,,,千葉県,,ハクビシン,捕獲数,3081,頭,
chiba_capture_species,千葉県 主な獣類の推定生息数と捕獲数の推移（H29–R7）,https://www.pref.chiba.lg.jp/noushin/choujuu/yuugai/documents/h29-r7hokaku.pdf,7,,,千葉県,,ハクビシン,捕獲数,2693,頭,
chiba_capture_species,千葉県 主な獣類の推定生息数と捕獲数の推移（H29–R7）,https://www.pref.chiba.lg.jp/noushin/choujuu/yuugai/documents/h29-r7hokaku.pdf,-1,,,千葉県,,アライグマ,捕獲数,4283,頭,
chiba_capture_species,千葉県 主な獣類の推定生息数と捕獲数の推移（H29–R7）,https://www.pref.chiba.lg.jp/noushin/choujuu/yuugai/documents/h29-r7hokaku.pdf,0,,,千葉県,,アライグマ,捕獲数,6290,頭,
chiba_capture_species,千葉県 主な獣類の推定生息数と捕獲数の推移（H29–R7）,https://www.pref.chiba.lg.jp/noushin/choujuu/yuugai/documents/h29-r7hokaku.pdf,1,,,千葉県,,アライグマ,捕獲数,6240,頭,
chiba_capture_species,千葉県 主な獣類の推定生息数と捕獲数の推移（H29–R7）,https://www.pref.chiba.lg.jp/noushin/choujuu/yuugai/documents/h29-r7hokaku.pdf,2,,,千葉県,,アライグマ,捕獲数,8748,頭,
chiba_capture_species,千葉県 主な獣類の推定生息数と捕獲数の推移（H29–R7）,https://www.pref.chiba.lg.jp/noushin/choujuu/yuugai/documents/h29-r7hokaku.pdf,3,,,千葉県,,アライグマ,捕獲数,8962,頭,
chiba_capture_species,千葉県 主な獣類の推定生息数と捕獲数の推移（H29–R7）,https://www.pref.chiba.lg.jp/noushin/choujuu/yuugai/documents/h29-r7hokaku.pdf,4,,,千葉県,,アライグマ,捕獲数,10361,頭,
chiba_capture_species,千葉県 主な獣類の推定生息数と捕獲数の推移（H29–R7）,https://www.pref.chiba.lg.jp/noushin/choujuu/yuugai/documents/h29-r7hokaku.pdf,5,,,千葉県,,アライグマ,捕獲数,13701,頭,
chiba_capture_species,千葉県 主な獣類の推定生息数と捕獲数の推移（H29–R7）,https://www.pref.chiba.lg.jp/noushin/choujuu/yuugai/documents/h29-r7hokaku.pdf,6,,,千葉県,,アライグマ,捕獲数,14304,頭,
chiba_capture_species,千葉県 主な獣類の推定生息数と捕獲数の推移（H29–R7）,https://www.pref.chiba.lg.jp/noushin/choujuu/yuugai/documents/h29-r7hokaku.pdf,7,,,千葉県,,アライグマ,捕獲数,17795,頭,
chiba_capture_species,千葉県 主な獣類の推定生息数と捕獲数の推移（H29–R7）,https://www.pref.chiba.lg.jp/noushin/choujuu/yuugai/documents/h29-r7hokaku.pdf,-1,,,千葉県,,キョン,推定生息数,58000,頭,
chiba_capture_species,千葉県 主な獣類の推定生息数と捕獲数の推移（H29–R7）,https://www.pref.chiba.lg.jp/noushin/choujuu/yuugai/documents/h29-r7hokaku.pdf,0,,,千葉県,,キョン,推定生息数,64300,頭,
chiba_capture_species,千葉県 主な獣類の推定生息数と捕獲数の推移（H29–R7）,https://www.pref.chiba.lg.jp/noushin/choujuu/yuugai/documents/h29-r7hokaku.pdf,1,,,千葉県,,キョン,推定生息数,70600,頭,
chiba_capture_species,千葉県 主な獣類の推定生息数と捕獲数の推移（H29–R7）,https://www.pref.chiba.lg.jp/noushin/choujuu/yuugai/documents/h29-r7hokaku.pdf,2,,,千葉県,,キョン,推定生息数,77800,頭,
chiba_capture_species,千葉県 主な獣類の推定生息数と捕獲数の推移（H29–R7）,https://www.pref.chiba.lg.jp/noushin/choujuu/yuugai/documents/h29-r7hokaku.pdf,3,,,千葉県,,キョン,推定生息数,83100,頭,
chiba_capture_species,千葉県 主な獣類の推定生息数と捕獲数の推移（H29–R7）,https://www.pref.chiba.lg.jp/noushin/choujuu/yuugai/documents/h29-r7hokaku.pdf,4,,,千葉県,,キョン,推定生息数,88800,頭,
chiba_capture_species,千葉県 主な獣類の推定生息数と捕獲数の推移（H29–R7）,https://www.pref.chiba.lg.jp/noushin/choujuu/yuugai/documents/h29-r7hokaku.pdf,5,,,千葉県,,キョン,推定生息数,94100,頭,
chiba_capture_species,千葉県 主な獣類の推定生息数と捕獲数の推移（H29–R7）,https://www.pref.chiba.lg.jp/noushin/choujuu/yuugai/documents/h29-r7hokaku.pdf,6,,,千葉県,,キョン,推定生息数,100600,頭,
chiba_capture_species,千葉県 主な獣類の推定生息数と捕獲数の推移（H29–R7）,https://www.pref.chiba.lg.jp/noushin/choujuu/yuugai/documents/h29-r7hokaku.pdf,7,,,千葉県,,キョン,推定生息数,105700,頭,
chiba_capture_species,千葉県 主な獣類の推定生息数と捕獲数の推移（H29–R7）,https://www.pref.chiba.lg.jp/noushin/choujuu/yuugai/documents/h29-r7hokaku.pdf,-1,,,千葉県,,キョン,捕獲数,3475,頭,
chiba_capture_species,千葉県 主な獣類の推定生息数と捕獲数の推移（H29–R7）,https://www.pref.chiba.lg.jp/noushin/choujuu/yuugai/documents/h29-r7hokaku.pdf,0,,,千葉県,,キョン,捕獲数,4118,頭,
chiba_capture_species,千葉県 主な獣類の推定生息数と捕獲数の推移（H29–R7）,https://www.pref.chiba.lg.jp/noushin/choujuu/yuugai/documents/h29-r7hokaku.pdf,1,,,千葉県,,キョン,捕獲数,5008,頭,
chiba_capture_species,千葉県 主な獣類の推定生息数と捕獲数の推移（H29–R7）,https://www.pref.chiba.lg.jp/noushin/choujuu/yuugai/documents/h29-r7hokaku.pdf,2,,,千葉県,,キョン,捕獲数,5436,頭,
chiba_capture_species,千葉県 主な獣類の推定生息数と捕獲数の推移（H29–R7）,https://www.pref.chiba.lg.jp/noushin/choujuu/yuugai/documents/h29-r7hokaku.pdf,3,,,千葉県,,キョン,捕獲数,8587,頭,
chiba_capture_species,千葉県 主な獣類の推定生息数と捕獲数の推移（H29–R7）,https://www.pref.chiba.lg.jp/noushin/choujuu/yuugai/documents/h29-r7hokaku.pdf,4,,,千葉県,,キョン,捕獲数,8864,頭,
chiba_capture_species,千葉県 主な獣類の推定生息数と捕獲数の推移（H29–R7）,https://www.pref.chiba.lg.jp/noushin/choujuu/yuugai/documents/h29-r7hokaku.pdf,5,,,千葉県,,キョン,捕獲数,10154,頭,
chiba_capture_species,千葉県 主な獣類の推定生息数と捕獲数の推移（H29–R7）,https://www.pref.chiba.lg.jp/noushin/choujuu/yuugai/documents/h29-r7hokaku.pdf,6,,,千葉県,,キョン,捕獲数,9594,頭,
chiba_capture_species,千葉県 主な獣類の推定生息数と捕獲数の推移（H29–R7）,https://www.pref.chiba.lg.jp/noushin/choujuu/yuugai/documents/h29-r7hokaku.pdf,7,,,千葉県,,キョン,捕獲数,12116,頭,
tateyama_boar_district,館山市 地区別イノシシ捕獲状況（H29–R7）,https://www.city.tateyama.chiba.jp/files/300383359.pdf,-1,,4,館山市,館山,イノシシ,捕獲頭数,0,頭,
tateyama_boar_district,館山市 地区別イノシシ捕獲状況（H29–R7）,https://www.city.tateyama.chiba.jp/files/300383359.pdf,-1,,5,館山市,館山,イノシシ,捕獲頭数,0,頭,
tateyama_boar_district,館山市 地区別イノシシ捕獲状況（H29–R7）,https://www.city.tateyama.chiba.jp/files/300383359.pdf,-1,,6,館山市,館山,イノシシ,捕獲頭数,0,頭,
tateyama_boar_district,館山市 地区別イノシシ捕獲状況（H29–R7）,https://www.city.tateyama.chiba.jp/files/300383359.pdf,-1,,7,館山市,館山,イノシシ,捕獲頭数,1,頭,
tateyama_boar_district,館山市 地区別イノシシ捕獲状況（H29–R7）,https://www.city.tateyama.chiba.jp/files/300383359.pdf,-1,,8,館山市,館山,イノシシ,捕獲頭数,0,頭,
tateyama_boar_district,館山市 地区別イノシシ捕獲状況（H29–R7）,https://www.city.tateyama.chiba.jp/files/300383359.pdf,-1,,9,館山市,館山,イノシシ,捕獲頭数,0,頭,
tateyama_boar_district,館山市 地区別イノシシ捕獲状況（H29–R7）,https://www.city.tateyama.chiba.jp/files/300383359.pdf,-1,,10,館山市,館山,イノシシ,捕獲頭数,0,頭,
tateyama_boar_district,館山市 地区別イノシシ捕獲状況（H29–R7）,https://www.city.tateyama.chiba.jp/files/300383359.pdf,-1,,11,館山市,館山,イノシシ,捕獲頭数,0,頭,
tateyama_boar_district,館山市 地区別イノシシ捕獲状況（H29–R7）,https://www.city.tateyama.chiba.jp/files/300383359.pdf,-1,,12,館山市,館山,イノシシ,捕獲頭数,0,頭,
tateyama_boar_district,館山市 地区別イノシシ捕獲状況（H29–R7）,https://www.city.tateyama.chiba.jp/files/300383359.pdf,-1,,1,館山市,館山,イノシシ,捕獲頭数,0,頭,
tateyama_boar_district,館山市 地区別イノシシ捕獲状況（H29–R7）,https://www.city.tateyama.chiba.jp/files/300383359.pdf,-1,,2,館山市,館山,イノシシ,捕獲頭数,1,頭,
tateyama_boar_district,館山市 地区別イノシシ捕獲状況（H29–R7）,https://www.city.tateyama.chiba.jp/files/300383359.pdf,-1,,3,館山市,館山,イノシシ,捕獲頭数,0,頭,
tateyama_boar_district,館山市 地区別イノシシ捕獲状況（H29–R7）,https://www.city.tateyama.chiba.jp/files/300383359.pdf,-1,,4,館山市,北条,イノシシ,捕獲頭数,0,頭,
tateyama_boar_district,館山市 地区別イノシシ捕獲状況（H29–R7）,https://www.city.tateyama.chiba.jp/files/300383359.pdf,-1,,5,館山市,北条,イノシシ,捕獲頭数,0,頭,
tateyama_boar_district,館山市 地区別イノシシ捕獲状況（H29–R7）,https://www.city.tateyama.chiba.jp/files/300383359.pdf,-1,,6,館山市,北条,イノシシ,捕獲頭数,0,頭,
tateyama_boar_district,館山市 地区別イノシシ捕獲状況（H29–R7）,https://www.city.tateyama.chiba.jp/files/300383359.pdf,-1,,7,館山市,北条,イノシシ,捕獲頭数,0,頭,
tateyama_boar_district,館山市 地区別イノシシ捕獲状況（H29–R7）,https://www.city.tateyama.chiba.jp/files/300383359.pdf,-1,,8,館山市,北条,イノシシ,捕獲頭数,0,頭,
tateyama_boar_district,館山市 地区別イノシシ捕獲状況（H29–R7）,https://www.city.tateyama.chiba.jp/files/300383359.pdf,-1,,9,館山市,北条,イノシシ,捕獲頭数,0,頭,
tateyama_boar_district,館山市 地区別イノシシ捕獲状況（H29–R7）,https://www.city.tateyama.chiba.jp/files/300383359.pdf,-1,,10,館山市,北条,イノシシ,捕獲頭数,0,頭,
tateyama_boar_district,館山市 地区別イノシシ捕獲状況（H29–R7）,https://www.city.tateyama.chiba.jp/files/300383359.pdf,-1,,11,館山市,北条,イノシシ,捕獲頭数,0,頭,
tateyama_boar_district,館山市 地区別イノシシ捕獲状況（H29–R7）,https://www.city.tateyama.chiba.jp/files/300383359.pdf,-1,,12,館山市,北条,イノシシ,捕獲頭数,0,頭,
tateyama_boar_district,館山市 地区別イノシシ捕獲状況（H29–R7）,https://www.city.tateyama.chiba.jp/files/300383359.pdf,-1,,1,館山市,北条,イノシシ,捕獲頭数,0,頭,
tateyama_boar_district,館山市 地区別イノシシ捕獲状況（H29–R7）,https://www.city.tateyama.chiba.jp/files/300383359.pdf,-1,,2,館山市,北条,イノシシ,捕獲頭数,0,頭,
tateyama_boar_district,館山市 地区別イノシシ捕獲状況（H29–R7）,https://www.city.tateyama.chiba.jp/files/300383359.pdf,-1,,3,館山市,北条,イノシシ,捕獲頭数,0,頭,
tateyama_boar_district,館山市 地区別イノシシ捕獲状況（H29–R7）,https://www.city.tateyama.chiba.jp/files/300383359.pdf,-1,,4,館山市,那古,イノシシ,捕獲頭数,6,頭,
tateyama_boar_district,館山市 地区別イノシシ捕獲状況（H29–R7）,https://www.city.tateyama.chiba.jp/files/300383359.pdf,-1,,5,館山市,那古,イノシシ,捕獲頭数,5,頭,
tateyama_boar_district,館山市 地区別イノシシ捕獲状況（H29–R7）,https://www.city.tateyama.chiba.jp/files/300383359.pdf,-1,,6,館山市,那古,イノシシ,捕獲頭数,1,頭,
tateyama_boar_district,館山市 地区別イノシシ捕獲状況（H29–R7）,https://www.city.tateyama.chiba.jp/files/300383359.pdf,-1,,7,館山市,那古,イノシシ,捕獲頭数,2,頭,
tateyama_boar_district,館山市 地区別イノシシ捕獲状況（H29–R7）,https://www.city.tateyama.chiba.jp/files/300383359.pdf,-1,,8,館山市,那古,イノシシ,捕獲頭数,4,頭,
tateyama_boar_district,館山市 地区別イノシシ捕獲状況（H29–R7）,https://www.city.tateyama.chiba.jp/files/300383359.pdf,-1,,9,館山市,那古,イノシシ,捕獲頭数,9,頭,
tateyama_boar_district,館山市 地区別イノシシ捕獲状況（H29–R7）,https://www.city.tateyama.chiba.jp/files/300383359.pdf,-1,,10,館山市,那古,イノシシ,捕獲頭数,7,頭,
tateyama_boar_district,館山市 地区別イノシシ捕獲状況（H29–R7）,https://www.city.tateyama.chiba.jp/files/300383359.pdf,-1,,11,館山市,那古,イノシシ,捕獲頭数,7,頭,
tateyama_boar_district,館山市 地区別イノシシ捕獲状況（H29–R7）,https://www.city.tateyama.chiba.jp/files/300383359.pdf,-1,,12,館山市,那古,イノシシ,捕獲頭数,10,頭,
tateyama_boar_district,館山市 地区別イノシシ捕獲状況（H29–R7）,https://www.city.tateyama.chiba.jp/files/300383359.pdf,-1,,1,館山市,那古,イノシシ,捕獲頭数,14,頭,
tateyama_boar_district,館山市 地区別イノシシ捕獲状況（H29–R7）,https://www.city.tateyama.chiba.jp/files/300383359.pdf,-1,,2,館山市,那古,イノシシ,捕獲頭数,23,頭,
tateyama_boar_district,館山市 地区別イノシシ捕獲状況（H29–R7）,https://www.city.tateyama.chiba.jp/files/300383359.pdf,-1,,3,館山市,那古,イノシシ,捕獲頭数,16,頭,
tateyama_boar_district,館山市 地区別イノシシ捕獲状況（H29–R7）,https://www.city.tateyama.chiba.jp/files/300383359.pdf,-1,,4,館山市,船形,イノシシ,捕獲頭数,0,頭,
tateyama_boar_district,館山市 地区別イノシシ捕獲状況（H29–R7）,https://www.city.tateyama.chiba.jp/files/300383359.pdf,-1,,5,館山市,船形,イノシシ,捕獲頭数,0,頭,
tateyama_boar_district,館山市 地区別イノシシ捕獲状況（H29–R7）,https://www.city.tateyama.chiba.jp/files/300383359.pdf,-1,,6,館山市,船形,イノシシ,捕獲頭数,0,頭,
tateyama_boar_district,館山市 地区別イノシシ捕獲状況（H29–R7）,https://www.city.tateyama.chiba.jp/files/300383359.pdf,-1,,7,館山市,船形,イノシシ,捕獲頭数,0,頭,
tateyama_boar_district,館山市 地区別イノシシ捕獲状況（H29–R7）,https://www.city.tateyama.chiba.jp/files/300383359.pdf,-1,,8,館山市,船形,イノシシ,捕獲頭数,0,頭,
tateyama_boar_district,館山市 地区別イノシシ捕獲状況（H29–R7）,https://www.city.tateyama.chiba.jp/files/300383359.pdf,-1,,9,館山市,船形,イノシシ,捕獲頭数,0,頭,
tateyama_boar_district,館山市 地区別イノシシ捕獲状況（H29–R7）,https://www.city.tateyama.chiba.jp/files/300383359.pdf,-1,,10,館山市,船形,イノシシ,捕獲頭数,0,頭,
tateyama_boar_district,館山市 地区別イノシシ捕獲状況（H29–R7）,https://www.city.tateyama.chiba.jp/files/300383359.pdf,-1,,11,館山市,船形,イノシシ,捕獲頭数,1,頭,
tateyama_boar_district,館山市 地区別イノシシ捕獲状況（H29–R7）,https://www.city.tateyama.chiba.jp/files/300383359.pdf,-1,,12,館山市,船形,イノシシ,捕獲頭数,0,頭,
tateyama_boar_district,館山市 地区別イノシシ捕獲状況（H29–R7）,https://www.city.tateyama.chiba.jp/files/300383359.pdf,-1,,1,館山市,船形,イノシシ,捕獲頭数,0,頭,
tateyama_boar_district,館山市 地区別イノシシ捕獲状況（H29–R7）,https://www.city.tateyama.chiba.jp/files/300383359.pdf,-1,,2,館山市,船形,イノシシ,捕獲頭数,0,頭,
tateyama_boar_district,館山市 地区別イノシシ捕獲状況（H29–R7）,https://www.city.tateyama.chiba.jp/files/300383359.pdf,-1,,3,館山市,船形,イノシシ,捕獲頭数,0,頭,
tateyama_boar_district,館山市 地区別イノシシ捕獲状況（H29–R7）,https://www.city.tateyama.chiba.jp/files/300383359.pdf,-1,,4,館山市,西岬,イノシシ,捕獲頭数,0,頭,
tateyama_boar_district,館山市 地区別イノシシ捕獲状況（H29–R7）,https://www.city.tateyama.chiba.jp/files/300383359.pdf,-1,,5,館山市,西岬,イノシシ,捕獲頭数,0,頭,
tateyama_boar_district,館山市 地区別イノシシ捕獲状況（H29–R7）,https://www.city.tateyama.chiba.jp/files/300383359.pdf,-1,,6,館山市,西岬,イノシシ,捕獲頭数,0,頭,
tateyama_boar_district,館山市 地区別イノシシ捕獲状況（H29–R7）,https://www.city.tateyama.chiba.jp/files/300383359.pdf,-1,,7,館山市,西岬,イノシシ,捕獲頭数,0,頭,
tateyama_boar_district,館山市 地区別イノシシ捕獲状況（H29–R7）,https://www.city.tateyama.chiba.jp/files/300383359.pdf,-1,,8,館山市,西岬,イノシシ,捕獲頭数,0,頭,
tateyama_boar_district,館山市 地区別イノシシ捕獲状況（H29–R7）,https://www.city.tateyama.chiba.jp/files/300383359.pdf,-1,,9,館山市,西岬,イノシシ,捕獲頭数,0,頭,
tateyama_boar_district,館山市 地区別イノシシ捕獲状況（H29–R7）,https://www.city.tateyama.chiba.jp/files/300383359.pdf,-1,,10,館山市,西岬,イノシシ,捕獲頭数,1,頭,
tateyama_boar_district,館山市 地区別イノシシ捕獲状況（H29–R7）,https://www.city.tateyama.chiba.jp/files/300383359.pdf,-1,,11,館山市,西岬,イノシシ,捕獲頭数,2,頭,
tateyama_boar_district,館山市 地区別イノシシ捕獲状況（H29–R7）,https://www.city.tateyama.chiba.jp/files/300383359.pdf,-1,,12,館山市,西岬,イノシシ,捕獲頭数,0,頭,
tateyama_boar_district,館山市 地区別イノシシ捕獲状況（H29–R7）,https://www.city.tateyama.chiba.jp/files/300383359.pdf,-1,,1,館山市,西岬,イノシシ,捕獲頭数,1,頭,
tateyama_boar_district,館山市 地区別イノシシ捕獲状況（H29–R7）,https://www.city.tateyama.chiba.jp/files/300383359.pdf,-1,,2,館山市,西岬,イノシシ,捕獲頭数,0,頭,
tateyama_boar_district,館山市 地区別イノシシ捕獲状況（H29–R7）,https://www.city.tateyama.chiba.jp/files/300383359.pdf,-1,,3,館山市,西岬,イノシシ,捕獲頭数,1,頭,
tateyama_boar_district,館山市 地区別イノシシ捕獲状況（H29–R7）,https://www.city.tateyama.chiba.jp/files/300383359.pdf,-1,,4,館山市,神戸,イノシシ,捕獲頭数,5,頭,
tateyama_boar_district,館山市 地区別イノシシ捕獲状況（H29–R7）,https://www.city.tateyama.chiba.jp/files/300383359.pdf,-1,,5,館山市,神戸,イノシシ,捕獲頭数,0,頭,
tateyama_boar_district,館山市 地区別イノシシ捕獲状況（H29–R7）,https://www.city.tateyama.chiba.jp/files/300383359.pdf,-1,,6,館山市,神戸,イノシシ,捕獲頭数,3,頭,
tateyama_boar_district,館山市 地区別イノシシ捕獲状況（H29–R7）,https://www.city.tateyama.chiba.jp/files/300383359.pdf,-1,,7,館山市,神戸,イノシシ,捕獲頭数,4,頭,
tateyama_boar_district,館山市 地区別イノシシ捕獲状況（H29–R7）,https://www.city.tateyama.chiba.jp/files/300383359.pdf,-1,,8,館山市,神戸,イノシシ,捕獲頭数,6,頭,
tateyama_boar_district,館山市 地区別イノシシ捕獲状況（H29–R7）,https://www.city.tateyama.chiba.jp/files/300383359.pdf,-1,,9,館山市,神戸,イノシシ,捕獲頭数,0,頭,
tateyama_boar_district,館山市 地区別イノシシ捕獲状況（H29–R7）,https://www.city.tateyama.chiba.jp/files/300383359.pdf,-1,,10,館山市,神戸,イノシシ,捕獲頭数,2,頭,
tateyama_boar_district,館山市 地区別イノシシ捕獲状況（H29–R7）,https://www.city.tateyama.chiba.jp/files/300383359.pdf,-1,,11,館山市,神戸,イノシシ,捕獲頭数,1,頭,
tateyama_boar_district,館山市 地区別イノシシ捕獲状況（H29–R7）,https://www.city.tateyama.chiba.jp/files/300383359.pdf,-1,,12,館山市,神戸,イノシシ,捕獲頭数,10,頭,
tateyama_boar_district,館山市 地区別イノシシ捕獲状況（H29–R7）,https://www.city.tateyama.chiba.jp/files/300383359.pdf,-1,,1,館山市,神戸,イノシシ,捕獲頭数,7,頭,
tateyama_boar_district,館山市 地区別イノシシ捕獲状況（H29–R7）,https://www.city.tateyama.chiba.jp/files/300383359.pdf,-1,,2,館山市,神戸,イノシシ,捕獲頭数,5,頭,
tateyama_boar_district,館山市 地区別イノシシ捕獲状況（H29–R7）,https://www.city.tateyama.chiba.jp/files/300383359.pdf,-1,,3,館山市,神戸,イノシシ,捕獲頭数,3,頭,
tateyama_boar_district,館山市 地区別イノシシ捕獲状況（H29–R7）,https://www.city.tateyama.chiba.jp/files/300383359.pdf,-1,,4,館山市,富崎,イノシシ,捕獲頭数,0,頭,
tateyama_boar_district,館山市 地区別イノシシ捕獲状況（H29–R7）,https://www.city.tateyama.chiba.jp/files/300383359.pdf,-1,,5,館山市,富崎,イノシシ,捕獲頭数,0,頭,
tateyama_boar_district,館山市 地区別イノシシ捕獲状況（H29–R7）,https://www.city.tateyama.chiba.jp/files/300383359.pdf,-1,,6,館山市,富崎,イノシシ,捕獲頭数,0,頭,
tateyama_boar_district,館山市 地区別イノシシ捕獲状況（H29–R7）,https://www.city.tateyama.chiba.jp/files/300383359.pdf,-1,,7,館山市,富崎,イノシシ,捕獲頭数,0,頭,
tateyama_boar_district,館山市 地区別イノシシ捕獲状況（H29–R7）,https://www.city.tateyama.chiba.jp/files/300383359.pdf,-1,,8,館山市,富崎,イノシシ,捕獲頭数,0,頭,
tateyama_boar_district,館山市 地区別イノシシ捕獲状況（H29–R7）,https://www.city.tateyama.chiba.jp/files/300383359.pdf,-1,,9,館山市,富崎,イノシシ,捕獲頭数,0,頭,
tateyama_boar_district,館山市 地区別イノシシ捕獲状況（H29–R7）,https://www.city.tateyama.chiba.jp/files/300383359.pdf,-1,,10,館山市,富崎,イノシシ,捕獲頭数,0,頭,
tateyama_boar_district,館山市 地区別イノシシ捕獲状況（H29–R7）,https://www.city.tateyama.chiba.jp/files/300383359.pdf,-1,,11,館山市,富崎,イノシシ,捕獲頭数,2,頭,
tateyama_boar_district,館山市 地区別イノシシ捕獲状況（H29–R7）,https://www.city.tateyama.chiba.jp/files/300383359.pdf,-1,,12,館山市,富崎,イノシシ,捕獲頭数,0,頭,
tateyama_boar_district,館山市 地区別イノシシ捕獲状況（H29–R7）,https://www.city.tateyama.chiba.jp/files/300383359.pdf,-1,,1,館山市,富崎,イノシシ,捕獲頭数,0,頭,
tateyama_boar_district,館山市 地区別イノシシ捕獲状況（H29–R7）,https://www.city.tateyama.chiba.jp/files/300383359.pdf,-1,,2,館山市,富崎,イノシシ,捕獲頭数,0,頭,
tateyama_boar_district,館山市 地区別イノシシ捕獲状況（H29–R7）,https://www.city.tateyama.chiba.jp/files/300383359.pdf,-1,,3,館山市,富崎,イノシシ,捕獲頭数,0,頭,
tateyama_boar_district,館山市 地区別イノシシ捕獲状況（H29–R7）,https://www.city.tateyama.chiba.jp/files/300383359.pdf,-1,,4,館山市,豊房,イノシシ,捕獲頭数,14,頭,
tateyama_boar_district,館山市 地区別イノシシ捕獲状況（H29–R7）,https://www.city.tateyama.chiba.jp/files/300383359.pdf,-1,,5,館山市,豊房,イノシシ,捕獲頭数,29,頭,
tateyama_boar_district,館山市 地区別イノシシ捕獲状況（H29–R7）,https://www.city.tateyama.chiba.jp/files/300383359.pdf,-1,,6,館山市,豊房,イノシシ,捕獲頭数,9,頭,
tateyama_boar_district,館山市 地区別イノシシ捕獲状況（H29–R7）,https://www.city.tateyama.chiba.jp/files/300383359.pdf,-1,,7,館山市,豊房,イノシシ,捕獲頭数,29,頭,
tateyama_boar_district,館山市 地区別イノシシ捕獲状況（H29–R7）,https://www.city.tateyama.chiba.jp/files/300383359.pdf,-1,,8,館山市,豊房,イノシシ,捕獲頭数,46,頭,
tateyama_boar_district,館山市 地区別イノシシ捕獲状況（H29–R7）,https://www.city.tateyama.chiba.jp/files/300383359.pdf,-1,,9,館山市,豊房,イノシシ,捕獲頭数,27,頭,
tateyama_boar_district,館山市 地区別イノシシ捕獲状況（H29–R7）,https://www.city.tateyama.chiba.jp/files/300383359.pdf,-1,,10,館山市,豊房,イノシシ,捕獲頭数,23,頭,
tateyama_boar_district,館山市 地区別イノシシ捕獲状況（H29–R7）,https://www.city.tateyama.chiba.jp/files/300383359.pdf,-1,,11,館山市,豊房,イノシシ,捕獲頭数,26,頭,
tateyama_boar_district,館山市 地区別イノシシ捕獲状況（H29–R7）,https://www.city.tateyama.chiba.jp/files/300383359.pdf,-1,,12,館山市,豊房,イノシシ,捕獲頭数,35,頭,
tateyama_boar_district,館山市 地区別イノシシ捕獲状況（H29–R7）,https://www.city.tateyama.chiba.jp/files/300383359.pdf,-1,,1,館山市,豊房,イノシシ,捕獲頭数,21,頭,
tateyama_boar_district,館山市 地区別イノシシ捕獲状況（H29–R7）,https://www.city.tateyama.chiba.jp/files/300383359.pdf,-1,,2,館山市,豊房,イノシシ,捕獲頭数,25,頭,
tateyama_boar_district,館山市 地区別イノシシ捕獲状況（H29–R7）,https://www.city.tateyama.chiba.jp/files/300383359.pdf,-1,,3,館山市,豊房,イノシシ,捕獲頭数,28,頭,
tateyama_boar_district,館山市 地区別イノシシ捕獲状況（H29–R7）,https://www.city.tateyama.chiba.jp/files/300383359.pdf,-1,,4,館山市,館野,イノシシ,捕獲頭数,7,頭,
tateyama_boar_district,館山市 地区別イノシシ捕獲状況（H29–R7）,https://www.city.tateyama.chiba.jp/files/300383359.pdf,-1,,5,館山市,館野,イノシシ,捕獲頭数,7,頭,
tateyama_boar_district,館山市 地区別イノシシ捕獲状況（H29–R7）,https://www.city.tateyama.chiba.jp/files/300383359.pdf,-1,,6,館山市,館野,イノシシ,捕獲頭数,3,頭,
tateyama_boar_district,館山市 地区別イノシシ捕獲状況（H29–R7）,https://www.city.tateyama.chiba.jp/files/300383359.pdf,-1,,7,館山市,館野,イノシシ,捕獲頭数,8,頭,
tateyama_boar_district,館山市 地区別イノシシ捕獲状況（H29–R7）,https://www.city.tateyama.chiba.jp/files/300383359.pdf,-1,,8,館山市,館野,イノシシ,捕獲頭数,8,頭,
tateyama_boar_district,館山市 地区別イノシシ捕獲状況（H29–R7）,https://www.city.tateyama.chiba.jp/files/300383359.pdf,-1,,9,館山市,館野,イノシシ,捕獲頭数,9,頭,
tateyama_boar_district,館山市 地区別イノシシ捕獲状況（H29–R7）,https://www.city.tateyama.chiba.jp/files/300383359.pdf,-1,,10,館山市,館野,イノシシ,捕獲頭数,4,頭,
tateyama_boar_district,館山市 地区別イノシシ捕獲状況（H29–R7）,https://www.city.tateyama.chiba.jp/files/300383359.pdf,-1,,11,館山市,館野,イノシシ,捕獲頭数,3,頭,
tateyama_boar_district,館山市 地区別イノシシ捕獲状況（H29–R7）,https://www.city.tateyama.chiba.jp/files/300383359.pdf,-1,,12,館山市,館野,イノシシ,捕獲頭数,3,頭,
tateyama_boar_district,館山市 地区別イノシシ捕獲状況（H29–R7）,https://www.city.tateyama.chiba.jp/files/300383359.pdf,-1,,1,館山市,館野,イノシシ,捕獲頭数,2,頭,
tateyama_boar_district,館山市 地区別イノシシ捕獲状況（H29–R7）,https://www.city.tateyama.chiba.jp/files/300383359.pdf,-1,,2,館山市,館野,イノシシ,捕獲頭数,6,頭,
tateyama_boar_district,館山市 地区別イノシシ捕獲状況（H29–R7）,https://www.city.tateyama.chiba.jp/files/300383359.pdf,-1,,3,館山市,館野,イノシシ,捕獲頭数,1,頭,
tateyama_boar_district,館山市 地区別イノシシ捕獲状況（H29–R7）,https://www.city.tateyama.chiba.jp/files/300383359.pdf,-1,,4,館山市,九重,イノシシ,捕獲頭数,5,頭,
tateyama_boar_district,館山市 地区別イノシシ捕獲状況（H29–R7）,https://www.city.tateyama.chiba.jp/files/300383359.pdf,-1,,5,館山市,九重,イノシシ,捕獲頭数,2,頭,
tateyama_boar_district,館山市 地区別イノシシ捕獲状況（H29–R7）,https://www.city.tateyama.chiba.jp/files/300383359.pdf,-1,,6,館山市,九重,イノシシ,捕獲頭数,1,頭,
tateyama_boar_district,館山市 地区別イノシシ捕獲状況（H29–R7）,https://www.city.tateyama.chiba.jp/files/300383359.pdf,-1,,7,館山市,九重,イノシシ,捕獲頭数,3,頭,
tateyama_boar_district,館山市 地区別イノシシ捕獲状況（H29–R7）,https://www.city.tateyama.chiba.jp/files/300383359.pdf,-1,,8,館山市,九重,イノシシ,捕獲頭数,9,頭,
tateyama_boar_district,館山市 地区別イノシシ捕獲状況（H29–R7）,https://www.city.tateyama.chiba.jp/files/300383359.pdf,-1,,9,館山市,九重,イノシシ,捕獲頭数,7,頭,
tateyama_boar_district,館山市 地区別イノシシ捕獲状況（H29–R7）,https://www.city.tateyama.chiba.jp/files/300383359.pdf,-1,,10,館山市,九重,イノシシ,捕獲頭数,11,頭,
tateyama_boar_district,館山市 地区別イノシシ捕獲状況（H29–R7）,https://www.city.tateyama.chiba.jp/files/300383359.pdf,-1,,11,館山市,九重,イノシシ,捕獲頭数,13,頭,
tateyama_boar_district,館山市 地区別イノシシ捕獲状況（H29–R7）,https://www.city.tateyama.chiba.jp/files/300383359.pdf,-1,,12,館山市,九重,イノシシ,捕獲頭数,17,頭,
tateyama_boar_district,館山市 地区別イノシシ捕獲状況（H29–R7）,https://www.city.tateyama.chiba.jp/files/300383359.pdf,-1,,1,館山市,九重,イノシシ,捕獲頭数,16,頭,
tateyama_boar_district,館山市 地区別イノシシ捕獲状況（H29–R7）,https://www.city.tateyama.chiba.jp/files/300383359.pdf,-1,,2,館山市,九重,イノシシ,捕獲頭数,13,頭,
tateyama_boar_district,館山市 地区別イノシシ捕獲状況（H29–R7）,https://www.city.tateyama.chiba.jp/files/300383359.pdf,-1,,3,館山市,九重,イノシシ,捕獲頭数,12,頭,
tateyama_boar_district,館山市 地区別イノシシ捕獲状況（H29–R7）,https://www.city.tateyama.chiba.jp/files/300383359.pdf,-1,,4,館山市,全市,イノシシ,捕獲頭数,37,頭,
tateyama_boar_district,館山市 地区別イノシシ捕獲状況（H29–R7）,https://www.city.tateyama.chiba.jp/files/300383359.pdf,-1,,5,館山市,全市,イノシシ,捕獲頭数,43,頭,
tateyama_boar_district,館山市 地区別イノシシ捕獲状況（H29–R7）,https://www.city.tateyama.chiba.jp/files/300383359.pdf,-1,,6,館山市,全市,イノシシ,捕獲頭数,17,頭,
tateyama_boar_district,館山市 地区別イノシシ捕獲状況（H29–R7）,https://www.city.tateyama.chiba.jp/files/300383359.pdf,-1,,7,館山市,全市,イノシシ,捕獲頭数,47,頭,
tateyama_boar_district,館山市 地区別イノシシ捕獲状況（H29–R7）,https://www.city.tateyama.chiba.jp/files/300383359.pdf,-1,,8,館山市,全市,イノシシ,捕獲頭数,73,頭,
tateyama_boar_district,館山市 地区別イノシシ捕獲状況（H29–R7）,https://www.city.tateyama.chiba.jp/files/300383359.pdf,-1,,9,館山市,全市,イノシシ,捕獲頭数,52,頭,
tateyama_boar_district,館山市 地区別イノシシ捕獲状況（H29–R7）,https://www.city.tateyama.chiba.jp/files/300383359.pdf,-1,,10,館山市,全市,イノシシ,捕獲頭数,48,頭,
tateyama_boar_district,館山市 地区別イノシシ捕獲状況（H29–R7）,https://www.city.tateyama.chiba.jp/files/300383359.pdf,-1,,11,館山市,全市,イノシシ,捕獲頭数,55,頭,
tateyama_boar_district,館山市 地区別イノシシ捕獲状況（H29–R7）,https://www.city.tateyama.chiba.jp/files/300383359.pdf,-1,,12,館山市,全市,イノシシ,捕獲頭数,75,頭,
tateyama_boar_district,館山市 地区別イノシシ捕獲状況（H29–R7）,https://www.city.tateyama.chiba.jp/files/300383359.pdf,-1,,1,館山市,全市,イノシシ,捕獲頭数,61,頭,
tateyama_boar_district,館山市 地区別イノシシ捕獲状況（H29–R7）,https://www.city.tateyama.chiba.jp/files/300383359.pdf,-1,,2,館山市,全市,イノシシ,捕獲頭数,73,頭,
tateyama_boar_district,館山市 地区別イノシシ捕獲状況（H29–R7）,https://www.city.tateyama.chiba.jp/files/300383359.pdf,-1,,3,館山市,全市,イノシシ,捕獲頭数,61,頭,
tateyama_boar_district,館山市 地区別イノシシ捕獲状況（H29–R7）,https://www.city.tateyama.chiba.jp/files/300383359.pdf,0,,4,館山市,館山,イノシシ,捕獲頭数,0,頭,
tateyama_boar_district,館山市 地区別イノシシ捕獲状況（H29–R7）,https://www.city.tateyama.chiba.jp/files/300383359.pdf,0,,5,館山市,館山,イノシシ,捕獲頭数,0,頭,
tateyama_boar_district,館山市 地区別イノシシ捕獲状況（H29–R7）,https://www.city.tateyama.chiba.jp/files/300383359.pdf,0,,6,館山市,館山,イノシシ,捕獲頭数,1,頭,
tateyama_boar_district,館山市 地区別イノシシ捕獲状況（H29–R7）,https://www.city.tateyama.chiba.jp/files/300383359.pdf,0,,7,館山市,館山,イノシシ,捕獲頭数,6,頭,
tateyama_boar_district,館山市 地区別イノシシ捕獲状況（H29–R7）,https://www.city.tateyama.chiba.jp/files/300383359.pdf,0,,8,館山市,館山,イノシシ,捕獲頭数,1,頭,
tateyama_boar_district,館山市 地区別イノシシ捕獲状況（H29–R7）,https://www.city.tateyama.chiba.jp/files/300383359.pdf,0,,9,館山市,館山,イノシシ,捕獲頭数,1,頭,
tateyama_boar_district,館山市 地区別イノシシ捕獲状況（H29–R7）,https://www.city.tateyama.chiba.jp/files/300383359.pdf,0,,10,館山市,館山,イノシシ,捕獲頭数,1,頭,
tateyama_boar_district,館山市 地区別イノシシ捕獲状況（H29–R7）,https://www.city.tateyama.chiba.jp/files/300383359.pdf,0,,11,館山市,館山,イノシシ,捕獲頭数,1,頭,
tateyama_boar_district,館山市 地区別イノシシ捕獲状況（H29–R7）,https://www.city.tateyama.chiba.jp/files/300383359.pdf,0,,12,館山市,館山,イノシシ,捕獲頭数,1,頭,
tateyama_boar_district,館山市 地区別イノシシ捕獲状況（H29–R7）,https://www.city.tateyama.chiba.jp/files/300383359.pdf,0,,1,館山市,館山,イノシシ,捕獲頭数,1,頭,
tateyama_boar_district,館山市 地区別イノシシ捕獲状況（H29–R7）,https://www.city.tateyama.chiba.jp/files/300383359.pdf,0,,2,館山市,館山,イノシシ,捕獲頭数,0,頭,
tateyama_boar_district,館山市 地区別イノシシ捕獲状況（H29–R7）,https://www.city.tateyama.chiba.jp/files/300383359.pdf,0,,3,館山市,館山,イノシシ,捕獲頭数,3,頭,
tateyama_boar_district,館山市 地区別イノシシ捕獲状況（H29–R7）,https://www.city.tateyama.chiba.jp/files/300383359.pdf,0,,4,館山市,北条,イノシシ,捕獲頭数,0,頭,
tateyama_boar_district,館山市 地区別イノシシ捕獲状況（H29–R7）,https://www.city.tateyama.chiba.jp/files/300383359.pdf,0,,5,館山市,北条,イノシシ,捕獲頭数,0,頭,
tateyama_boar_district,館山市 地区別イノシシ捕獲状況（H29–R7）,https://www.city.tateyama.chiba.jp/files/300383359.pdf,0,,6,館山市,北条,イノシシ,捕獲頭数,0,頭,
tateyama_boar_district,館山市 地区別イノシシ捕獲状況（H29–R7）,https://www.city.tateyama.chiba.jp/files/300383359.pdf,0,,7,館山市,北条,イノシシ,捕獲頭数,0,頭,
tateyama_boar_district,館山市 地区別イノシシ捕獲状況（H29–R7）,https://www.city.tateyama.chiba.jp/files/300383359.pdf,0,,8,館山市,北条,イノシシ,捕獲頭数,0,頭,
tateyama_boar_district,館山市 地区別イノシシ捕獲状況（H29–R7）,https://www.city.tateyama.chiba.jp/files/300383359.pdf,0,,9,館山市,北条,イノシシ,捕獲頭数,0,頭,
tateyama_boar_district,館山市 地区別イノシシ捕獲状況（H29–R7）,https://www.city.tateyama.chiba.jp/files/300383359.pdf,0,,10,館山市,北条,イノシシ,捕獲頭数,0,頭,
tateyama_boar_district,館山市 地区別イノシシ捕獲状況（H29–R7）,https://www.city.tateyama.chiba.jp/files/300383359.pdf,0,,11,館山市,北条,イノシシ,捕獲頭数,0,頭,
tateyama_boar_district,館山市 地区別イノシシ捕獲状況（H29–R7）,https://www.city.tateyama.chiba.jp/files/300383359.pdf,0,,12,館山市,北条,イノシシ,捕獲頭数,0,頭,
tateyama_boar_district,館山市 地区別イノシシ捕獲状況（H29–R7）,https://www.city.tateyama.chiba.jp/files/300383359.pdf,0,,1,館山市,北条,イノシシ,捕獲頭数,0,頭,
tateyama_boar_district,館山市 地区別イノシシ捕獲状況（H29–R7）,https://www.city.tateyama.chiba.jp/files/300383359.pdf,0,,2,館山市,北条,イノシシ,捕獲頭数,0,頭,
tateyama_boar_district,館山市 地区別イノシシ捕獲状況（H29–R7）,https://www.city.tateyama.chiba.jp/files/300383359.pdf,0,,3,館山市,北条,イノシシ,捕獲頭数,0,頭,
tateyama_boar_district,館山市 地区別イノシシ捕獲状況（H29–R7）,https://www.city.tateyama.chiba.jp/files/300383359.pdf,0,,4,館山市,那古,イノシシ,捕獲頭数,7,頭,
tateyama_boar_district,館山市 地区別イノシシ捕獲状況（H29–R7）,https://www.city.tateyama.chiba.jp/files/300383359.pdf,0,,5,館山市,那古,イノシシ,捕獲頭数,2,頭,
tateyama_boar_district,館山市 地区別イノシシ捕獲状況（H29–R7）,https://www.city.tateyama.chiba.jp/files/300383359.pdf,0,,6,館山市,那古,イノシシ,捕獲頭数,2,頭,
tateyama_boar_district,館山市 地区別イノシシ捕獲状況（H29–R7）,https://www.city.tateyama.chiba.jp/files/300383359.pdf,0,,7,館山市,那古,イノシシ,捕獲頭数,7,頭,
tateyama_boar_district,館山市 地区別イノシシ捕獲状況（H29–R7）,https://www.city.tateyama.chiba.jp/files/300383359.pdf,0,,8,館山市,那古,イノシシ,捕獲頭数,2,頭,
tateyama_boar_district,館山市 地区別イノシシ捕獲状況（H29–R7）,https://www.city.tateyama.chiba.jp/files/300383359.pdf,0,,9,館山市,那古,イノシシ,捕獲頭数,5,頭,
tateyama_boar_district,館山市 地区別イノシシ捕獲状況（H29–R7）,https://www.city.tateyama.chiba.jp/files/300383359.pdf,0,,10,館山市,那古,イノシシ,捕獲頭数,1,頭,
tateyama_boar_district,館山市 地区別イノシシ捕獲状況（H29–R7）,https://www.city.tateyama.chiba.jp/files/300383359.pdf,0,,11,館山市,那古,イノシシ,捕獲頭数,10,頭,
tateyama_boar_district,館山市 地区別イノシシ捕獲状況（H29–R7）,https://www.city.tateyama.chiba.jp/files/300383359.pdf,0,,12,館山市,那古,イノシシ,捕獲頭数,17,頭,
tateyama_boar_district,館山市 地区別イノシシ捕獲状況（H29–R7）,https://www.city.tateyama.chiba.jp/files/300383359.pdf,0,,1,館山市,那古,イノシシ,捕獲頭数,23,頭,
tateyama_boar_district,館山市 地区別イノシシ捕獲状況（H29–R7）,https://www.city.tateyama.chiba.jp/files/300383359.pdf,0,,2,館山市,那古,イノシシ,捕獲頭数,16,頭,
tateyama_boar_district,館山市 地区別イノシシ捕獲状況（H29–R7）,https://www.city.tateyama.chiba.jp/files/300383359.pdf,0,,3,館山市,那古,イノシシ,捕獲頭数,9,頭,
tateyama_boar_district,館山市 地区別イノシシ捕獲状況（H29–R7）,https://www.city.tateyama.chiba.jp/files/300383359.pdf,0,,4,館山市,船形,イノシシ,捕獲頭数,0,頭,
tateyama_boar_district,館山市 地区別イノシシ捕獲状況（H29–R7）,https://www.city.tateyama.chiba.jp/files/300383359.pdf,0,,5,館山市,船形,イノシシ,捕獲頭数,0,頭,
tateyama_boar_district,館山市 地区別イノシシ捕獲状況（H29–R7）,https://www.city.tateyama.chiba.jp/files/300383359.pdf,0,,6,館山市,船形,イノシシ,捕獲頭数,0,頭,
tateyama_boar_district,館山市 地区別イノシシ捕獲状況（H29–R7）,https://www.city.tateyama.chiba.jp/files/300383359.pdf,0,,7,館山市,船形,イノシシ,捕獲頭数,0,頭,
tateyama_boar_district,館山市 地区別イノシシ捕獲状況（H29–R7）,https://www.city.tateyama.chiba.jp/files/300383359.pdf,0,,8,館山市,船形,イノシシ,捕獲頭数,0,頭,
tateyama_boar_district,館山市 地区別イノシシ捕獲状況（H29–R7）,https://www.city.tateyama.chiba.jp/files/300383359.pdf,0,,9,館山市,船形,イノシシ,捕獲頭数,0,頭,
tateyama_boar_district,館山市 地区別イノシシ捕獲状況（H29–R7）,https://www.city.tateyama.chiba.jp/files/300383359.pdf,0,,10,館山市,船形,イノシシ,捕獲頭数,0,頭,
tateyama_boar_district,館山市 地区別イノシシ捕獲状況（H29–R7）,https://www.city.tateyama.chiba.jp/files/300383359.pdf,0,,11,館山市,船形,イノシシ,捕獲頭数,0,頭,
tateyama_boar_district,館山市 地区別イノシシ捕獲状況（H29–R7）,https://www.city.tateyama.chiba.jp/files/300383359.pdf,0,,12,館山市,船形,イノシシ,捕獲頭数,0,頭,
tateyama_boar_district,館山市 地区別イノシシ捕獲状況（H29–R7）,https://www.city.tateyama.chiba.jp/files/300383359.pdf,0,,1,館山市,船形,イノシシ,捕獲頭数,0,頭,
tateyama_boar_district,館山市 地区別イノシシ捕獲状況（H29–R7）,https://www.city.tateyama.chiba.jp/files/300383359.pdf,0,,2,館山市,船形,イノシシ,捕獲頭数,0,頭,
tateyama_boar_district,館山市 地区別イノシシ捕獲状況（H29–R7）,https://www.city.tateyama.chiba.jp/files/300383359.pdf,0,,3,館山市,船形,イノシシ,捕獲頭数,0,頭,
tateyama_boar_district,館山市 地区別イノシシ捕獲状況（H29–R7）,https://www.city.tateyama.chiba.jp/files/300383359.pdf,0,,4,館山市,西岬,イノシシ,捕獲頭数,0,頭,
tateyama_boar_district,館山市 地区別イノシシ捕獲状況（H29–R7）,https://www.city.tateyama.chiba.jp/files/300383359.pdf,0,,5,館山市,西岬,イノシシ,捕獲頭数,0,頭,
tateyama_boar_district,館山市 地区別イノシシ捕獲状況（H29–R7）,https://www.city.tateyama.chiba.jp/files/300383359.pdf,0,,6,館山市,西岬,イノシシ,捕獲頭数,0,頭,
tateyama_boar_district,館山市 地区別イノシシ捕獲状況（H29–R7）,https://www.city.tateyama.chiba.jp/files/300383359.pdf,0,,7,館山市,西岬,イノシシ,捕獲頭数,0,頭,
tateyama_boar_district,館山市 地区別イノシシ捕獲状況（H29–R7）,https://www.city.tateyama.chiba.jp/files/300383359.pdf,0,,8,館山市,西岬,イノシシ,捕獲頭数,0,頭,
tateyama_boar_district,館山市 地区別イノシシ捕獲状況（H29–R7）,https://www.city.tateyama.chiba.jp/files/300383359.pdf,0,,9,館山市,西岬,イノシシ,捕獲頭数,3,頭,
tateyama_boar_district,館山市 地区別イノシシ捕獲状況（H29–R7）,https://www.city.tateyama.chiba.jp/files/300383359.pdf,0,,10,館山市,西岬,イノシシ,捕獲頭数,2,頭,
tateyama_boar_district,館山市 地区別イノシシ捕獲状況（H29–R7）,https://www.city.tateyama.chiba.jp/files/300383359.pdf,0,,11,館山市,西岬,イノシシ,捕獲頭数,1,頭,
tateyama_boar_district,館山市 地区別イノシシ捕獲状況（H29–R7）,https://www.city.tateyama.chiba.jp/files/300383359.pdf,0,,12,館山市,西岬,イノシシ,捕獲頭数,1,頭,
tateyama_boar_district,館山市 地区別イノシシ捕獲状況（H29–R7）,https://www.city.tateyama.chiba.jp/files/300383359.pdf,0,,1,館山市,西岬,イノシシ,捕獲頭数,2,頭,
tateyama_boar_district,館山市 地区別イノシシ捕獲状況（H29–R7）,https://www.city.tateyama.chiba.jp/files/300383359.pdf,0,,2,館山市,西岬,イノシシ,捕獲頭数,3,頭,
tateyama_boar_district,館山市 地区別イノシシ捕獲状況（H29–R7）,https://www.city.tateyama.chiba.jp/files/300383359.pdf,0,,3,館山市,西岬,イノシシ,捕獲頭数,4,頭,
tateyama_boar_district,館山市 地区別イノシシ捕獲状況（H29–R7）,https://www.city.tateyama.chiba.jp/files/300383359.pdf,0,,4,館山市,神戸,イノシシ,捕獲頭数,13,頭,
tateyama_boar_district,館山市 地区別イノシシ捕獲状況（H29–R7）,https://www.city.tateyama.chiba.jp/files/300383359.pdf,0,,5,館山市,神戸,イノシシ,捕獲頭数,8,頭,
tateyama_boar_district,館山市 地区別イノシシ捕獲状況（H29–R7）,https://www.city.tateyama.chiba.jp/files/300383359.pdf,0,,6,館山市,神戸,イノシシ,捕獲頭数,8,頭,
tateyama_boar_district,館山市 地区別イノシシ捕獲状況（H29–R7）,https://www.city.tateyama.chiba.jp/files/300383359.pdf,0,,7,館山市,神戸,イノシシ,捕獲頭数,15,頭,
tateyama_boar_district,館山市 地区別イノシシ捕獲状況（H29–R7）,https://www.city.tateyama.chiba.jp/files/300383359.pdf,0,,8,館山市,神戸,イノシシ,捕獲頭数,21,頭,
tateyama_boar_district,館山市 地区別イノシシ捕獲状況（H29–R7）,https://www.city.tateyama.chiba.jp/files/300383359.pdf,0,,9,館山市,神戸,イノシシ,捕獲頭数,17,頭,
tateyama_boar_district,館山市 地区別イノシシ捕獲状況（H29–R7）,https://www.city.tateyama.chiba.jp/files/300383359.pdf,0,,10,館山市,神戸,イノシシ,捕獲頭数,24,頭,
tateyama_boar_district,館山市 地区別イノシシ捕獲状況（H29–R7）,https://www.city.tateyama.chiba.jp/files/300383359.pdf,0,,11,館山市,神戸,イノシシ,捕獲頭数,24,頭,
tateyama_boar_district,館山市 地区別イノシシ捕獲状況（H29–R7）,https://www.city.tateyama.chiba.jp/files/300383359.pdf,0,,12,館山市,神戸,イノシシ,捕獲頭数,23,頭,
tateyama_boar_district,館山市 地区別イノシシ捕獲状況（H29–R7）,https://www.city.tateyama.chiba.jp/files/300383359.pdf,0,,1,館山市,神戸,イノシシ,捕獲頭数,27,頭,
tateyama_boar_district,館山市 地区別イノシシ捕獲状況（H29–R7）,https://www.city.tateyama.chiba.jp/files/300383359.pdf,0,,2,館山市,神戸,イノシシ,捕獲頭数,12,頭,
tateyama_boar_district,館山市 地区別イノシシ捕獲状況（H29–R7）,https://www.city.tateyama.chiba.jp/files/300383359.pdf,0,,3,館山市,神戸,イノシシ,捕獲頭数,10,頭,
tateyama_boar_district,館山市 地区別イノシシ捕獲状況（H29–R7）,https://www.city.tateyama.chiba.jp/files/300383359.pdf,0,,4,館山市,富崎,イノシシ,捕獲頭数,0,頭,
tateyama_boar_district,館山市 地区別イノシシ捕獲状況（H29–R7）,https://www.city.tateyama.chiba.jp/files/300383359.pdf,0,,5,館山市,富崎,イノシシ,捕獲頭数,0,頭,
tateyama_boar_district,館山市 地区別イノシシ捕獲状況（H29–R7）,https://www.city.tateyama.chiba.jp/files/300383359.pdf,0,,6,館山市,富崎,イノシシ,捕獲頭数,0,頭,
tateyama_boar_district,館山市 地区別イノシシ捕獲状況（H29–R7）,https://www.city.tateyama.chiba.jp/files/300383359.pdf,0,,7,館山市,富崎,イノシシ,捕獲頭数,0,頭,
tateyama_boar_district,館山市 地区別イノシシ捕獲状況（H29–R7）,https://www.city.tateyama.chiba.jp/files/300383359.pdf,0,,8,館山市,富崎,イノシシ,捕獲頭数,0,頭,
tateyama_boar_district,館山市 地区別イノシシ捕獲状況（H29–R7）,https://www.city.tateyama.chiba.jp/files/300383359.pdf,0,,9,館山市,富崎,イノシシ,捕獲頭数,1,頭,
tateyama_boar_district,館山市 地区別イノシシ捕獲状況（H29–R7）,https://www.city.tateyama.chiba.jp/files/300383359.pdf,0,,10,館山市,富崎,イノシシ,捕獲頭数,2,頭,
tateyama_boar_district,館山市 地区別イノシシ捕獲状況（H29–R7）,https://www.city.tateyama.chiba.jp/files/300383359.pdf,0,,11,館山市,富崎,イノシシ,捕獲頭数,0,頭,
tateyama_boar_district,館山市 地区別イノシシ捕獲状況（H29–R7）,https://www.city.tateyama.chiba.jp/files/300383359.pdf,0,,12,館山市,富崎,イノシシ,捕獲頭数,0,頭,
tateyama_boar_district,館山市 地区別イノシシ捕獲状況（H29–R7）,https://www.city.tateyama.chiba.jp/files/300383359.pdf,0,,1,館山市,富崎,イノシシ,捕獲頭数,1,頭,
tateyama_boar_district,館山市 地区別イノシシ捕獲状況（H29–R7）,https://www.city.tateyama.chiba.jp/files/300383359.pdf,0,,2,館山市,富崎,イノシシ,捕獲頭数,0,頭,
tateyama_boar_district,館山市 地区別イノシシ捕獲状況（H29–R7）,https://www.city.tateyama.chiba.jp/files/300383359.pdf,0,,3,館山市,富崎,イノシシ,捕獲頭数,0,頭,
tateyama_boar_district,館山市 地区別イノシシ捕獲状況（H29–R7）,https://www.city.tateyama.chiba.jp/files/300383359.pdf,0,,4,館山市,豊房,イノシシ,捕獲頭数,11,頭,
tateyama_boar_district,館山市 地区別イノシシ捕獲状況（H29–R7）,https://www.city.tateyama.chiba.jp/files/300383359.pdf,0,,5,館山市,豊房,イノシシ,捕獲頭数,8,頭,
tateyama_boar_district,館山市 地区別イノシシ捕獲状況（H29–R7）,https://www.city.tateyama.chiba.jp/files/300383359.pdf,0,,6,館山市,豊房,イノシシ,捕獲頭数,30,頭,
tateyama_boar_district,館山市 地区別イノシシ捕獲状況（H29–R7）,https://www.city.tateyama.chiba.jp/files/300383359.pdf,0,,7,館山市,豊房,イノシシ,捕獲頭数,65,頭,
tateyama_boar_district,館山市 地区別イノシシ捕獲状況（H29–R7）,https://www.city.tateyama.chiba.jp/files/300383359.pdf,0,,8,館山市,豊房,イノシシ,捕獲頭数,75,頭,
tateyama_boar_district,館山市 地区別イノシシ捕獲状況（H29–R7）,https://www.city.tateyama.chiba.jp/files/300383359.pdf,0,,9,館山市,豊房,イノシシ,捕獲頭数,33,頭,
tateyama_boar_district,館山市 地区別イノシシ捕獲状況（H29–R7）,https://www.city.tateyama.chiba.jp/files/300383359.pdf,0,,10,館山市,豊房,イノシシ,捕獲頭数,57,頭,
tateyama_boar_district,館山市 地区別イノシシ捕獲状況（H29–R7）,https://www.city.tateyama.chiba.jp/files/300383359.pdf,0,,11,館山市,豊房,イノシシ,捕獲頭数,53,頭,
tateyama_boar_district,館山市 地区別イノシシ捕獲状況（H29–R7）,https://www.city.tateyama.chiba.jp/files/300383359.pdf,0,,12,館山市,豊房,イノシシ,捕獲頭数,39,頭,
tateyama_boar_district,館山市 地区別イノシシ捕獲状況（H29–R7）,https://www.city.tateyama.chiba.jp/files/300383359.pdf,0,,1,館山市,豊房,イノシシ,捕獲頭数,58,頭,
tateyama_boar_district,館山市 地区別イノシシ捕獲状況（H29–R7）,https://www.city.tateyama.chiba.jp/files/300383359.pdf,0,,2,館山市,豊房,イノシシ,捕獲頭数,22,頭,
tateyama_boar_district,館山市 地区別イノシシ捕獲状況（H29–R7）,https://www.city.tateyama.chiba.jp/files/300383359.pdf,0,,3,館山市,豊房,イノシシ,捕獲頭数,37,頭,
tateyama_boar_district,館山市 地区別イノシシ捕獲状況（H29–R7）,https://www.city.tateyama.chiba.jp/files/300383359.pdf,0,,4,館山市,館野,イノシシ,捕獲頭数,1,頭,
tateyama_boar_district,館山市 地区別イノシシ捕獲状況（H29–R7）,https://www.city.tateyama.chiba.jp/files/300383359.pdf,0,,5,館山市,館野,イノシシ,捕獲頭数,3,頭,
tateyama_boar_district,館山市 地区別イノシシ捕獲状況（H29–R7）,https://www.city.tateyama.chiba.jp/files/300383359.pdf,0,,6,館山市,館野,イノシシ,捕獲頭数,5,頭,
tateyama_boar_district,館山市 地区別イノシシ捕獲状況（H29–R7）,https://www.city.tateyama.chiba.jp/files/300383359.pdf,0,,7,館山市,館野,イノシシ,捕獲頭数,15,頭,
tateyama_boar_district,館山市 地区別イノシシ捕獲状況（H29–R7）,https://www.city.tateyama.chiba.jp/files/300383359.pdf,0,,8,館山市,館野,イノシシ,捕獲頭数,23,頭,
tateyama_boar_district,館山市 地区別イノシシ捕獲状況（H29–R7）,https://www.city.tateyama.chiba.jp/files/300383359.pdf,0,,9,館山市,館野,イノシシ,捕獲頭数,2,頭,
tateyama_boar_district,館山市 地区別イノシシ捕獲状況（H29–R7）,https://www.city.tateyama.chiba.jp/files/300383359.pdf,0,,10,館山市,館野,イノシシ,捕獲頭数,3,頭,
tateyama_boar_district,館山市 地区別イノシシ捕獲状況（H29–R7）,https://www.city.tateyama.chiba.jp/files/300383359.pdf,0,,11,館山市,館野,イノシシ,捕獲頭数,4,頭,
tateyama_boar_district,館山市 地区別イノシシ捕獲状況（H29–R7）,https://www.city.tateyama.chiba.jp/files/300383359.pdf,0,,12,館山市,館野,イノシシ,捕獲頭数,2,頭,
tateyama_boar_district,館山市 地区別イノシシ捕獲状況（H29–R7）,https://www.city.tateyama.chiba.jp/files/300383359.pdf,0,,1,館山市,館野,イノシシ,捕獲頭数,4,頭,
tateyama_boar_district,館山市 地区別イノシシ捕獲状況（H29–R7）,https://www.city.tateyama.chiba.jp/files/300383359.pdf,0,,2,館山市,館野,イノシシ,捕獲頭数,1,頭,
tateyama_boar_district,館山市 地区別イノシシ捕獲状況（H29–R7）,https://www.city.tateyama.chiba.jp/files/300383359.pdf,0,,3,館山市,館野,イノシシ,捕獲頭数,3,頭,
tateyama_boar_district,館山市 地区別イノシシ捕獲状況（H29–R7）,https://www.city.tateyama.chiba.jp/files/300383359.pdf,0,,4,館山市,九重,イノシシ,捕獲頭数,9,頭,
tateyama_boar_district,館山市 地区別イノシシ捕獲状況（H29–R7）,https://www.city.tateyama.chiba.jp/files/300383359.pdf,0,,5,館山市,九重,イノシシ,捕獲頭数,5,頭,
tateyama_boar_district,館山市 地区別イノシシ捕獲状況（H29–R7）,https://www.city.tateyama.chiba.jp/files/300383359.pdf,0,,6,館山市,九重,イノシシ,捕獲頭数,9,頭,
tateyama_boar_district,館山市 地区別イノシシ捕獲状況（H29–R7）,https://www.city.tateyama.chiba.jp/files/300383359.pdf,0,,7,館山市,九重,イノシシ,捕獲頭数,8,頭,
tateyama_boar_district,館山市 地区別イノシシ捕獲状況（H29–R7）,https://www.city.tateyama.chiba.jp/files/300383359.pdf,0,,8,館山市,九重,イノシシ,捕獲頭数,32,頭,
tateyama_boar_district,館山市 地区別イノシシ捕獲状況（H29–R7）,https://www.city.tateyama.chiba.jp/files/300383359.pdf,0,,9,館山市,九重,イノシシ,捕獲頭数,6,頭,
tateyama_boar_district,館山市 地区別イノシシ捕獲状況（H29–R7）,https://www.city.tateyama.chiba.jp/files/300383359.pdf,0,,10,館山市,九重,イノシシ,捕獲頭数,4,頭,
tateyama_boar_district,館山市 地区別イノシシ捕獲状況（H29–R7）,https://www.city.tateyama.chiba.jp/files/300383359.pdf,0,,11,館山市,九重,イノシシ,捕獲頭数,7,頭,
tateyama_boar_district,館山市 地区別イノシシ捕獲状況（H29–R7）,https://www.city.tateyama.chiba.jp/files/300383359.pdf,0,,12,館山市,九重,イノシシ,捕獲頭数,3,頭,
tateyama_boar_district,館山市 地区別イノシシ捕獲状況（H29–R7）,https://www.city.tateyama.chiba.jp/files/300383359.pdf,0,,1,館山市,九重,イノシシ,捕獲頭数,16,頭,
tateyama_boar_district,館山市 地区別イノシシ捕獲状況（H29–R7）,https://www.city.tateyama.chiba.jp/files/300383359.pdf,0,,2,館山市,九重,イノシシ,捕獲頭数,14,頭,
tateyama_boar_district,館山市 地区別イノシシ捕獲状況（H29–R7）,https://www.city.tateyama.chiba.jp/files/300383359.pdf,0,,3,館山市,九重,イノシシ,捕獲頭数,28,頭,
tateyama_boar_district,館山市 地区別イノシシ捕獲状況（H29–R7）,https://www.city.tateyama.chiba.jp/files/300383359.pdf,0,,4,館山市,全市,イノシシ,捕獲頭数,41,頭,
tateyama_boar_district,館山市 地区別イノシシ捕獲状況（H29–R7）,https://www.city.tateyama.chiba.jp/files/300383359.pdf,0,,5,館山市,全市,イノシシ,捕獲頭数,26,頭,
tateyama_boar_district,館山市 地区別イノシシ捕獲状況（H29–R7）,https://www.city.tateyama.chiba.jp/files/300383359.pdf,0,,6,館山市,全市,イノシシ,捕獲頭数,55,頭,
tateyama_boar_district,館山市 地区別イノシシ捕獲状況（H29–R7）,https://www.city.tateyama.chiba.jp/files/300383359.pdf,0,,7,館山市,全市,イノシシ,捕獲頭数,116,頭,
tateyama_boar_district,館山市 地区別イノシシ捕獲状況（H29–R7）,https://www.city.tateyama.chiba.jp/files/300383359.pdf,0,,8,館山市,全市,イノシシ,捕獲頭数,154,頭,
tateyama_boar_district,館山市 地区別イノシシ捕獲状況（H29–R7）,https://www.city.tateyama.chiba.jp/files/300383359.pdf,0,,9,館山市,全市,イノシシ,捕獲頭数,68,頭,
tateyama_boar_district,館山市 地区別イノシシ捕獲状況（H29–R7）,https://www.city.tateyama.chiba.jp/files/300383359.pdf,0,,10,館山市,全市,イノシシ,捕獲頭数,94,頭,
tateyama_boar_district,館山市 地区別イノシシ捕獲状況（H29–R7）,https://www.city.tateyama.chiba.jp/files/300383359.pdf,0,,11,館山市,全市,イノシシ,捕獲頭数,101,頭,
tateyama_boar_district,館山市 地区別イノシシ捕獲状況（H29–R7）,https://www.city.tateyama.chiba.jp/files/300383359.pdf,0,,12,館山市,全市,イノシシ,捕獲頭数,86,頭,
tateyama_boar_district,館山市 地区別イノシシ捕獲状況（H29–R7）,https://www.city.tateyama.chiba.jp/files/300383359.pdf,0,,1,館山市,全市,イノシシ,捕獲頭数,122,頭,
tateyama_boar_district,館山市 地区別イノシシ捕獲状況（H29–R7）,https://www.city.tateyama.chiba.jp/files/300383359.pdf,0,,2,館山市,全市,イノシシ,捕獲頭数,68,頭,
tateyama_boar_district,館山市 地区別イノシシ捕獲状況（H29–R7）,https://www.city.tateyama.chiba.jp/files/300383359.pdf,0,,3,館山市,全市,イノシシ,捕獲頭数,94,頭,
tateyama_boar_district,館山市 地区別イノシシ捕獲状況（H29–R7）,https://www.city.tateyama.chiba.jp/files/300383359.pdf,1,,4,館山市,館山,イノシシ,捕獲頭数,0,頭,
tateyama_boar_district,館山市 地区別イノシシ捕獲状況（H29–R7）,https://www.city.tateyama.chiba.jp/files/300383359.pdf,1,,5,館山市,館山,イノシシ,捕獲頭数,1,頭,
tateyama_boar_district,館山市 地区別イノシシ捕獲状況（H29–R7）,https://www.city.tateyama.chiba.jp/files/300383359.pdf,1,,6,館山市,館山,イノシシ,捕獲頭数,0,頭,
tateyama_boar_district,館山市 地区別イノシシ捕獲状況（H29–R7）,https://www.city.tateyama.chiba.jp/files/300383359.pdf,1,,7,館山市,館山,イノシシ,捕獲頭数,0,頭,
tateyama_boar_district,館山市 地区別イノシシ捕獲状況（H29–R7）,https://www.city.tateyama.chiba.jp/files/300383359.pdf,1,,8,館山市,館山,イノシシ,捕獲頭数,4,頭,
tateyama_boar_district,館山市 地区別イノシシ捕獲状況（H29–R7）,https://www.city.tateyama.chiba.jp/files/300383359.pdf,1,,9,館山市,館山,イノシシ,捕獲頭数,2,頭,
tateyama_boar_district,館山市 地区別イノシシ捕獲状況（H29–R7）,https://www.city.tateyama.chiba.jp/files/300383359.pdf,1,,10,館山市,館山,イノシシ,捕獲頭数,3,頭,
tateyama_boar_district,館山市 地区別イノシシ捕獲状況（H29–R7）,https://www.city.tateyama.chiba.jp/files/300383359.pdf,1,,11,館山市,館山,イノシシ,捕獲頭数,2,頭,
tateyama_boar_district,館山市 地区別イノシシ捕獲状況（H29–R7）,https://www.city.tateyama.chiba.jp/files/300383359.pdf,1,,12,館山市,館山,イノシシ,捕獲頭数,5,頭,
tateyama_boar_district,館山市 地区別イノシシ捕獲状況（H29–R7）,https://www.city.tateyama.chiba.jp/files/300383359.pdf,1,,1,館山市,館山,イノシシ,捕獲頭数,4,頭,
tateyama_boar_district,館山市 地区別イノシシ捕獲状況（H29–R7）,https://www.city.tateyama.chiba.jp/files/300383359.pdf,1,,2,館山市,館山,イノシシ,捕獲頭数,4,頭,
tateyama_boar_district,館山市 地区別イノシシ捕獲状況（H29–R7）,https://www.city.tateyama.chiba.jp/files/300383359.pdf,1,,3,館山市,館山,イノシシ,捕獲頭数,2,頭,
tateyama_boar_district,館山市 地区別イノシシ捕獲状況（H29–R7）,https://www.city.tateyama.chiba.jp/files/300383359.pdf,1,,4,館山市,北条,イノシシ,捕獲頭数,0,頭,
tateyama_boar_district,館山市 地区別イノシシ捕獲状況（H29–R7）,https://www.city.tateyama.chiba.jp/files/300383359.pdf,1,,5,館山市,北条,イノシシ,捕獲頭数,0,頭,
tateyama_boar_district,館山市 地区別イノシシ捕獲状況（H29–R7）,https://www.city.tateyama.chiba.jp/files/300383359.pdf,1,,6,館山市,北条,イノシシ,捕獲頭数,0,頭,
tateyama_boar_district,館山市 地区別イノシシ捕獲状況（H29–R7）,https://www.city.tateyama.chiba.jp/files/300383359.pdf,1,,7,館山市,北条,イノシシ,捕獲頭数,0,頭,
tateyama_boar_district,館山市 地区別イノシシ捕獲状況（H29–R7）,https://www.city.tateyama.chiba.jp/files/300383359.pdf,1,,8,館山市,北条,イノシシ,捕獲頭数,0,頭,
tateyama_boar_district,館山市 地区別イノシシ捕獲状況（H29–R7）,https://www.city.tateyama.chiba.jp/files/300383359.pdf,1,,9,館山市,北条,イノシシ,捕獲頭数,0,頭,
tateyama_boar_district,館山市 地区別イノシシ捕獲状況（H29–R7）,https://www.city.tateyama.chiba.jp/files/300383359.pdf,1,,10,館山市,北条,イノシシ,捕獲頭数,0,頭,
tateyama_boar_district,館山市 地区別イノシシ捕獲状況（H29–R7）,https://www.city.tateyama.chiba.jp/files/300383359.pdf,1,,11,館山市,北条,イノシシ,捕獲頭数,0,頭,
tateyama_boar_district,館山市 地区別イノシシ捕獲状況（H29–R7）,https://www.city.tateyama.chiba.jp/files/300383359.pdf,1,,12,館山市,北条,イノシシ,捕獲頭数,0,頭,
tateyama_boar_district,館山市 地区別イノシシ捕獲状況（H29–R7）,https://www.city.tateyama.chiba.jp/files/300383359.pdf,1,,1,館山市,北条,イノシシ,捕獲頭数,0,頭,
tateyama_boar_district,館山市 地区別イノシシ捕獲状況（H29–R7）,https://www.city.tateyama.chiba.jp/files/300383359.pdf,1,,2,館山市,北条,イノシシ,捕獲頭数,0,頭,
tateyama_boar_district,館山市 地区別イノシシ捕獲状況（H29–R7）,https://www.city.tateyama.chiba.jp/files/300383359.pdf,1,,3,館山市,北条,イノシシ,捕獲頭数,0,頭,
tateyama_boar_district,館山市 地区別イノシシ捕獲状況（H29–R7）,https://www.city.tateyama.chiba.jp/files/300383359.pdf,1,,4,館山市,那古,イノシシ,捕獲頭数,4,頭,
tateyama_boar_district,館山市 地区別イノシシ捕獲状況（H29–R7）,https://www.city.tateyama.chiba.jp/files/300383359.pdf,1,,5,館山市,那古,イノシシ,捕獲頭数,4,頭,
tateyama_boar_district,館山市 地区別イノシシ捕獲状況（H29–R7）,https://www.city.tateyama.chiba.jp/files/300383359.pdf,1,,6,館山市,那古,イノシシ,捕獲頭数,0,頭,
tateyama_boar_district,館山市 地区別イノシシ捕獲状況（H29–R7）,https://www.city.tateyama.chiba.jp/files/300383359.pdf,1,,7,館山市,那古,イノシシ,捕獲頭数,1,頭,
tateyama_boar_district,館山市 地区別イノシシ捕獲状況（H29–R7）,https://www.city.tateyama.chiba.jp/files/300383359.pdf,1,,8,館山市,那古,イノシシ,捕獲頭数,12,頭,
tateyama_boar_district,館山市 地区別イノシシ捕獲状況（H29–R7）,https://www.city.tateyama.chiba.jp/files/300383359.pdf,1,,9,館山市,那古,イノシシ,捕獲頭数,3,頭,
tateyama_boar_district,館山市 地区別イノシシ捕獲状況（H29–R7）,https://www.city.tateyama.chiba.jp/files/300383359.pdf,1,,10,館山市,那古,イノシシ,捕獲頭数,2,頭,
tateyama_boar_district,館山市 地区別イノシシ捕獲状況（H29–R7）,https://www.city.tateyama.chiba.jp/files/300383359.pdf,1,,11,館山市,那古,イノシシ,捕獲頭数,10,頭,
tateyama_boar_district,館山市 地区別イノシシ捕獲状況（H29–R7）,https://www.city.tateyama.chiba.jp/files/300383359.pdf,1,,12,館山市,那古,イノシシ,捕獲頭数,21,頭,
tateyama_boar_district,館山市 地区別イノシシ捕獲状況（H29–R7）,https://www.city.tateyama.chiba.jp/files/300383359.pdf,1,,1,館山市,那古,イノシシ,捕獲頭数,15,頭,
tateyama_boar_district,館山市 地区別イノシシ捕獲状況（H29–R7）,https://www.city.tateyama.chiba.jp/files/300383359.pdf,1,,2,館山市,那古,イノシシ,捕獲頭数,27,頭,
tateyama_boar_district,館山市 地区別イノシシ捕獲状況（H29–R7）,https://www.city.tateyama.chiba.jp/files/300383359.pdf,1,,3,館山市,那古,イノシシ,捕獲頭数,12,頭,
tateyama_boar_district,館山市 地区別イノシシ捕獲状況（H29–R7）,https://www.city.tateyama.chiba.jp/files/300383359.pdf,1,,4,館山市,船形,イノシシ,捕獲頭数,0,頭,
tateyama_boar_district,館山市 地区別イノシシ捕獲状況（H29–R7）,https://www.city.tateyama.chiba.jp/files/300383359.pdf,1,,5,館山市,船形,イノシシ,捕獲頭数,0,頭,
tateyama_boar_district,館山市 地区別イノシシ捕獲状況（H29–R7）,https://www.city.tateyama.chiba.jp/files/300383359.pdf,1,,6,館山市,船形,イノシシ,捕獲頭数,0,頭,
tateyama_boar_district,館山市 地区別イノシシ捕獲状況（H29–R7）,https://www.city.tateyama.chiba.jp/files/300383359.pdf,1,,7,館山市,船形,イノシシ,捕獲頭数,0,頭,
tateyama_boar_district,館山市 地区別イノシシ捕獲状況（H29–R7）,https://www.city.tateyama.chiba.jp/files/300383359.pdf,1,,8,館山市,船形,イノシシ,捕獲頭数,0,頭,
tateyama_boar_district,館山市 地区別イノシシ捕獲状況（H29–R7）,https://www.city.tateyama.chiba.jp/files/300383359.pdf,1,,9,館山市,船形,イノシシ,捕獲頭数,0,頭,
tateyama_boar_district,館山市 地区別イノシシ捕獲状況（H29–R7）,https://www.city.tateyama.chiba.jp/files/300383359.pdf,1,,10,館山市,船形,イノシシ,捕獲頭数,0,頭,
tateyama_boar_district,館山市 地区別イノシシ捕獲状況（H29–R7）,https://www.city.tateyama.chiba.jp/files/300383359.pdf,1,,11,館山市,船形,イノシシ,捕獲頭数,0,頭,
tateyama_boar_district,館山市 地区別イノシシ捕獲状況（H29–R7）,https://www.city.tateyama.chiba.jp/files/300383359.pdf,1,,12,館山市,船形,イノシシ,捕獲頭数,0,頭,
tateyama_boar_district,館山市 地区別イノシシ捕獲状況（H29–R7）,https://www.city.tateyama.chiba.jp/files/300383359.pdf,1,,1,館山市,船形,イノシシ,捕獲頭数,0,頭,
tateyama_boar_district,館山市 地区別イノシシ捕獲状況（H29–R7）,https://www.city.tateyama.chiba.jp/files/300383359.pdf,1,,2,館山市,船形,イノシシ,捕獲頭数,0,頭,
tateyama_boar_district,館山市 地区別イノシシ捕獲状況（H29–R7）,https://www.city.tateyama.chiba.jp/files/300383359.pdf,1,,3,館山市,船形,イノシシ,捕獲頭数,0,頭,
tateyama_boar_district,館山市 地区別イノシシ捕獲状況（H29–R7）,https://www.city.tateyama.chiba.jp/files/300383359.pdf,1,,4,館山市,西岬,イノシシ,捕獲頭数,1,頭,
tateyama_boar_district,館山市 地区別イノシシ捕獲状況（H29–R7）,https://www.city.tateyama.chiba.jp/files/300383359.pdf,1,,5,館山市,西岬,イノシシ,捕獲頭数,1,頭,
tateyama_boar_district,館山市 地区別イノシシ捕獲状況（H29–R7）,https://www.city.tateyama.chiba.jp/files/300383359.pdf,1,,6,館山市,西岬,イノシシ,捕獲頭数,0,頭,
tateyama_boar_district,館山市 地区別イノシシ捕獲状況（H29–R7）,https://www.city.tateyama.chiba.jp/files/300383359.pdf,1,,7,館山市,西岬,イノシシ,捕獲頭数,0,頭,
tateyama_boar_district,館山市 地区別イノシシ捕獲状況（H29–R7）,https://www.city.tateyama.chiba.jp/files/300383359.pdf,1,,8,館山市,西岬,イノシシ,捕獲頭数,5,頭,
tateyama_boar_district,館山市 地区別イノシシ捕獲状況（H29–R7）,https://www.city.tateyama.chiba.jp/files/300383359.pdf,1,,9,館山市,西岬,イノシシ,捕獲頭数,1,頭,
tateyama_boar_district,館山市 地区別イノシシ捕獲状況（H29–R7）,https://www.city.tateyama.chiba.jp/files/300383359.pdf,1,,10,館山市,西岬,イノシシ,捕獲頭数,1,頭,
tateyama_boar_district,館山市 地区別イノシシ捕獲状況（H29–R7）,https://www.city.tateyama.chiba.jp/files/300383359.pdf,1,,11,館山市,西岬,イノシシ,捕獲頭数,3,頭,
tateyama_boar_district,館山市 地区別イノシシ捕獲状況（H29–R7）,https://www.city.tateyama.chiba.jp/files/300383359.pdf,1,,12,館山市,西岬,イノシシ,捕獲頭数,5,頭,
tateyama_boar_district,館山市 地区別イノシシ捕獲状況（H29–R7）,https://www.city.tateyama.chiba.jp/files/300383359.pdf,1,,1,館山市,西岬,イノシシ,捕獲頭数,5,頭,
tateyama_boar_district,館山市 地区別イノシシ捕獲状況（H29–R7）,https://www.city.tateyama.chiba.jp/files/300383359.pdf,1,,2,館山市,西岬,イノシシ,捕獲頭数,3,頭,
tateyama_boar_district,館山市 地区別イノシシ捕獲状況（H29–R7）,https://www.city.tateyama.chiba.jp/files/300383359.pdf,1,,3,館山市,西岬,イノシシ,捕獲頭数,6,頭,
tateyama_boar_district,館山市 地区別イノシシ捕獲状況（H29–R7）,https://www.city.tateyama.chiba.jp/files/300383359.pdf,1,,4,館山市,神戸,イノシシ,捕獲頭数,10,頭,
tateyama_boar_district,館山市 地区別イノシシ捕獲状況（H29–R7）,https://www.city.tateyama.chiba.jp/files/300383359.pdf,1,,5,館山市,神戸,イノシシ,捕獲頭数,13,頭,
tateyama_boar_district,館山市 地区別イノシシ捕獲状況（H29–R7）,https://www.city.tateyama.chiba.jp/files/300383359.pdf,1,,6,館山市,神戸,イノシシ,捕獲頭数,8,頭,
tateyama_boar_district,館山市 地区別イノシシ捕獲状況（H29–R7）,https://www.city.tateyama.chiba.jp/files/300383359.pdf,1,,7,館山市,神戸,イノシシ,捕獲頭数,15,頭,
tateyama_boar_district,館山市 地区別イノシシ捕獲状況（H29–R7）,https://www.city.tateyama.chiba.jp/files/300383359.pdf,1,,8,館山市,神戸,イノシシ,捕獲頭数,21,頭,
tateyama_boar_district,館山市 地区別イノシシ捕獲状況（H29–R7）,https://www.city.tateyama.chiba.jp/files/300383359.pdf,1,,9,館山市,神戸,イノシシ,捕獲頭数,7,頭,
tateyama_boar_district,館山市 地区別イノシシ捕獲状況（H29–R7）,https://www.city.tateyama.chiba.jp/files/300383359.pdf,1,,10,館山市,神戸,イノシシ,捕獲頭数,13,頭,
tateyama_boar_district,館山市 地区別イノシシ捕獲状況（H29–R7）,https://www.city.tateyama.chiba.jp/files/300383359.pdf,1,,11,館山市,神戸,イノシシ,捕獲頭数,11,頭,
tateyama_boar_district,館山市 地区別イノシシ捕獲状況（H29–R7）,https://www.city.tateyama.chiba.jp/files/300383359.pdf,1,,12,館山市,神戸,イノシシ,捕獲頭数,15,頭,
tateyama_boar_district,館山市 地区別イノシシ捕獲状況（H29–R7）,https://www.city.tateyama.chiba.jp/files/300383359.pdf,1,,1,館山市,神戸,イノシシ,捕獲頭数,7,頭,
tateyama_boar_district,館山市 地区別イノシシ捕獲状況（H29–R7）,https://www.city.tateyama.chiba.jp/files/300383359.pdf,1,,2,館山市,神戸,イノシシ,捕獲頭数,9,頭,
tateyama_boar_district,館山市 地区別イノシシ捕獲状況（H29–R7）,https://www.city.tateyama.chiba.jp/files/300383359.pdf,1,,3,館山市,神戸,イノシシ,捕獲頭数,13,頭,
tateyama_boar_district,館山市 地区別イノシシ捕獲状況（H29–R7）,https://www.city.tateyama.chiba.jp/files/300383359.pdf,1,,4,館山市,富崎,イノシシ,捕獲頭数,0,頭,
tateyama_boar_district,館山市 地区別イノシシ捕獲状況（H29–R7）,https://www.city.tateyama.chiba.jp/files/300383359.pdf,1,,5,館山市,富崎,イノシシ,捕獲頭数,0,頭,
tateyama_boar_district,館山市 地区別イノシシ捕獲状況（H29–R7）,https://www.city.tateyama.chiba.jp/files/300383359.pdf,1,,6,館山市,富崎,イノシシ,捕獲頭数,0,頭,
tateyama_boar_district,館山市 地区別イノシシ捕獲状況（H29–R7）,https://www.city.tateyama.chiba.jp/files/300383359.pdf,1,,7,館山市,富崎,イノシシ,捕獲頭数,1,頭,
tateyama_boar_district,館山市 地区別イノシシ捕獲状況（H29–R7）,https://www.city.tateyama.chiba.jp/files/300383359.pdf,1,,8,館山市,富崎,イノシシ,捕獲頭数,4,頭,
tateyama_boar_district,館山市 地区別イノシシ捕獲状況（H29–R7）,https://www.city.tateyama.chiba.jp/files/300383359.pdf,1,,9,館山市,富崎,イノシシ,捕獲頭数,0,頭,
tateyama_boar_district,館山市 地区別イノシシ捕獲状況（H29–R7）,https://www.city.tateyama.chiba.jp/files/300383359.pdf,1,,10,館山市,富崎,イノシシ,捕獲頭数,0,頭,
tateyama_boar_district,館山市 地区別イノシシ捕獲状況（H29–R7）,https://www.city.tateyama.chiba.jp/files/300383359.pdf,1,,11,館山市,富崎,イノシシ,捕獲頭数,1,頭,
tateyama_boar_district,館山市 地区別イノシシ捕獲状況（H29–R7）,https://www.city.tateyama.chiba.jp/files/300383359.pdf,1,,12,館山市,富崎,イノシシ,捕獲頭数,0,頭,
tateyama_boar_district,館山市 地区別イノシシ捕獲状況（H29–R7）,https://www.city.tateyama.chiba.jp/files/300383359.pdf,1,,1,館山市,富崎,イノシシ,捕獲頭数,0,頭,
tateyama_boar_district,館山市 地区別イノシシ捕獲状況（H29–R7）,https://www.city.tateyama.chiba.jp/files/300383359.pdf,1,,2,館山市,富崎,イノシシ,捕獲頭数,0,頭,
tateyama_boar_district,館山市 地区別イノシシ捕獲状況（H29–R7）,https://www.city.tateyama.chiba.jp/files/300383359.pdf,1,,3,館山市,富崎,イノシシ,捕獲頭数,0,頭,
tateyama_boar_district,館山市 地区別イノシシ捕獲状況（H29–R7）,https://www.city.tateyama.chiba.jp/files/300383359.pdf,1,,4,館山市,豊房,イノシシ,捕獲頭数,47,頭,
tateyama_boar_district,館山市 地区別イノシシ捕獲状況（H29–R7）,https://www.city.tateyama.chiba.jp/files/300383359.pdf,1,,5,館山市,豊房,イノシシ,捕獲頭数,25,頭,
tateyama_boar_district,館山市 地区別イノシシ捕獲状況（H29–R7）,https://www.city.tateyama.chiba.jp/files/300383359.pdf,1,,6,館山市,豊房,イノシシ,捕獲頭数,29,頭,
tateyama_boar_district,館山市 地区別イノシシ捕獲状況（H29–R7）,https://www.city.tateyama.chiba.jp/files/300383359.pdf,1,,7,館山市,豊房,イノシシ,捕獲頭数,29,頭,
tateyama_boar_district,館山市 地区別イノシシ捕獲状況（H29–R7）,https://www.city.tateyama.chiba.jp/files/300383359.pdf,1,,8,館山市,豊房,イノシシ,捕獲頭数,75,頭,
tateyama_boar_district,館山市 地区別イノシシ捕獲状況（H29–R7）,https://www.city.tateyama.chiba.jp/files/300383359.pdf,1,,9,館山市,豊房,イノシシ,捕獲頭数,29,頭,
tateyama_boar_district,館山市 地区別イノシシ捕獲状況（H29–R7）,https://www.city.tateyama.chiba.jp/files/300383359.pdf,1,,10,館山市,豊房,イノシシ,捕獲頭数,22,頭,
tateyama_boar_district,館山市 地区別イノシシ捕獲状況（H29–R7）,https://www.city.tateyama.chiba.jp/files/300383359.pdf,1,,11,館山市,豊房,イノシシ,捕獲頭数,31,頭,
tateyama_boar_district,館山市 地区別イノシシ捕獲状況（H29–R7）,https://www.city.tateyama.chiba.jp/files/300383359.pdf,1,,12,館山市,豊房,イノシシ,捕獲頭数,40,頭,
tateyama_boar_district,館山市 地区別イノシシ捕獲状況（H29–R7）,https://www.city.tateyama.chiba.jp/files/300383359.pdf,1,,1,館山市,豊房,イノシシ,捕獲頭数,46,頭,
tateyama_boar_district,館山市 地区別イノシシ捕獲状況（H29–R7）,https://www.city.tateyama.chiba.jp/files/300383359.pdf,1,,2,館山市,豊房,イノシシ,捕獲頭数,31,頭,
tateyama_boar_district,館山市 地区別イノシシ捕獲状況（H29–R7）,https://www.city.tateyama.chiba.jp/files/300383359.pdf,1,,3,館山市,豊房,イノシシ,捕獲頭数,30,頭,
tateyama_boar_district,館山市 地区別イノシシ捕獲状況（H29–R7）,https://www.city.tateyama.chiba.jp/files/300383359.pdf,1,,4,館山市,館野,イノシシ,捕獲頭数,2,頭,
tateyama_boar_district,館山市 地区別イノシシ捕獲状況（H29–R7）,https://www.city.tateyama.chiba.jp/files/300383359.pdf,1,,5,館山市,館野,イノシシ,捕獲頭数,4,頭,
tateyama_boar_district,館山市 地区別イノシシ捕獲状況（H29–R7）,https://www.city.tateyama.chiba.jp/files/300383359.pdf,1,,6,館山市,館野,イノシシ,捕獲頭数,1,頭,
tateyama_boar_district,館山市 地区別イノシシ捕獲状況（H29–R7）,https://www.city.tateyama.chiba.jp/files/300383359.pdf,1,,7,館山市,館野,イノシシ,捕獲頭数,8,頭,
tateyama_boar_district,館山市 地区別イノシシ捕獲状況（H29–R7）,https://www.city.tateyama.chiba.jp/files/300383359.pdf,1,,8,館山市,館野,イノシシ,捕獲頭数,26,頭,
tateyama_boar_district,館山市 地区別イノシシ捕獲状況（H29–R7）,https://www.city.tateyama.chiba.jp/files/300383359.pdf,1,,9,館山市,館野,イノシシ,捕獲頭数,2,頭,
tateyama_boar_district,館山市 地区別イノシシ捕獲状況（H29–R7）,https://www.city.tateyama.chiba.jp/files/300383359.pdf,1,,10,館山市,館野,イノシシ,捕獲頭数,0,頭,
tateyama_boar_district,館山市 地区別イノシシ捕獲状況（H29–R7）,https://www.city.tateyama.chiba.jp/files/300383359.pdf,1,,11,館山市,館野,イノシシ,捕獲頭数,5,頭,
tateyama_boar_district,館山市 地区別イノシシ捕獲状況（H29–R7）,https://www.city.tateyama.chiba.jp/files/300383359.pdf,1,,12,館山市,館野,イノシシ,捕獲頭数,3,頭,
tateyama_boar_district,館山市 地区別イノシシ捕獲状況（H29–R7）,https://www.city.tateyama.chiba.jp/files/300383359.pdf,1,,1,館山市,館野,イノシシ,捕獲頭数,4,頭,
tateyama_boar_district,館山市 地区別イノシシ捕獲状況（H29–R7）,https://www.city.tateyama.chiba.jp/files/300383359.pdf,1,,2,館山市,館野,イノシシ,捕獲頭数,2,頭,
tateyama_boar_district,館山市 地区別イノシシ捕獲状況（H29–R7）,https://www.city.tateyama.chiba.jp/files/300383359.pdf,1,,3,館山市,館野,イノシシ,捕獲頭数,2,頭,
tateyama_boar_district,館山市 地区別イノシシ捕獲状況（H29–R7）,https://www.city.tateyama.chiba.jp/files/300383359.pdf,1,,4,館山市,九重,イノシシ,捕獲頭数,20,頭,
tateyama_boar_district,館山市 地区別イノシシ捕獲状況（H29–R7）,https://www.city.tateyama.chiba.jp/files/300383359.pdf,1,,5,館山市,九重,イノシシ,捕獲頭数,14,頭,
tateyama_boar_district,館山市 地区別イノシシ捕獲状況（H29–R7）,https://www.city.tateyama.chiba.jp/files/300383359.pdf,1,,6,館山市,九重,イノシシ,捕獲頭数,6,頭,
tateyama_boar_district,館山市 地区別イノシシ捕獲状況（H29–R7）,https://www.city.tateyama.chiba.jp/files/300383359.pdf,1,,7,館山市,九重,イノシシ,捕獲頭数,9,頭,
tateyama_boar_district,館山市 地区別イノシシ捕獲状況（H29–R7）,https://www.city.tateyama.chiba.jp/files/300383359.pdf,1,,8,館山市,九重,イノシシ,捕獲頭数,15,頭,
tateyama_boar_district,館山市 地区別イノシシ捕獲状況（H29–R7）,https://www.city.tateyama.chiba.jp/files/300383359.pdf,1,,9,館山市,九重,イノシシ,捕獲頭数,6,頭,
tateyama_boar_district,館山市 地区別イノシシ捕獲状況（H29–R7）,https://www.city.tateyama.chiba.jp/files/300383359.pdf,1,,10,館山市,九重,イノシシ,捕獲頭数,0,頭,
tateyama_boar_district,館山市 地区別イノシシ捕獲状況（H29–R7）,https://www.city.tateyama.chiba.jp/files/300383359.pdf,1,,11,館山市,九重,イノシシ,捕獲頭数,0,頭,
tateyama_boar_district,館山市 地区別イノシシ捕獲状況（H29–R7）,https://www.city.tateyama.chiba.jp/files/300383359.pdf,1,,12,館山市,九重,イノシシ,捕獲頭数,3,頭,
tateyama_boar_district,館山市 地区別イノシシ捕獲状況（H29–R7）,https://www.city.tateyama.chiba.jp/files/300383359.pdf,1,,1,館山市,九重,イノシシ,捕獲頭数,5,頭,
tateyama_boar_district,館山市 地区別イノシシ捕獲状況（H29–R7）,https://www.city.tateyama.chiba.jp/files/300383359.pdf,1,,2,館山市,九重,イノシシ,捕獲頭数,4,頭,
tateyama_boar_district,館山市 地区別イノシシ捕獲状況（H29–R7）,https://www.city.tateyama.chiba.jp/files/300383359.pdf,1,,3,館山市,九重,イノシシ,捕獲頭数,7,頭,
tateyama_boar_district,館山市 地区別イノシシ捕獲状況（H29–R7）,https://www.city.tateyama.chiba.jp/files/300383359.pdf,1,,4,館山市,全市,イノシシ,捕獲頭数,84,頭,
tateyama_boar_district,館山市 地区別イノシシ捕獲状況（H29–R7）,https://www.city.tateyama.chiba.jp/files/300383359.pdf,1,,5,館山市,全市,イノシシ,捕獲頭数,62,頭,
tateyama_boar_district,館山市 地区別イノシシ捕獲状況（H29–R7）,https://www.city.tateyama.chiba.jp/files/300383359.pdf,1,,6,館山市,全市,イノシシ,捕獲頭数,44,頭,
tateyama_boar_district,館山市 地区別イノシシ捕獲状況（H29–R7）,https://www.city.tateyama.chiba.jp/files/300383359.pdf,1,,7,館山市,全市,イノシシ,捕獲頭数,63,頭,
tateyama_boar_district,館山市 地区別イノシシ捕獲状況（H29–R7）,https://www.city.tateyama.chiba.jp/files/300383359.pdf,1,,8,館山市,全市,イノシシ,捕獲頭数,162,頭,
tateyama_boar_district,館山市 地区別イノシシ捕獲状況（H29–R7）,https://www.city.tateyama.chiba.jp/files/300383359.pdf,1,,9,館山市,全市,イノシシ,捕獲頭数,50,頭,
tateyama_boar_district,館山市 地区別イノシシ捕獲状況（H29–R7）,https://www.city.tateyama.chiba.jp/files/300383359.pdf,1,,10,館山市,全市,イノシシ,捕獲頭数,41,頭,
tateyama_boar_district,館山市 地区別イノシシ捕獲状況（H29–R7）,https://www.city.tateyama.chiba.jp/files/300383359.pdf,1,,11,館山市,全市,イノシシ,捕獲頭数,63,頭,
tateyama_boar_district,館山市 地区別イノシシ捕獲状況（H29–R7）,https://www.city.tateyama.chiba.jp/files/300383359.pdf,1,,12,館山市,全市,イノシシ,捕獲頭数,92,頭,
tateyama_boar_district,館山市 地区別イノシシ捕獲状況（H29–R7）,https://www.city.tateyama.chiba.jp/files/300383359.pdf,1,,1,館山市,全市,イノシシ,捕獲頭数,86,頭,
tateyama_boar_district,館山市 地区別イノシシ捕獲状況（H29–R7）,https://www.city.tateyama.chiba.jp/files/300383359.pdf,1,,2,館山市,全市,イノシシ,捕獲頭数,80,頭,
tateyama_boar_district,館山市 地区別イノシシ捕獲状況（H29–R7）,https://www.city.tateyama.chiba.jp/files/300383359.pdf,1,,3,館山市,全市,イノシシ,捕獲頭数,72,頭,
tateyama_boar_district,館山市 地区別イノシシ捕獲状況（H29–R7）,https://www.city.tateyama.chiba.jp/files/300383359.pdf,2,,4,館山市,館山,イノシシ,捕獲頭数,3,頭,
tateyama_boar_district,館山市 地区別イノシシ捕獲状況（H29–R7）,https://www.city.tateyama.chiba.jp/files/300383359.pdf,2,,5,館山市,館山,イノシシ,捕獲頭数,1,頭,
tateyama_boar_district,館山市 地区別イノシシ捕獲状況（H29–R7）,https://www.city.tateyama.chiba.jp/files/300383359.pdf,2,,6,館山市,館山,イノシシ,捕獲頭数,6,頭,
tateyama_boar_district,館山市 地区別イノシシ捕獲状況（H29–R7）,https://www.city.tateyama.chiba.jp/files/300383359.pdf,2,,7,館山市,館山,イノシシ,捕獲頭数,8,頭,
tateyama_boar_district,館山市 地区別イノシシ捕獲状況（H29–R7）,https://www.city.tateyama.chiba.jp/files/300383359.pdf,2,,8,館山市,館山,イノシシ,捕獲頭数,18,頭,
tateyama_boar_district,館山市 地区別イノシシ捕獲状況（H29–R7）,https://www.city.tateyama.chiba.jp/files/300383359.pdf,2,,9,館山市,館山,イノシシ,捕獲頭数,12,頭,
tateyama_boar_district,館山市 地区別イノシシ捕獲状況（H29–R7）,https://www.city.tateyama.chiba.jp/files/300383359.pdf,2,,10,館山市,館山,イノシシ,捕獲頭数,43,頭,
tateyama_boar_district,館山市 地区別イノシシ捕獲状況（H29–R7）,https://www.city.tateyama.chiba.jp/files/300383359.pdf,2,,11,館山市,館山,イノシシ,捕獲頭数,31,頭,
tateyama_boar_district,館山市 地区別イノシシ捕獲状況（H29–R7）,https://www.city.tateyama.chiba.jp/files/300383359.pdf,2,,12,館山市,館山,イノシシ,捕獲頭数,22,頭,
tateyama_boar_district,館山市 地区別イノシシ捕獲状況（H29–R7）,https://www.city.tateyama.chiba.jp/files/300383359.pdf,2,,1,館山市,館山,イノシシ,捕獲頭数,7,頭,
tateyama_boar_district,館山市 地区別イノシシ捕獲状況（H29–R7）,https://www.city.tateyama.chiba.jp/files/300383359.pdf,2,,2,館山市,館山,イノシシ,捕獲頭数,11,頭,
tateyama_boar_district,館山市 地区別イノシシ捕獲状況（H29–R7）,https://www.city.tateyama.chiba.jp/files/300383359.pdf,2,,3,館山市,館山,イノシシ,捕獲頭数,7,頭,
tateyama_boar_district,館山市 地区別イノシシ捕獲状況（H29–R7）,https://www.city.tateyama.chiba.jp/files/300383359.pdf,2,,4,館山市,北条,イノシシ,捕獲頭数,0,頭,
tateyama_boar_district,館山市 地区別イノシシ捕獲状況（H29–R7）,https://www.city.tateyama.chiba.jp/files/300383359.pdf,2,,5,館山市,北条,イノシシ,捕獲頭数,0,頭,
tateyama_boar_district,館山市 地区別イノシシ捕獲状況（H29–R7）,https://www.city.tateyama.chiba.jp/files/300383359.pdf,2,,6,館山市,北条,イノシシ,捕獲頭数,0,頭,
tateyama_boar_district,館山市 地区別イノシシ捕獲状況（H29–R7）,https://www.city.tateyama.chiba.jp/files/300383359.pdf,2,,7,館山市,北条,イノシシ,捕獲頭数,0,頭,
tateyama_boar_district,館山市 地区別イノシシ捕獲状況（H29–R7）,https://www.city.tateyama.chiba.jp/files/300383359.pdf,2,,8,館山市,北条,イノシシ,捕獲頭数,0,頭,
tateyama_boar_district,館山市 地区別イノシシ捕獲状況（H29–R7）,https://www.city.tateyama.chiba.jp/files/300383359.pdf,2,,9,館山市,北条,イノシシ,捕獲頭数,0,頭,
tateyama_boar_district,館山市 地区別イノシシ捕獲状況（H29–R7）,https://www.city.tateyama.chiba.jp/files/300383359.pdf,2,,10,館山市,北条,イノシシ,捕獲頭数,0,頭,
tateyama_boar_district,館山市 地区別イノシシ捕獲状況（H29–R7）,https://www.city.tateyama.chiba.jp/files/300383359.pdf,2,,11,館山市,北条,イノシシ,捕獲頭数,0,頭,
tateyama_boar_district,館山市 地区別イノシシ捕獲状況（H29–R7）,https://www.city.tateyama.chiba.jp/files/300383359.pdf,2,,12,館山市,北条,イノシシ,捕獲頭数,0,頭,
tateyama_boar_district,館山市 地区別イノシシ捕獲状況（H29–R7）,https://www.city.tateyama.chiba.jp/files/300383359.pdf,2,,1,館山市,北条,イノシシ,捕獲頭数,0,頭,
tateyama_boar_district,館山市 地区別イノシシ捕獲状況（H29–R7）,https://www.city.tateyama.chiba.jp/files/300383359.pdf,2,,2,館山市,北条,イノシシ,捕獲頭数,0,頭,
tateyama_boar_district,館山市 地区別イノシシ捕獲状況（H29–R7）,https://www.city.tateyama.chiba.jp/files/300383359.pdf,2,,3,館山市,北条,イノシシ,捕獲頭数,0,頭,
tateyama_boar_district,館山市 地区別イノシシ捕獲状況（H29–R7）,https://www.city.tateyama.chiba.jp/files/300383359.pdf,2,,4,館山市,那古,イノシシ,捕獲頭数,7,頭,
tateyama_boar_district,館山市 地区別イノシシ捕獲状況（H29–R7）,https://www.city.tateyama.chiba.jp/files/300383359.pdf,2,,5,館山市,那古,イノシシ,捕獲頭数,8,頭,
tateyama_boar_district,館山市 地区別イノシシ捕獲状況（H29–R7）,https://www.city.tateyama.chiba.jp/files/300383359.pdf,2,,6,館山市,那古,イノシシ,捕獲頭数,3,頭,
tateyama_boar_district,館山市 地区別イノシシ捕獲状況（H29–R7）,https://www.city.tateyama.chiba.jp/files/300383359.pdf,2,,7,館山市,那古,イノシシ,捕獲頭数,1,頭,
tateyama_boar_district,館山市 地区別イノシシ捕獲状況（H29–R7）,https://www.city.tateyama.chiba.jp/files/300383359.pdf,2,,8,館山市,那古,イノシシ,捕獲頭数,23,頭,
tateyama_boar_district,館山市 地区別イノシシ捕獲状況（H29–R7）,https://www.city.tateyama.chiba.jp/files/300383359.pdf,2,,9,館山市,那古,イノシシ,捕獲頭数,31,頭,
tateyama_boar_district,館山市 地区別イノシシ捕獲状況（H29–R7）,https://www.city.tateyama.chiba.jp/files/300383359.pdf,2,,10,館山市,那古,イノシシ,捕獲頭数,30,頭,
tateyama_boar_district,館山市 地区別イノシシ捕獲状況（H29–R7）,https://www.city.tateyama.chiba.jp/files/300383359.pdf,2,,11,館山市,那古,イノシシ,捕獲頭数,24,頭,
tateyama_boar_district,館山市 地区別イノシシ捕獲状況（H29–R7）,https://www.city.tateyama.chiba.jp/files/300383359.pdf,2,,12,館山市,那古,イノシシ,捕獲頭数,31,頭,
tateyama_boar_district,館山市 地区別イノシシ捕獲状況（H29–R7）,https://www.city.tateyama.chiba.jp/files/300383359.pdf,2,,1,館山市,那古,イノシシ,捕獲頭数,12,頭,
tateyama_boar_district,館山市 地区別イノシシ捕獲状況（H29–R7）,https://www.city.tateyama.chiba.jp/files/300383359.pdf,2,,2,館山市,那古,イノシシ,捕獲頭数,15,頭,
tateyama_boar_district,館山市 地区別イノシシ捕獲状況（H29–R7）,https://www.city.tateyama.chiba.jp/files/300383359.pdf,2,,3,館山市,那古,イノシシ,捕獲頭数,5,頭,
tateyama_boar_district,館山市 地区別イノシシ捕獲状況（H29–R7）,https://www.city.tateyama.chiba.jp/files/300383359.pdf,2,,4,館山市,船形,イノシシ,捕獲頭数,0,頭,
tateyama_boar_district,館山市 地区別イノシシ捕獲状況（H29–R7）,https://www.city.tateyama.chiba.jp/files/300383359.pdf,2,,5,館山市,船形,イノシシ,捕獲頭数,0,頭,
tateyama_boar_district,館山市 地区別イノシシ捕獲状況（H29–R7）,https://www.city.tateyama.chiba.jp/files/300383359.pdf,2,,6,館山市,船形,イノシシ,捕獲頭数,0,頭,
tateyama_boar_district,館山市 地区別イノシシ捕獲状況（H29–R7）,https://www.city.tateyama.chiba.jp/files/300383359.pdf,2,,7,館山市,船形,イノシシ,捕獲頭数,0,頭,
tateyama_boar_district,館山市 地区別イノシシ捕獲状況（H29–R7）,https://www.city.tateyama.chiba.jp/files/300383359.pdf,2,,8,館山市,船形,イノシシ,捕獲頭数,0,頭,
tateyama_boar_district,館山市 地区別イノシシ捕獲状況（H29–R7）,https://www.city.tateyama.chiba.jp/files/300383359.pdf,2,,9,館山市,船形,イノシシ,捕獲頭数,0,頭,
tateyama_boar_district,館山市 地区別イノシシ捕獲状況（H29–R7）,https://www.city.tateyama.chiba.jp/files/300383359.pdf,2,,10,館山市,船形,イノシシ,捕獲頭数,0,頭,
tateyama_boar_district,館山市 地区別イノシシ捕獲状況（H29–R7）,https://www.city.tateyama.chiba.jp/files/300383359.pdf,2,,11,館山市,船形,イノシシ,捕獲頭数,0,頭,
tateyama_boar_district,館山市 地区別イノシシ捕獲状況（H29–R7）,https://www.city.tateyama.chiba.jp/files/300383359.pdf,2,,12,館山市,船形,イノシシ,捕獲頭数,0,頭,
tateyama_boar_district,館山市 地区別イノシシ捕獲状況（H29–R7）,https://www.city.tateyama.chiba.jp/files/300383359.pdf,2,,1,館山市,船形,イノシシ,捕獲頭数,0,頭,
tateyama_boar_district,館山市 地区別イノシシ捕獲状況（H29–R7）,https://www.city.tateyama.chiba.jp/files/300383359.pdf,2,,2,館山市,船形,イノシシ,捕獲頭数,0,頭,
tateyama_boar_district,館山市 地区別イノシシ捕獲状況（H29–R7）,https://www.city.tateyama.chiba.jp/files/300383359.pdf,2,,3,館山市,船形,イノシシ,捕獲頭数,0,頭,
tateyama_boar_district,館山市 地区別イノシシ捕獲状況（H29–R7）,https://www.city.tateyama.chiba.jp/files/300383359.pdf,2,,4,館山市,西岬,イノシシ,捕獲頭数,4,頭,
tateyama_boar_district,館山市 地区別イノシシ捕獲状況（H29–R7）,https://www.city.tateyama.chiba.jp/files/300383359.pdf,2,,5,館山市,西岬,イノシシ,捕獲頭数,2,頭,
tateyama_boar_district,館山市 地区別イノシシ捕獲状況（H29–R7）,https://www.city.tateyama.chiba.jp/files/300383359.pdf,2,,6,館山市,西岬,イノシシ,捕獲頭数,5,頭,
tateyama_boar_district,館山市 地区別イノシシ捕獲状況（H29–R7）,https://www.city.tateyama.chiba.jp/files/300383359.pdf,2,,7,館山市,西岬,イノシシ,捕獲頭数,9,頭,
tateyama_boar_district,館山市 地区別イノシシ捕獲状況（H29–R7）,https://www.city.tateyama.chiba.jp/files/300383359.pdf,2,,8,館山市,西岬,イノシシ,捕獲頭数,17,頭,
tateyama_boar_district,館山市 地区別イノシシ捕獲状況（H29–R7）,https://www.city.tateyama.chiba.jp/files/300383359.pdf,2,,9,館山市,西岬,イノシシ,捕獲頭数,22,頭,
tateyama_boar_district,館山市 地区別イノシシ捕獲状況（H29–R7）,https://www.city.tateyama.chiba.jp/files/300383359.pdf,2,,10,館山市,西岬,イノシシ,捕獲頭数,31,頭,
tateyama_boar_district,館山市 地区別イノシシ捕獲状況（H29–R7）,https://www.city.tateyama.chiba.jp/files/300383359.pdf,2,,11,館山市,西岬,イノシシ,捕獲頭数,19,頭,
tateyama_boar_district,館山市 地区別イノシシ捕獲状況（H29–R7）,https://www.city.tateyama.chiba.jp/files/300383359.pdf,2,,12,館山市,西岬,イノシシ,捕獲頭数,12,頭,
tateyama_boar_district,館山市 地区別イノシシ捕獲状況（H29–R7）,https://www.city.tateyama.chiba.jp/files/300383359.pdf,2,,1,館山市,西岬,イノシシ,捕獲頭数,11,頭,
tateyama_boar_district,館山市 地区別イノシシ捕獲状況（H29–R7）,https://www.city.tateyama.chiba.jp/files/300383359.pdf,2,,2,館山市,西岬,イノシシ,捕獲頭数,11,頭,
tateyama_boar_district,館山市 地区別イノシシ捕獲状況（H29–R7）,https://www.city.tateyama.chiba.jp/files/300383359.pdf,2,,3,館山市,西岬,イノシシ,捕獲頭数,4,頭,
tateyama_boar_district,館山市 地区別イノシシ捕獲状況（H29–R7）,https://www.city.tateyama.chiba.jp/files/300383359.pdf,2,,4,館山市,神戸,イノシシ,捕獲頭数,10,頭,
tateyama_boar_district,館山市 地区別イノシシ捕獲状況（H29–R7）,https://www.city.tateyama.chiba.jp/files/300383359.pdf,2,,5,館山市,神戸,イノシシ,捕獲頭数,21,頭,
tateyama_boar_district,館山市 地区別イノシシ捕獲状況（H29–R7）,https://www.city.tateyama.chiba.jp/files/300383359.pdf,2,,6,館山市,神戸,イノシシ,捕獲頭数,18,頭,
tateyama_boar_district,館山市 地区別イノシシ捕獲状況（H29–R7）,https://www.city.tateyama.chiba.jp/files/300383359.pdf,2,,7,館山市,神戸,イノシシ,捕獲頭数,30,頭,
tateyama_boar_district,館山市 地区別イノシシ捕獲状況（H29–R7）,https://www.city.tateyama.chiba.jp/files/300383359.pdf,2,,8,館山市,神戸,イノシシ,捕獲頭数,45,頭,
tateyama_boar_district,館山市 地区別イノシシ捕獲状況（H29–R7）,https://www.city.tateyama.chiba.jp/files/300383359.pdf,2,,9,館山市,神戸,イノシシ,捕獲頭数,58,頭,
tateyama_boar_district,館山市 地区別イノシシ捕獲状況（H29–R7）,https://www.city.tateyama.chiba.jp/files/300383359.pdf,2,,10,館山市,神戸,イノシシ,捕獲頭数,81,頭,
tateyama_boar_district,館山市 地区別イノシシ捕獲状況（H29–R7）,https://www.city.tateyama.chiba.jp/files/300383359.pdf,2,,11,館山市,神戸,イノシシ,捕獲頭数,57,頭,
tateyama_boar_district,館山市 地区別イノシシ捕獲状況（H29–R7）,https://www.city.tateyama.chiba.jp/files/300383359.pdf,2,,12,館山市,神戸,イノシシ,捕獲頭数,27,頭,
tateyama_boar_district,館山市 地区別イノシシ捕獲状況（H29–R7）,https://www.city.tateyama.chiba.jp/files/300383359.pdf,2,,1,館山市,神戸,イノシシ,捕獲頭数,20,頭,
tateyama_boar_district,館山市 地区別イノシシ捕獲状況（H29–R7）,https://www.city.tateyama.chiba.jp/files/300383359.pdf,2,,2,館山市,神戸,イノシシ,捕獲頭数,20,頭,
tateyama_boar_district,館山市 地区別イノシシ捕獲状況（H29–R7）,https://www.city.tateyama.chiba.jp/files/300383359.pdf,2,,3,館山市,神戸,イノシシ,捕獲頭数,12,頭,
tateyama_boar_district,館山市 地区別イノシシ捕獲状況（H29–R7）,https://www.city.tateyama.chiba.jp/files/300383359.pdf,2,,4,館山市,富崎,イノシシ,捕獲頭数,0,頭,
tateyama_boar_district,館山市 地区別イノシシ捕獲状況（H29–R7）,https://www.city.tateyama.chiba.jp/files/300383359.pdf,2,,5,館山市,富崎,イノシシ,捕獲頭数,1,頭,
tateyama_boar_district,館山市 地区別イノシシ捕獲状況（H29–R7）,https://www.city.tateyama.chiba.jp/files/300383359.pdf,2,,6,館山市,富崎,イノシシ,捕獲頭数,5,頭,
tateyama_boar_district,館山市 地区別イノシシ捕獲状況（H29–R7）,https://www.city.tateyama.chiba.jp/files/300383359.pdf,2,,7,館山市,富崎,イノシシ,捕獲頭数,6,頭,
tateyama_boar_district,館山市 地区別イノシシ捕獲状況（H29–R7）,https://www.city.tateyama.chiba.jp/files/300383359.pdf,2,,8,館山市,富崎,イノシシ,捕獲頭数,4,頭,
tateyama_boar_district,館山市 地区別イノシシ捕獲状況（H29–R7）,https://www.city.tateyama.chiba.jp/files/300383359.pdf,2,,9,館山市,富崎,イノシシ,捕獲頭数,2,頭,
tateyama_boar_district,館山市 地区別イノシシ捕獲状況（H29–R7）,https://www.city.tateyama.chiba.jp/files/300383359.pdf,2,,10,館山市,富崎,イノシシ,捕獲頭数,4,頭,
tateyama_boar_district,館山市 地区別イノシシ捕獲状況（H29–R7）,https://www.city.tateyama.chiba.jp/files/300383359.pdf,2,,11,館山市,富崎,イノシシ,捕獲頭数,2,頭,
tateyama_boar_district,館山市 地区別イノシシ捕獲状況（H29–R7）,https://www.city.tateyama.chiba.jp/files/300383359.pdf,2,,12,館山市,富崎,イノシシ,捕獲頭数,0,頭,
tateyama_boar_district,館山市 地区別イノシシ捕獲状況（H29–R7）,https://www.city.tateyama.chiba.jp/files/300383359.pdf,2,,1,館山市,富崎,イノシシ,捕獲頭数,1,頭,
tateyama_boar_district,館山市 地区別イノシシ捕獲状況（H29–R7）,https://www.city.tateyama.chiba.jp/files/300383359.pdf,2,,2,館山市,富崎,イノシシ,捕獲頭数,0,頭,
tateyama_boar_district,館山市 地区別イノシシ捕獲状況（H29–R7）,https://www.city.tateyama.chiba.jp/files/300383359.pdf,2,,3,館山市,富崎,イノシシ,捕獲頭数,0,頭,
tateyama_boar_district,館山市 地区別イノシシ捕獲状況（H29–R7）,https://www.city.tateyama.chiba.jp/files/300383359.pdf,2,,4,館山市,豊房,イノシシ,捕獲頭数,28,頭,
tateyama_boar_district,館山市 地区別イノシシ捕獲状況（H29–R7）,https://www.city.tateyama.chiba.jp/files/300383359.pdf,2,,5,館山市,豊房,イノシシ,捕獲頭数,63,頭,
tateyama_boar_district,館山市 地区別イノシシ捕獲状況（H29–R7）,https://www.city.tateyama.chiba.jp/files/300383359.pdf,2,,6,館山市,豊房,イノシシ,捕獲頭数,64,頭,
tateyama_boar_district,館山市 地区別イノシシ捕獲状況（H29–R7）,https://www.city.tateyama.chiba.jp/files/300383359.pdf,2,,7,館山市,豊房,イノシシ,捕獲頭数,119,頭,
tateyama_boar_district,館山市 地区別イノシシ捕獲状況（H29–R7）,https://www.city.tateyama.chiba.jp/files/300383359.pdf,2,,8,館山市,豊房,イノシシ,捕獲頭数,129,頭,
tateyama_boar_district,館山市 地区別イノシシ捕獲状況（H29–R7）,https://www.city.tateyama.chiba.jp/files/300383359.pdf,2,,9,館山市,豊房,イノシシ,捕獲頭数,135,頭,
tateyama_boar_district,館山市 地区別イノシシ捕獲状況（H29–R7）,https://www.city.tateyama.chiba.jp/files/300383359.pdf,2,,10,館山市,豊房,イノシシ,捕獲頭数,207,頭,
tateyama_boar_district,館山市 地区別イノシシ捕獲状況（H29–R7）,https://www.city.tateyama.chiba.jp/files/300383359.pdf,2,,11,館山市,豊房,イノシシ,捕獲頭数,130,頭,
tateyama_boar_district,館山市 地区別イノシシ捕獲状況（H29–R7）,https://www.city.tateyama.chiba.jp/files/300383359.pdf,2,,12,館山市,豊房,イノシシ,捕獲頭数,93,頭,
tateyama_boar_district,館山市 地区別イノシシ捕獲状況（H29–R7）,https://www.city.tateyama.chiba.jp/files/300383359.pdf,2,,1,館山市,豊房,イノシシ,捕獲頭数,41,頭,
tateyama_boar_district,館山市 地区別イノシシ捕獲状況（H29–R7）,https://www.city.tateyama.chiba.jp/files/300383359.pdf,2,,2,館山市,豊房,イノシシ,捕獲頭数,31,頭,
tateyama_boar_district,館山市 地区別イノシシ捕獲状況（H29–R7）,https://www.city.tateyama.chiba.jp/files/300383359.pdf,2,,3,館山市,豊房,イノシシ,捕獲頭数,25,頭,
tateyama_boar_district,館山市 地区別イノシシ捕獲状況（H29–R7）,https://www.city.tateyama.chiba.jp/files/300383359.pdf,2,,4,館山市,館野,イノシシ,捕獲頭数,7,頭,
tateyama_boar_district,館山市 地区別イノシシ捕獲状況（H29–R7）,https://www.city.tateyama.chiba.jp/files/300383359.pdf,2,,5,館山市,館野,イノシシ,捕獲頭数,7,頭,
tateyama_boar_district,館山市 地区別イノシシ捕獲状況（H29–R7）,https://www.city.tateyama.chiba.jp/files/300383359.pdf,2,,6,館山市,館野,イノシシ,捕獲頭数,5,頭,
tateyama_boar_district,館山市 地区別イノシシ捕獲状況（H29–R7）,https://www.city.tateyama.chiba.jp/files/300383359.pdf,2,,7,館山市,館野,イノシシ,捕獲頭数,11,頭,
tateyama_boar_district,館山市 地区別イノシシ捕獲状況（H29–R7）,https://www.city.tateyama.chiba.jp/files/300383359.pdf,2,,8,館山市,館野,イノシシ,捕獲頭数,24,頭,
tateyama_boar_district,館山市 地区別イノシシ捕獲状況（H29–R7）,https://www.city.tateyama.chiba.jp/files/300383359.pdf,2,,9,館山市,館野,イノシシ,捕獲頭数,23,頭,
tateyama_boar_district,館山市 地区別イノシシ捕獲状況（H29–R7）,https://www.city.tateyama.chiba.jp/files/300383359.pdf,2,,10,館山市,館野,イノシシ,捕獲頭数,24,頭,
tateyama_boar_district,館山市 地区別イノシシ捕獲状況（H29–R7）,https://www.city.tateyama.chiba.jp/files/300383359.pdf,2,,11,館山市,館野,イノシシ,捕獲頭数,22,頭,
tateyama_boar_district,館山市 地区別イノシシ捕獲状況（H29–R7）,https://www.city.tateyama.chiba.jp/files/300383359.pdf,2,,12,館山市,館野,イノシシ,捕獲頭数,9,頭,
tateyama_boar_district,館山市 地区別イノシシ捕獲状況（H29–R7）,https://www.city.tateyama.chiba.jp/files/300383359.pdf,2,,1,館山市,館野,イノシシ,捕獲頭数,7,頭,
tateyama_boar_district,館山市 地区別イノシシ捕獲状況（H29–R7）,https://www.city.tateyama.chiba.jp/files/300383359.pdf,2,,2,館山市,館野,イノシシ,捕獲頭数,3,頭,
tateyama_boar_district,館山市 地区別イノシシ捕獲状況（H29–R7）,https://www.city.tateyama.chiba.jp/files/300383359.pdf,2,,3,館山市,館野,イノシシ,捕獲頭数,5,頭,
tateyama_boar_district,館山市 地区別イノシシ捕獲状況（H29–R7）,https://www.city.tateyama.chiba.jp/files/300383359.pdf,2,,4,館山市,九重,イノシシ,捕獲頭数,11,頭,
tateyama_boar_district,館山市 地区別イノシシ捕獲状況（H29–R7）,https://www.city.tateyama.chiba.jp/files/300383359.pdf,2,,5,館山市,九重,イノシシ,捕獲頭数,13,頭,
tateyama_boar_district,館山市 地区別イノシシ捕獲状況（H29–R7）,https://www.city.tateyama.chiba.jp/files/300383359.pdf,2,,6,館山市,九重,イノシシ,捕獲頭数,12,頭,
tateyama_boar_district,館山市 地区別イノシシ捕獲状況（H29–R7）,https://www.city.tateyama.chiba.jp/files/300383359.pdf,2,,7,館山市,九重,イノシシ,捕獲頭数,18,頭,
tateyama_boar_district,館山市 地区別イノシシ捕獲状況（H29–R7）,https://www.city.tateyama.chiba.jp/files/300383359.pdf,2,,8,館山市,九重,イノシシ,捕獲頭数,36,頭,
tateyama_boar_district,館山市 地区別イノシシ捕獲状況（H29–R7）,https://www.city.tateyama.chiba.jp/files/300383359.pdf,2,,9,館山市,九重,イノシシ,捕獲頭数,26,頭,
tateyama_boar_district,館山市 地区別イノシシ捕獲状況（H29–R7）,https://www.city.tateyama.chiba.jp/files/300383359.pdf,2,,10,館山市,九重,イノシシ,捕獲頭数,23,頭,
tateyama_boar_district,館山市 地区別イノシシ捕獲状況（H29–R7）,https://www.city.tateyama.chiba.jp/files/300383359.pdf,2,,11,館山市,九重,イノシシ,捕獲頭数,25,頭,
tateyama_boar_district,館山市 地区別イノシシ捕獲状況（H29–R7）,https://www.city.tateyama.chiba.jp/files/300383359.pdf,2,,12,館山市,九重,イノシシ,捕獲頭数,26,頭,
tateyama_boar_district,館山市 地区別イノシシ捕獲状況（H29–R7）,https://www.city.tateyama.chiba.jp/files/300383359.pdf,2,,1,館山市,九重,イノシシ,捕獲頭数,9,頭,
tateyama_boar_district,館山市 地区別イノシシ捕獲状況（H29–R7）,https://www.city.tateyama.chiba.jp/files/300383359.pdf,2,,2,館山市,九重,イノシシ,捕獲頭数,13,頭,
tateyama_boar_district,館山市 地区別イノシシ捕獲状況（H29–R7）,https://www.city.tateyama.chiba.jp/files/300383359.pdf,2,,3,館山市,九重,イノシシ,捕獲頭数,3,頭,
tateyama_boar_district,館山市 地区別イノシシ捕獲状況（H29–R7）,https://www.city.tateyama.chiba.jp/files/300383359.pdf,2,,4,館山市,全市,イノシシ,捕獲頭数,70,頭,
tateyama_boar_district,館山市 地区別イノシシ捕獲状況（H29–R7）,https://www.city.tateyama.chiba.jp/files/300383359.pdf,2,,5,館山市,全市,イノシシ,捕獲頭数,116,頭,
tateyama_boar_district,館山市 地区別イノシシ捕獲状況（H29–R7）,https://www.city.tateyama.chiba.jp/files/300383359.pdf,2,,6,館山市,全市,イノシシ,捕獲頭数,118,頭,
tateyama_boar_district,館山市 地区別イノシシ捕獲状況（H29–R7）,https://www.city.tateyama.chiba.jp/files/300383359.pdf,2,,7,館山市,全市,イノシシ,捕獲頭数,202,頭,
tateyama_boar_district,館山市 地区別イノシシ捕獲状況（H29–R7）,https://www.city.tateyama.chiba.jp/files/300383359.pdf,2,,8,館山市,全市,イノシシ,捕獲頭数,296,頭,
tateyama_boar_district,館山市 地区別イノシシ捕獲状況（H29–R7）,https://www.city.tateyama.chiba.jp/files/300383359.pdf,2,,9,館山市,全市,イノシシ,捕獲頭数,309,頭,
tateyama_boar_district,館山市 地区別イノシシ捕獲状況（H29–R7）,https://www.city.tateyama.chiba.jp/files/300383359.pdf,2,,10,館山市,全市,イノシシ,捕獲頭数,443,頭,
tateyama_boar_district,館山市 地区別イノシシ捕獲状況（H29–R7）,https://www.city.tateyama.chiba.jp/files/300383359.pdf,2,,11,館山市,全市,イノシシ,捕獲頭数,310,頭,
tateyama_boar_district,館山市 地区別イノシシ捕獲状況（H29–R7）,https://www.city.tateyama.chiba.jp/files/300383359.pdf,2,,12,館山市,全市,イノシシ,捕獲頭数,220,頭,
tateyama_boar_district,館山市 地区別イノシシ捕獲状況（H29–R7）,https://www.city.tateyama.chiba.jp/files/300383359.pdf,2,,1,館山市,全市,イノシシ,捕獲頭数,108,頭,
tateyama_boar_district,館山市 地区別イノシシ捕獲状況（H29–R7）,https://www.city.tateyama.chiba.jp/files/300383359.pdf,2,,2,館山市,全市,イノシシ,捕獲頭数,104,頭,
tateyama_boar_district,館山市 地区別イノシシ捕獲状況（H29–R7）,https://www.city.tateyama.chiba.jp/files/300383359.pdf,2,,3,館山市,全市,イノシシ,捕獲頭数,61,頭,
tateyama_boar_district,館山市 地区別イノシシ捕獲状況（H29–R7）,https://www.city.tateyama.chiba.jp/files/300383359.pdf,3,,4,館山市,館山,イノシシ,捕獲頭数,4,頭,
tateyama_boar_district,館山市 地区別イノシシ捕獲状況（H29–R7）,https://www.city.tateyama.chiba.jp/files/300383359.pdf,3,,5,館山市,館山,イノシシ,捕獲頭数,5,頭,
tateyama_boar_district,館山市 地区別イノシシ捕獲状況（H29–R7）,https://www.city.tateyama.chiba.jp/files/300383359.pdf,3,,6,館山市,館山,イノシシ,捕獲頭数,2,頭,
tateyama_boar_district,館山市 地区別イノシシ捕獲状況（H29–R7）,https://www.city.tateyama.chiba.jp/files/300383359.pdf,3,,7,館山市,館山,イノシシ,捕獲頭数,4,頭,
tateyama_boar_district,館山市 地区別イノシシ捕獲状況（H29–R7）,https://www.city.tateyama.chiba.jp/files/300383359.pdf,3,,8,館山市,館山,イノシシ,捕獲頭数,6,頭,
tateyama_boar_district,館山市 地区別イノシシ捕獲状況（H29–R7）,https://www.city.tateyama.chiba.jp/files/300383359.pdf,3,,9,館山市,館山,イノシシ,捕獲頭数,8,頭,
tateyama_boar_district,館山市 地区別イノシシ捕獲状況（H29–R7）,https://www.city.tateyama.chiba.jp/files/300383359.pdf,3,,10,館山市,館山,イノシシ,捕獲頭数,12,頭,
tateyama_boar_district,館山市 地区別イノシシ捕獲状況（H29–R7）,https://www.city.tateyama.chiba.jp/files/300383359.pdf,3,,11,館山市,館山,イノシシ,捕獲頭数,16,頭,
tateyama_boar_district,館山市 地区別イノシシ捕獲状況（H29–R7）,https://www.city.tateyama.chiba.jp/files/300383359.pdf,3,,12,館山市,館山,イノシシ,捕獲頭数,11,頭,
tateyama_boar_district,館山市 地区別イノシシ捕獲状況（H29–R7）,https://www.city.tateyama.chiba.jp/files/300383359.pdf,3,,1,館山市,館山,イノシシ,捕獲頭数,7,頭,
tateyama_boar_district,館山市 地区別イノシシ捕獲状況（H29–R7）,https://www.city.tateyama.chiba.jp/files/300383359.pdf,3,,2,館山市,館山,イノシシ,捕獲頭数,5,頭,
tateyama_boar_district,館山市 地区別イノシシ捕獲状況（H29–R7）,https://www.city.tateyama.chiba.jp/files/300383359.pdf,3,,3,館山市,館山,イノシシ,捕獲頭数,3,頭,
tateyama_boar_district,館山市 地区別イノシシ捕獲状況（H29–R7）,https://www.city.tateyama.chiba.jp/files/300383359.pdf,3,,4,館山市,北条,イノシシ,捕獲頭数,0,頭,
tateyama_boar_district,館山市 地区別イノシシ捕獲状況（H29–R7）,https://www.city.tateyama.chiba.jp/files/300383359.pdf,3,,5,館山市,北条,イノシシ,捕獲頭数,0,頭,
tateyama_boar_district,館山市 地区別イノシシ捕獲状況（H29–R7）,https://www.city.tateyama.chiba.jp/files/300383359.pdf,3,,6,館山市,北条,イノシシ,捕獲頭数,0,頭,
tateyama_boar_district,館山市 地区別イノシシ捕獲状況（H29–R7）,https://www.city.tateyama.chiba.jp/files/300383359.pdf,3,,7,館山市,北条,イノシシ,捕獲頭数,0,頭,
tateyama_boar_district,館山市 地区別イノシシ捕獲状況（H29–R7）,https://www.city.tateyama.chiba.jp/files/300383359.pdf,3,,8,館山市,北条,イノシシ,捕獲頭数,0,頭,
tateyama_boar_district,館山市 地区別イノシシ捕獲状況（H29–R7）,https://www.city.tateyama.chiba.jp/files/300383359.pdf,3,,9,館山市,北条,イノシシ,捕獲頭数,0,頭,
tateyama_boar_district,館山市 地区別イノシシ捕獲状況（H29–R7）,https://www.city.tateyama.chiba.jp/files/300383359.pdf,3,,10,館山市,北条,イノシシ,捕獲頭数,0,頭,
tateyama_boar_district,館山市 地区別イノシシ捕獲状況（H29–R7）,https://www.city.tateyama.chiba.jp/files/300383359.pdf,3,,11,館山市,北条,イノシシ,捕獲頭数,0,頭,
tateyama_boar_district,館山市 地区別イノシシ捕獲状況（H29–R7）,https://www.city.tateyama.chiba.jp/files/300383359.pdf,3,,12,館山市,北条,イノシシ,捕獲頭数,0,頭,
tateyama_boar_district,館山市 地区別イノシシ捕獲状況（H29–R7）,https://www.city.tateyama.chiba.jp/files/300383359.pdf,3,,1,館山市,北条,イノシシ,捕獲頭数,0,頭,
tateyama_boar_district,館山市 地区別イノシシ捕獲状況（H29–R7）,https://www.city.tateyama.chiba.jp/files/300383359.pdf,3,,2,館山市,北条,イノシシ,捕獲頭数,0,頭,
tateyama_boar_district,館山市 地区別イノシシ捕獲状況（H29–R7）,https://www.city.tateyama.chiba.jp/files/300383359.pdf,3,,3,館山市,北条,イノシシ,捕獲頭数,0,頭,
tateyama_boar_district,館山市 地区別イノシシ捕獲状況（H29–R7）,https://www.city.tateyama.chiba.jp/files/300383359.pdf,3,,4,館山市,那古,イノシシ,捕獲頭数,3,頭,
tateyama_boar_district,館山市 地区別イノシシ捕獲状況（H29–R7）,https://www.city.tateyama.chiba.jp/files/300383359.pdf,3,,5,館山市,那古,イノシシ,捕獲頭数,2,頭,
tateyama_boar_district,館山市 地区別イノシシ捕獲状況（H29–R7）,https://www.city.tateyama.chiba.jp/files/300383359.pdf,3,,6,館山市,那古,イノシシ,捕獲頭数,1,頭,
tateyama_boar_district,館山市 地区別イノシシ捕獲状況（H29–R7）,https://www.city.tateyama.chiba.jp/files/300383359.pdf,3,,7,館山市,那古,イノシシ,捕獲頭数,1,頭,
tateyama_boar_district,館山市 地区別イノシシ捕獲状況（H29–R7）,https://www.city.tateyama.chiba.jp/files/300383359.pdf,3,,8,館山市,那古,イノシシ,捕獲頭数,3,頭,
tateyama_boar_district,館山市 地区別イノシシ捕獲状況（H29–R7）,https://www.city.tateyama.chiba.jp/files/300383359.pdf,3,,9,館山市,那古,イノシシ,捕獲頭数,3,頭,
tateyama_boar_district,館山市 地区別イノシシ捕獲状況（H29–R7）,https://www.city.tateyama.chiba.jp/files/300383359.pdf,3,,10,館山市,那古,イノシシ,捕獲頭数,16,頭,
tateyama_boar_district,館山市 地区別イノシシ捕獲状況（H29–R7）,https://www.city.tateyama.chiba.jp/files/300383359.pdf,3,,11,館山市,那古,イノシシ,捕獲頭数,34,頭,
tateyama_boar_district,館山市 地区別イノシシ捕獲状況（H29–R7）,https://www.city.tateyama.chiba.jp/files/300383359.pdf,3,,12,館山市,那古,イノシシ,捕獲頭数,34,頭,
tateyama_boar_district,館山市 地区別イノシシ捕獲状況（H29–R7）,https://www.city.tateyama.chiba.jp/files/300383359.pdf,3,,1,館山市,那古,イノシシ,捕獲頭数,18,頭,
tateyama_boar_district,館山市 地区別イノシシ捕獲状況（H29–R7）,https://www.city.tateyama.chiba.jp/files/300383359.pdf,3,,2,館山市,那古,イノシシ,捕獲頭数,16,頭,
tateyama_boar_district,館山市 地区別イノシシ捕獲状況（H29–R7）,https://www.city.tateyama.chiba.jp/files/300383359.pdf,3,,3,館山市,那古,イノシシ,捕獲頭数,10,頭,
tateyama_boar_district,館山市 地区別イノシシ捕獲状況（H29–R7）,https://www.city.tateyama.chiba.jp/files/300383359.pdf,3,,4,館山市,船形,イノシシ,捕獲頭数,0,頭,
tateyama_boar_district,館山市 地区別イノシシ捕獲状況（H29–R7）,https://www.city.tateyama.chiba.jp/files/300383359.pdf,3,,5,館山市,船形,イノシシ,捕獲頭数,0,頭,
tateyama_boar_district,館山市 地区別イノシシ捕獲状況（H29–R7）,https://www.city.tateyama.chiba.jp/files/300383359.pdf,3,,6,館山市,船形,イノシシ,捕獲頭数,0,頭,
tateyama_boar_district,館山市 地区別イノシシ捕獲状況（H29–R7）,https://www.city.tateyama.chiba.jp/files/300383359.pdf,3,,7,館山市,船形,イノシシ,捕獲頭数,0,頭,
tateyama_boar_district,館山市 地区別イノシシ捕獲状況（H29–R7）,https://www.city.tateyama.chiba.jp/files/300383359.pdf,3,,8,館山市,船形,イノシシ,捕獲頭数,0,頭,
tateyama_boar_district,館山市 地区別イノシシ捕獲状況（H29–R7）,https://www.city.tateyama.chiba.jp/files/300383359.pdf,3,,9,館山市,船形,イノシシ,捕獲頭数,0,頭,
tateyama_boar_district,館山市 地区別イノシシ捕獲状況（H29–R7）,https://www.city.tateyama.chiba.jp/files/300383359.pdf,3,,10,館山市,船形,イノシシ,捕獲頭数,0,頭,
tateyama_boar_district,館山市 地区別イノシシ捕獲状況（H29–R7）,https://www.city.tateyama.chiba.jp/files/300383359.pdf,3,,11,館山市,船形,イノシシ,捕獲頭数,0,頭,
tateyama_boar_district,館山市 地区別イノシシ捕獲状況（H29–R7）,https://www.city.tateyama.chiba.jp/files/300383359.pdf,3,,12,館山市,船形,イノシシ,捕獲頭数,0,頭,
tateyama_boar_district,館山市 地区別イノシシ捕獲状況（H29–R7）,https://www.city.tateyama.chiba.jp/files/300383359.pdf,3,,1,館山市,船形,イノシシ,捕獲頭数,0,頭,
tateyama_boar_district,館山市 地区別イノシシ捕獲状況（H29–R7）,https://www.city.tateyama.chiba.jp/files/300383359.pdf,3,,2,館山市,船形,イノシシ,捕獲頭数,0,頭,
tateyama_boar_district,館山市 地区別イノシシ捕獲状況（H29–R7）,https://www.city.tateyama.chiba.jp/files/300383359.pdf,3,,3,館山市,船形,イノシシ,捕獲頭数,1,頭,
tateyama_boar_district,館山市 地区別イノシシ捕獲状況（H29–R7）,https://www.city.tateyama.chiba.jp/files/300383359.pdf,3,,4,館山市,西岬,イノシシ,捕獲頭数,3,頭,
tateyama_boar_district,館山市 地区別イノシシ捕獲状況（H29–R7）,https://www.city.tateyama.chiba.jp/files/300383359.pdf,3,,5,館山市,西岬,イノシシ,捕獲頭数,8,頭,
tateyama_boar_district,館山市 地区別イノシシ捕獲状況（H29–R7）,https://www.city.tateyama.chiba.jp/files/300383359.pdf,3,,6,館山市,西岬,イノシシ,捕獲頭数,4,頭,
tateyama_boar_district,館山市 地区別イノシシ捕獲状況（H29–R7）,https://www.city.tateyama.chiba.jp/files/300383359.pdf,3,,7,館山市,西岬,イノシシ,捕獲頭数,5,頭,
tateyama_boar_district,館山市 地区別イノシシ捕獲状況（H29–R7）,https://www.city.tateyama.chiba.jp/files/300383359.pdf,3,,8,館山市,西岬,イノシシ,捕獲頭数,10,頭,
tateyama_boar_district,館山市 地区別イノシシ捕獲状況（H29–R7）,https://www.city.tateyama.chiba.jp/files/300383359.pdf,3,,9,館山市,西岬,イノシシ,捕獲頭数,18,頭,
tateyama_boar_district,館山市 地区別イノシシ捕獲状況（H29–R7）,https://www.city.tateyama.chiba.jp/files/300383359.pdf,3,,10,館山市,西岬,イノシシ,捕獲頭数,19,頭,
tateyama_boar_district,館山市 地区別イノシシ捕獲状況（H29–R7）,https://www.city.tateyama.chiba.jp/files/300383359.pdf,3,,11,館山市,西岬,イノシシ,捕獲頭数,19,頭,
tateyama_boar_district,館山市 地区別イノシシ捕獲状況（H29–R7）,https://www.city.tateyama.chiba.jp/files/300383359.pdf,3,,12,館山市,西岬,イノシシ,捕獲頭数,21,頭,
tateyama_boar_district,館山市 地区別イノシシ捕獲状況（H29–R7）,https://www.city.tateyama.chiba.jp/files/300383359.pdf,3,,1,館山市,西岬,イノシシ,捕獲頭数,18,頭,
tateyama_boar_district,館山市 地区別イノシシ捕獲状況（H29–R7）,https://www.city.tateyama.chiba.jp/files/300383359.pdf,3,,2,館山市,西岬,イノシシ,捕獲頭数,14,頭,
tateyama_boar_district,館山市 地区別イノシシ捕獲状況（H29–R7）,https://www.city.tateyama.chiba.jp/files/300383359.pdf,3,,3,館山市,西岬,イノシシ,捕獲頭数,16,頭,
tateyama_boar_district,館山市 地区別イノシシ捕獲状況（H29–R7）,https://www.city.tateyama.chiba.jp/files/300383359.pdf,3,,4,館山市,神戸,イノシシ,捕獲頭数,9,頭,
tateyama_boar_district,館山市 地区別イノシシ捕獲状況（H29–R7）,https://www.city.tateyama.chiba.jp/files/300383359.pdf,3,,5,館山市,神戸,イノシシ,捕獲頭数,6,頭,
tateyama_boar_district,館山市 地区別イノシシ捕獲状況（H29–R7）,https://www.city.tateyama.chiba.jp/files/300383359.pdf,3,,6,館山市,神戸,イノシシ,捕獲頭数,11,頭,
tateyama_boar_district,館山市 地区別イノシシ捕獲状況（H29–R7）,https://www.city.tateyama.chiba.jp/files/300383359.pdf,3,,7,館山市,神戸,イノシシ,捕獲頭数,10,頭,
tateyama_boar_district,館山市 地区別イノシシ捕獲状況（H29–R7）,https://www.city.tateyama.chiba.jp/files/300383359.pdf,3,,8,館山市,神戸,イノシシ,捕獲頭数,15,頭,
tateyama_boar_district,館山市 地区別イノシシ捕獲状況（H29–R7）,https://www.city.tateyama.chiba.jp/files/300383359.pdf,3,,9,館山市,神戸,イノシシ,捕獲頭数,22,頭,
tateyama_boar_district,館山市 地区別イノシシ捕獲状況（H29–R7）,https://www.city.tateyama.chiba.jp/files/300383359.pdf,3,,10,館山市,神戸,イノシシ,捕獲頭数,34,頭,
tateyama_boar_district,館山市 地区別イノシシ捕獲状況（H29–R7）,https://www.city.tateyama.chiba.jp/files/300383359.pdf,3,,11,館山市,神戸,イノシシ,捕獲頭数,26,頭,
tateyama_boar_district,館山市 地区別イノシシ捕獲状況（H29–R7）,https://www.city.tateyama.chiba.jp/files/300383359.pdf,3,,12,館山市,神戸,イノシシ,捕獲頭数,21,頭,
tateyama_boar_district,館山市 地区別イノシシ捕獲状況（H29–R7）,https://www.city.tateyama.chiba.jp/files/300383359.pdf,3,,1,館山市,神戸,イノシシ,捕獲頭数,21,頭,
tateyama_boar_district,館山市 地区別イノシシ捕獲状況（H29–R7）,https://www.city.tateyama.chiba.jp/files/300383359.pdf,3,,2,館山市,神戸,イノシシ,捕獲頭数,13,頭,
tateyama_boar_district,館山市 地区別イノシシ捕獲状況（H29–R7）,https://www.city.tateyama.chiba.jp/files/300383359.pdf,3,,3,館山市,神戸,イノシシ,捕獲頭数,24,頭,
tateyama_boar_district,館山市 地区別イノシシ捕獲状況（H29–R7）,https://www.city.tateyama.chiba.jp/files/300383359.pdf,3,,4,館山市,富崎,イノシシ,捕獲頭数,0,頭,
tateyama_boar_district,館山市 地区別イノシシ捕獲状況（H29–R7）,https://www.city.tateyama.chiba.jp/files/300383359.pdf,3,,5,館山市,富崎,イノシシ,捕獲頭数,0,頭,
tateyama_boar_district,館山市 地区別イノシシ捕獲状況（H29–R7）,https://www.city.tateyama.chiba.jp/files/300383359.pdf,3,,6,館山市,富崎,イノシシ,捕獲頭数,0,頭,
tateyama_boar_district,館山市 地区別イノシシ捕獲状況（H29–R7）,https://www.city.tateyama.chiba.jp/files/300383359.pdf,3,,7,館山市,富崎,イノシシ,捕獲頭数,1,頭,
tateyama_boar_district,館山市 地区別イノシシ捕獲状況（H29–R7）,https://www.city.tateyama.chiba.jp/files/300383359.pdf,3,,8,館山市,富崎,イノシシ,捕獲頭数,1,頭,
tateyama_boar_district,館山市 地区別イノシシ捕獲状況（H29–R7）,https://www.city.tateyama.chiba.jp/files/300383359.pdf,3,,9,館山市,富崎,イノシシ,捕獲頭数,0,頭,
tateyama_boar_district,館山市 地区別イノシシ捕獲状況（H29–R7）,https://www.city.tateyama.chiba.jp/files/300383359.pdf,3,,10,館山市,富崎,イノシシ,捕獲頭数,1,頭,
tateyama_boar_district,館山市 地区別イノシシ捕獲状況（H29–R7）,https://www.city.tateyama.chiba.jp/files/300383359.pdf,3,,11,館山市,富崎,イノシシ,捕獲頭数,1,頭,
tateyama_boar_district,館山市 地区別イノシシ捕獲状況（H29–R7）,https://www.city.tateyama.chiba.jp/files/300383359.pdf,3,,12,館山市,富崎,イノシシ,捕獲頭数,0,頭,
tateyama_boar_district,館山市 地区別イノシシ捕獲状況（H29–R7）,https://www.city.tateyama.chiba.jp/files/300383359.pdf,3,,1,館山市,富崎,イノシシ,捕獲頭数,1,頭,
tateyama_boar_district,館山市 地区別イノシシ捕獲状況（H29–R7）,https://www.city.tateyama.chiba.jp/files/300383359.pdf,3,,2,館山市,富崎,イノシシ,捕獲頭数,0,頭,
tateyama_boar_district,館山市 地区別イノシシ捕獲状況（H29–R7）,https://www.city.tateyama.chiba.jp/files/300383359.pdf,3,,3,館山市,富崎,イノシシ,捕獲頭数,0,頭,
tateyama_boar_district,館山市 地区別イノシシ捕獲状況（H29–R7）,https://www.city.tateyama.chiba.jp/files/300383359.pdf,3,,4,館山市,豊房,イノシシ,捕獲頭数,23,頭,
tateyama_boar_district,館山市 地区別イノシシ捕獲状況（H29–R7）,https://www.city.tateyama.chiba.jp/files/300383359.pdf,3,,5,館山市,豊房,イノシシ,捕獲頭数,19,頭,
tateyama_boar_district,館山市 地区別イノシシ捕獲状況（H29–R7）,https://www.city.tateyama.chiba.jp/files/300383359.pdf,3,,6,館山市,豊房,イノシシ,捕獲頭数,8,頭,
tateyama_boar_district,館山市 地区別イノシシ捕獲状況（H29–R7）,https://www.city.tateyama.chiba.jp/files/300383359.pdf,3,,7,館山市,豊房,イノシシ,捕獲頭数,15,頭,
tateyama_boar_district,館山市 地区別イノシシ捕獲状況（H29–R7）,https://www.city.tateyama.chiba.jp/files/300383359.pdf,3,,8,館山市,豊房,イノシシ,捕獲頭数,24,頭,
tateyama_boar_district,館山市 地区別イノシシ捕獲状況（H29–R7）,https://www.city.tateyama.chiba.jp/files/300383359.pdf,3,,9,館山市,豊房,イノシシ,捕獲頭数,34,頭,
tateyama_boar_district,館山市 地区別イノシシ捕獲状況（H29–R7）,https://www.city.tateyama.chiba.jp/files/300383359.pdf,3,,10,館山市,豊房,イノシシ,捕獲頭数,53,頭,
tateyama_boar_district,館山市 地区別イノシシ捕獲状況（H29–R7）,https://www.city.tateyama.chiba.jp/files/300383359.pdf,3,,11,館山市,豊房,イノシシ,捕獲頭数,67,頭,
tateyama_boar_district,館山市 地区別イノシシ捕獲状況（H29–R7）,https://www.city.tateyama.chiba.jp/files/300383359.pdf,3,,12,館山市,豊房,イノシシ,捕獲頭数,45,頭,
tateyama_boar_district,館山市 地区別イノシシ捕獲状況（H29–R7）,https://www.city.tateyama.chiba.jp/files/300383359.pdf,3,,1,館山市,豊房,イノシシ,捕獲頭数,55,頭,
tateyama_boar_district,館山市 地区別イノシシ捕獲状況（H29–R7）,https://www.city.tateyama.chiba.jp/files/300383359.pdf,3,,2,館山市,豊房,イノシシ,捕獲頭数,30,頭,
tateyama_boar_district,館山市 地区別イノシシ捕獲状況（H29–R7）,https://www.city.tateyama.chiba.jp/files/300383359.pdf,3,,3,館山市,豊房,イノシシ,捕獲頭数,42,頭,
tateyama_boar_district,館山市 地区別イノシシ捕獲状況（H29–R7）,https://www.city.tateyama.chiba.jp/files/300383359.pdf,3,,4,館山市,館野,イノシシ,捕獲頭数,1,頭,
tateyama_boar_district,館山市 地区別イノシシ捕獲状況（H29–R7）,https://www.city.tateyama.chiba.jp/files/300383359.pdf,3,,5,館山市,館野,イノシシ,捕獲頭数,2,頭,
tateyama_boar_district,館山市 地区別イノシシ捕獲状況（H29–R7）,https://www.city.tateyama.chiba.jp/files/300383359.pdf,3,,6,館山市,館野,イノシシ,捕獲頭数,0,頭,
tateyama_boar_district,館山市 地区別イノシシ捕獲状況（H29–R7）,https://www.city.tateyama.chiba.jp/files/300383359.pdf,3,,7,館山市,館野,イノシシ,捕獲頭数,2,頭,
tateyama_boar_district,館山市 地区別イノシシ捕獲状況（H29–R7）,https://www.city.tateyama.chiba.jp/files/300383359.pdf,3,,8,館山市,館野,イノシシ,捕獲頭数,7,頭,
tateyama_boar_district,館山市 地区別イノシシ捕獲状況（H29–R7）,https://www.city.tateyama.chiba.jp/files/300383359.pdf,3,,9,館山市,館野,イノシシ,捕獲頭数,5,頭,
tateyama_boar_district,館山市 地区別イノシシ捕獲状況（H29–R7）,https://www.city.tateyama.chiba.jp/files/300383359.pdf,3,,10,館山市,館野,イノシシ,捕獲頭数,3,頭,
tateyama_boar_district,館山市 地区別イノシシ捕獲状況（H29–R7）,https://www.city.tateyama.chiba.jp/files/300383359.pdf,3,,11,館山市,館野,イノシシ,捕獲頭数,12,頭,
tateyama_boar_district,館山市 地区別イノシシ捕獲状況（H29–R7）,https://www.city.tateyama.chiba.jp/files/300383359.pdf,3,,12,館山市,館野,イノシシ,捕獲頭数,7,頭,
tateyama_boar_district,館山市 地区別イノシシ捕獲状況（H29–R7）,https://www.city.tateyama.chiba.jp/files/300383359.pdf,3,,1,館山市,館野,イノシシ,捕獲頭数,8,頭,
tateyama_boar_district,館山市 地区別イノシシ捕獲状況（H29–R7）,https://www.city.tateyama.chiba.jp/files/300383359.pdf,3,,2,館山市,館野,イノシシ,捕獲頭数,4,頭,
tateyama_boar_district,館山市 地区別イノシシ捕獲状況（H29–R7）,https://www.city.tateyama.chiba.jp/files/300383359.pdf,3,,3,館山市,館野,イノシシ,捕獲頭数,6,頭,
tateyama_boar_district,館山市 地区別イノシシ捕獲状況（H29–R7）,https://www.city.tateyama.chiba.jp/files/300383359.pdf,3,,4,館山市,九重,イノシシ,捕獲頭数,4,頭,
tateyama_boar_district,館山市 地区別イノシシ捕獲状況（H29–R7）,https://www.city.tateyama.chiba.jp/files/300383359.pdf,3,,5,館山市,九重,イノシシ,捕獲頭数,6,頭,
tateyama_boar_district,館山市 地区別イノシシ捕獲状況（H29–R7）,https://www.city.tateyama.chiba.jp/files/300383359.pdf,3,,6,館山市,九重,イノシシ,捕獲頭数,0,頭,
tateyama_boar_district,館山市 地区別イノシシ捕獲状況（H29–R7）,https://www.city.tateyama.chiba.jp/files/300383359.pdf,3,,7,館山市,九重,イノシシ,捕獲頭数,5,頭,
tateyama_boar_district,館山市 地区別イノシシ捕獲状況（H29–R7）,https://www.city.tateyama.chiba.jp/files/300383359.pdf,3,,8,館山市,九重,イノシシ,捕獲頭数,31,頭,
tateyama_boar_district,館山市 地区別イノシシ捕獲状況（H29–R7）,https://www.city.tateyama.chiba.jp/files/300383359.pdf,3,,9,館山市,九重,イノシシ,捕獲頭数,17,頭,
tateyama_boar_district,館山市 地区別イノシシ捕獲状況（H29–R7）,https://www.city.tateyama.chiba.jp/files/300383359.pdf,3,,10,館山市,九重,イノシシ,捕獲頭数,12,頭,
tateyama_boar_district,館山市 地区別イノシシ捕獲状況（H29–R7）,https://www.city.tateyama.chiba.jp/files/300383359.pdf,3,,11,館山市,九重,イノシシ,捕獲頭数,23,頭,
tateyama_boar_district,館山市 地区別イノシシ捕獲状況（H29–R7）,https://www.city.tateyama.chiba.jp/files/300383359.pdf,3,,12,館山市,九重,イノシシ,捕獲頭数,11,頭,
tateyama_boar_district,館山市 地区別イノシシ捕獲状況（H29–R7）,https://www.city.tateyama.chiba.jp/files/300383359.pdf,3,,1,館山市,九重,イノシシ,捕獲頭数,19,頭,
tateyama_boar_district,館山市 地区別イノシシ捕獲状況（H29–R7）,https://www.city.tateyama.chiba.jp/files/300383359.pdf,3,,2,館山市,九重,イノシシ,捕獲頭数,11,頭,
tateyama_boar_district,館山市 地区別イノシシ捕獲状況（H29–R7）,https://www.city.tateyama.chiba.jp/files/300383359.pdf,3,,3,館山市,九重,イノシシ,捕獲頭数,25,頭,
tateyama_boar_district,館山市 地区別イノシシ捕獲状況（H29–R7）,https://www.city.tateyama.chiba.jp/files/300383359.pdf,3,,4,館山市,全市,イノシシ,捕獲頭数,47,頭,
tateyama_boar_district,館山市 地区別イノシシ捕獲状況（H29–R7）,https://www.city.tateyama.chiba.jp/files/300383359.pdf,3,,5,館山市,全市,イノシシ,捕獲頭数,48,頭,
tateyama_boar_district,館山市 地区別イノシシ捕獲状況（H29–R7）,https://www.city.tateyama.chiba.jp/files/300383359.pdf,3,,6,館山市,全市,イノシシ,捕獲頭数,26,頭,
tateyama_boar_district,館山市 地区別イノシシ捕獲状況（H29–R7）,https://www.city.tateyama.chiba.jp/files/300383359.pdf,3,,7,館山市,全市,イノシシ,捕獲頭数,43,頭,
tateyama_boar_district,館山市 地区別イノシシ捕獲状況（H29–R7）,https://www.city.tateyama.chiba.jp/files/300383359.pdf,3,,8,館山市,全市,イノシシ,捕獲頭数,97,頭,
tateyama_boar_district,館山市 地区別イノシシ捕獲状況（H29–R7）,https://www.city.tateyama.chiba.jp/files/300383359.pdf,3,,9,館山市,全市,イノシシ,捕獲頭数,107,頭,
tateyama_boar_district,館山市 地区別イノシシ捕獲状況（H29–R7）,https://www.city.tateyama.chiba.jp/files/300383359.pdf,3,,10,館山市,全市,イノシシ,捕獲頭数,150,頭,
tateyama_boar_district,館山市 地区別イノシシ捕獲状況（H29–R7）,https://www.city.tateyama.chiba.jp/files/300383359.pdf,3,,11,館山市,全市,イノシシ,捕獲頭数,198,頭,
tateyama_boar_district,館山市 地区別イノシシ捕獲状況（H29–R7）,https://www.city.tateyama.chiba.jp/files/300383359.pdf,3,,12,館山市,全市,イノシシ,捕獲頭数,150,頭,
tateyama_boar_district,館山市 地区別イノシシ捕獲状況（H29–R7）,https://www.city.tateyama.chiba.jp/files/300383359.pdf,3,,1,館山市,全市,イノシシ,捕獲頭数,147,頭,
tateyama_boar_district,館山市 地区別イノシシ捕獲状況（H29–R7）,https://www.city.tateyama.chiba.jp/files/300383359.pdf,3,,2,館山市,全市,イノシシ,捕獲頭数,93,頭,
tateyama_boar_district,館山市 地区別イノシシ捕獲状況（H29–R7）,https://www.city.tateyama.chiba.jp/files/300383359.pdf,3,,3,館山市,全市,イノシシ,捕獲頭数,127,頭,
tateyama_boar_district,館山市 地区別イノシシ捕獲状況（H29–R7）,https://www.city.tateyama.chiba.jp/files/300383359.pdf,4,,4,館山市,館山,イノシシ,捕獲頭数,15,頭,
tateyama_boar_district,館山市 地区別イノシシ捕獲状況（H29–R7）,https://www.city.tateyama.chiba.jp/files/300383359.pdf,4,,5,館山市,館山,イノシシ,捕獲頭数,7,頭,
tateyama_boar_district,館山市 地区別イノシシ捕獲状況（H29–R7）,https://www.city.tateyama.chiba.jp/files/300383359.pdf,4,,6,館山市,館山,イノシシ,捕獲頭数,3,頭,
tateyama_boar_district,館山市 地区別イノシシ捕獲状況（H29–R7）,https://www.city.tateyama.chiba.jp/files/300383359.pdf,4,,7,館山市,館山,イノシシ,捕獲頭数,4,頭,
tateyama_boar_district,館山市 地区別イノシシ捕獲状況（H29–R7）,https://www.city.tateyama.chiba.jp/files/300383359.pdf,4,,8,館山市,館山,イノシシ,捕獲頭数,18,頭,
tateyama_boar_district,館山市 地区別イノシシ捕獲状況（H29–R7）,https://www.city.tateyama.chiba.jp/files/300383359.pdf,4,,9,館山市,館山,イノシシ,捕獲頭数,8,頭,
tateyama_boar_district,館山市 地区別イノシシ捕獲状況（H29–R7）,https://www.city.tateyama.chiba.jp/files/300383359.pdf,4,,10,館山市,館山,イノシシ,捕獲頭数,14,頭,
tateyama_boar_district,館山市 地区別イノシシ捕獲状況（H29–R7）,https://www.city.tateyama.chiba.jp/files/300383359.pdf,4,,11,館山市,館山,イノシシ,捕獲頭数,10,頭,
tateyama_boar_district,館山市 地区別イノシシ捕獲状況（H29–R7）,https://www.city.tateyama.chiba.jp/files/300383359.pdf,4,,12,館山市,館山,イノシシ,捕獲頭数,17,頭,
tateyama_boar_district,館山市 地区別イノシシ捕獲状況（H29–R7）,https://www.city.tateyama.chiba.jp/files/300383359.pdf,4,,1,館山市,館山,イノシシ,捕獲頭数,5,頭,
tateyama_boar_district,館山市 地区別イノシシ捕獲状況（H29–R7）,https://www.city.tateyama.chiba.jp/files/300383359.pdf,4,,2,館山市,館山,イノシシ,捕獲頭数,10,頭,
tateyama_boar_district,館山市 地区別イノシシ捕獲状況（H29–R7）,https://www.city.tateyama.chiba.jp/files/300383359.pdf,4,,3,館山市,館山,イノシシ,捕獲頭数,9,頭,
tateyama_boar_district,館山市 地区別イノシシ捕獲状況（H29–R7）,https://www.city.tateyama.chiba.jp/files/300383359.pdf,4,,4,館山市,北条,イノシシ,捕獲頭数,0,頭,
tateyama_boar_district,館山市 地区別イノシシ捕獲状況（H29–R7）,https://www.city.tateyama.chiba.jp/files/300383359.pdf,4,,5,館山市,北条,イノシシ,捕獲頭数,0,頭,
tateyama_boar_district,館山市 地区別イノシシ捕獲状況（H29–R7）,https://www.city.tateyama.chiba.jp/files/300383359.pdf,4,,6,館山市,北条,イノシシ,捕獲頭数,0,頭,
tateyama_boar_district,館山市 地区別イノシシ捕獲状況（H29–R7）,https://www.city.tateyama.chiba.jp/files/300383359.pdf,4,,7,館山市,北条,イノシシ,捕獲頭数,0,頭,
tateyama_boar_district,館山市 地区別イノシシ捕獲状況（H29–R7）,https://www.city.tateyama.chiba.jp/files/300383359.pdf,4,,8,館山市,北条,イノシシ,捕獲頭数,0,頭,
tateyama_boar_district,館山市 地区別イノシシ捕獲状況（H29–R7）,https://www.city.tateyama.chiba.jp/files/300383359.pdf,4,,9,館山市,北条,イノシシ,捕獲頭数,0,頭,
tateyama_boar_district,館山市 地区別イノシシ捕獲状況（H29–R7）,https://www.city.tateyama.chiba.jp/files/300383359.pdf,4,,10,館山市,北条,イノシシ,捕獲頭数,0,頭,
tateyama_boar_district,館山市 地区別イノシシ捕獲状況（H29–R7）,https://www.city.tateyama.chiba.jp/files/300383359.pdf,4,,11,館山市,北条,イノシシ,捕獲頭数,0,頭,
tateyama_boar_district,館山市 地区別イノシシ捕獲状況（H29–R7）,https://www.city.tateyama.chiba.jp/files/300383359.pdf,4,,12,館山市,北条,イノシシ,捕獲頭数,0,頭,
tateyama_boar_district,館山市 地区別イノシシ捕獲状況（H29–R7）,https://www.city.tateyama.chiba.jp/files/300383359.pdf,4,,1,館山市,北条,イノシシ,捕獲頭数,0,頭,
tateyama_boar_district,館山市 地区別イノシシ捕獲状況（H29–R7）,https://www.city.tateyama.chiba.jp/files/300383359.pdf,4,,2,館山市,北条,イノシシ,捕獲頭数,0,頭,
tateyama_boar_district,館山市 地区別イノシシ捕獲状況（H29–R7）,https://www.city.tateyama.chiba.jp/files/300383359.pdf,4,,3,館山市,北条,イノシシ,捕獲頭数,0,頭,
tateyama_boar_district,館山市 地区別イノシシ捕獲状況（H29–R7）,https://www.city.tateyama.chiba.jp/files/300383359.pdf,4,,4,館山市,那古,イノシシ,捕獲頭数,5,頭,
tateyama_boar_district,館山市 地区別イノシシ捕獲状況（H29–R7）,https://www.city.tateyama.chiba.jp/files/300383359.pdf,4,,5,館山市,那古,イノシシ,捕獲頭数,6,頭,
tateyama_boar_district,館山市 地区別イノシシ捕獲状況（H29–R7）,https://www.city.tateyama.chiba.jp/files/300383359.pdf,4,,6,館山市,那古,イノシシ,捕獲頭数,3,頭,
tateyama_boar_district,館山市 地区別イノシシ捕獲状況（H29–R7）,https://www.city.tateyama.chiba.jp/files/300383359.pdf,4,,7,館山市,那古,イノシシ,捕獲頭数,3,頭,
tateyama_boar_district,館山市 地区別イノシシ捕獲状況（H29–R7）,https://www.city.tateyama.chiba.jp/files/300383359.pdf,4,,8,館山市,那古,イノシシ,捕獲頭数,5,頭,
tateyama_boar_district,館山市 地区別イノシシ捕獲状況（H29–R7）,https://www.city.tateyama.chiba.jp/files/300383359.pdf,4,,9,館山市,那古,イノシシ,捕獲頭数,2,頭,
tateyama_boar_district,館山市 地区別イノシシ捕獲状況（H29–R7）,https://www.city.tateyama.chiba.jp/files/300383359.pdf,4,,10,館山市,那古,イノシシ,捕獲頭数,3,頭,
tateyama_boar_district,館山市 地区別イノシシ捕獲状況（H29–R7）,https://www.city.tateyama.chiba.jp/files/300383359.pdf,4,,11,館山市,那古,イノシシ,捕獲頭数,2,頭,
tateyama_boar_district,館山市 地区別イノシシ捕獲状況（H29–R7）,https://www.city.tateyama.chiba.jp/files/300383359.pdf,4,,12,館山市,那古,イノシシ,捕獲頭数,9,頭,
tateyama_boar_district,館山市 地区別イノシシ捕獲状況（H29–R7）,https://www.city.tateyama.chiba.jp/files/300383359.pdf,4,,1,館山市,那古,イノシシ,捕獲頭数,19,頭,
tateyama_boar_district,館山市 地区別イノシシ捕獲状況（H29–R7）,https://www.city.tateyama.chiba.jp/files/300383359.pdf,4,,2,館山市,那古,イノシシ,捕獲頭数,11,頭,
tateyama_boar_district,館山市 地区別イノシシ捕獲状況（H29–R7）,https://www.city.tateyama.chiba.jp/files/300383359.pdf,4,,3,館山市,那古,イノシシ,捕獲頭数,6,頭,
tateyama_boar_district,館山市 地区別イノシシ捕獲状況（H29–R7）,https://www.city.tateyama.chiba.jp/files/300383359.pdf,4,,4,館山市,船形,イノシシ,捕獲頭数,0,頭,
tateyama_boar_district,館山市 地区別イノシシ捕獲状況（H29–R7）,https://www.city.tateyama.chiba.jp/files/300383359.pdf,4,,5,館山市,船形,イノシシ,捕獲頭数,0,頭,
tateyama_boar_district,館山市 地区別イノシシ捕獲状況（H29–R7）,https://www.city.tateyama.chiba.jp/files/300383359.pdf,4,,6,館山市,船形,イノシシ,捕獲頭数,0,頭,
tateyama_boar_district,館山市 地区別イノシシ捕獲状況（H29–R7）,https://www.city.tateyama.chiba.jp/files/300383359.pdf,4,,7,館山市,船形,イノシシ,捕獲頭数,0,頭,
tateyama_boar_district,館山市 地区別イノシシ捕獲状況（H29–R7）,https://www.city.tateyama.chiba.jp/files/300383359.pdf,4,,8,館山市,船形,イノシシ,捕獲頭数,0,頭,
tateyama_boar_district,館山市 地区別イノシシ捕獲状況（H29–R7）,https://www.city.tateyama.chiba.jp/files/300383359.pdf,4,,9,館山市,船形,イノシシ,捕獲頭数,0,頭,
tateyama_boar_district,館山市 地区別イノシシ捕獲状況（H29–R7）,https://www.city.tateyama.chiba.jp/files/300383359.pdf,4,,10,館山市,船形,イノシシ,捕獲頭数,0,頭,
tateyama_boar_district,館山市 地区別イノシシ捕獲状況（H29–R7）,https://www.city.tateyama.chiba.jp/files/300383359.pdf,4,,11,館山市,船形,イノシシ,捕獲頭数,0,頭,
tateyama_boar_district,館山市 地区別イノシシ捕獲状況（H29–R7）,https://www.city.tateyama.chiba.jp/files/300383359.pdf,4,,12,館山市,船形,イノシシ,捕獲頭数,0,頭,
tateyama_boar_district,館山市 地区別イノシシ捕獲状況（H29–R7）,https://www.city.tateyama.chiba.jp/files/300383359.pdf,4,,1,館山市,船形,イノシシ,捕獲頭数,0,頭,
tateyama_boar_district,館山市 地区別イノシシ捕獲状況（H29–R7）,https://www.city.tateyama.chiba.jp/files/300383359.pdf,4,,2,館山市,船形,イノシシ,捕獲頭数,0,頭,
tateyama_boar_district,館山市 地区別イノシシ捕獲状況（H29–R7）,https://www.city.tateyama.chiba.jp/files/300383359.pdf,4,,3,館山市,船形,イノシシ,捕獲頭数,0,頭,
tateyama_boar_district,館山市 地区別イノシシ捕獲状況（H29–R7）,https://www.city.tateyama.chiba.jp/files/300383359.pdf,4,,4,館山市,西岬,イノシシ,捕獲頭数,10,頭,
tateyama_boar_district,館山市 地区別イノシシ捕獲状況（H29–R7）,https://www.city.tateyama.chiba.jp/files/300383359.pdf,4,,5,館山市,西岬,イノシシ,捕獲頭数,9,頭,
tateyama_boar_district,館山市 地区別イノシシ捕獲状況（H29–R7）,https://www.city.tateyama.chiba.jp/files/300383359.pdf,4,,6,館山市,西岬,イノシシ,捕獲頭数,7,頭,
tateyama_boar_district,館山市 地区別イノシシ捕獲状況（H29–R7）,https://www.city.tateyama.chiba.jp/files/300383359.pdf,4,,7,館山市,西岬,イノシシ,捕獲頭数,8,頭,
tateyama_boar_district,館山市 地区別イノシシ捕獲状況（H29–R7）,https://www.city.tateyama.chiba.jp/files/300383359.pdf,4,,8,館山市,西岬,イノシシ,捕獲頭数,20,頭,
tateyama_boar_district,館山市 地区別イノシシ捕獲状況（H29–R7）,https://www.city.tateyama.chiba.jp/files/300383359.pdf,4,,9,館山市,西岬,イノシシ,捕獲頭数,23,頭,
tateyama_boar_district,館山市 地区別イノシシ捕獲状況（H29–R7）,https://www.city.tateyama.chiba.jp/files/300383359.pdf,4,,10,館山市,西岬,イノシシ,捕獲頭数,28,頭,
tateyama_boar_district,館山市 地区別イノシシ捕獲状況（H29–R7）,https://www.city.tateyama.chiba.jp/files/300383359.pdf,4,,11,館山市,西岬,イノシシ,捕獲頭数,42,頭,
tateyama_boar_district,館山市 地区別イノシシ捕獲状況（H29–R7）,https://www.city.tateyama.chiba.jp/files/300383359.pdf,4,,12,館山市,西岬,イノシシ,捕獲頭数,32,頭,
tateyama_boar_district,館山市 地区別イノシシ捕獲状況（H29–R7）,https://www.city.tateyama.chiba.jp/files/300383359.pdf,4,,1,館山市,西岬,イノシシ,捕獲頭数,20,頭,
tateyama_boar_district,館山市 地区別イノシシ捕獲状況（H29–R7）,https://www.city.tateyama.chiba.jp/files/300383359.pdf,4,,2,館山市,西岬,イノシシ,捕獲頭数,20,頭,
tateyama_boar_district,館山市 地区別イノシシ捕獲状況（H29–R7）,https://www.city.tateyama.chiba.jp/files/300383359.pdf,4,,3,館山市,西岬,イノシシ,捕獲頭数,17,頭,
tateyama_boar_district,館山市 地区別イノシシ捕獲状況（H29–R7）,https://www.city.tateyama.chiba.jp/files/300383359.pdf,4,,4,館山市,神戸,イノシシ,捕獲頭数,16,頭,
tateyama_boar_district,館山市 地区別イノシシ捕獲状況（H29–R7）,https://www.city.tateyama.chiba.jp/files/300383359.pdf,4,,5,館山市,神戸,イノシシ,捕獲頭数,15,頭,
tateyama_boar_district,館山市 地区別イノシシ捕獲状況（H29–R7）,https://www.city.tateyama.chiba.jp/files/300383359.pdf,4,,6,館山市,神戸,イノシシ,捕獲頭数,18,頭,
tateyama_boar_district,館山市 地区別イノシシ捕獲状況（H29–R7）,https://www.city.tateyama.chiba.jp/files/300383359.pdf,4,,7,館山市,神戸,イノシシ,捕獲頭数,14,頭,
tateyama_boar_district,館山市 地区別イノシシ捕獲状況（H29–R7）,https://www.city.tateyama.chiba.jp/files/300383359.pdf,4,,8,館山市,神戸,イノシシ,捕獲頭数,33,頭,
tateyama_boar_district,館山市 地区別イノシシ捕獲状況（H29–R7）,https://www.city.tateyama.chiba.jp/files/300383359.pdf,4,,9,館山市,神戸,イノシシ,捕獲頭数,26,頭,
tateyama_boar_district,館山市 地区別イノシシ捕獲状況（H29–R7）,https://www.city.tateyama.chiba.jp/files/300383359.pdf,4,,10,館山市,神戸,イノシシ,捕獲頭数,38,頭,
tateyama_boar_district,館山市 地区別イノシシ捕獲状況（H29–R7）,https://www.city.tateyama.chiba.jp/files/300383359.pdf,4,,11,館山市,神戸,イノシシ,捕獲頭数,20,頭,
tateyama_boar_district,館山市 地区別イノシシ捕獲状況（H29–R7）,https://www.city.tateyama.chiba.jp/files/300383359.pdf,4,,12,館山市,神戸,イノシシ,捕獲頭数,19,頭,
tateyama_boar_district,館山市 地区別イノシシ捕獲状況（H29–R7）,https://www.city.tateyama.chiba.jp/files/300383359.pdf,4,,1,館山市,神戸,イノシシ,捕獲頭数,12,頭,
tateyama_boar_district,館山市 地区別イノシシ捕獲状況（H29–R7）,https://www.city.tateyama.chiba.jp/files/300383359.pdf,4,,2,館山市,神戸,イノシシ,捕獲頭数,24,頭,
tateyama_boar_district,館山市 地区別イノシシ捕獲状況（H29–R7）,https://www.city.tateyama.chiba.jp/files/300383359.pdf,4,,3,館山市,神戸,イノシシ,捕獲頭数,13,頭,
tateyama_boar_district,館山市 地区別イノシシ捕獲状況（H29–R7）,https://www.city.tateyama.chiba.jp/files/300383359.pdf,4,,4,館山市,富崎,イノシシ,捕獲頭数,0,頭,
tateyama_boar_district,館山市 地区別イノシシ捕獲状況（H29–R7）,https://www.city.tateyama.chiba.jp/files/300383359.pdf,4,,5,館山市,富崎,イノシシ,捕獲頭数,0,頭,
tateyama_boar_district,館山市 地区別イノシシ捕獲状況（H29–R7）,https://www.city.tateyama.chiba.jp/files/300383359.pdf,4,,6,館山市,富崎,イノシシ,捕獲頭数,0,頭,
tateyama_boar_district,館山市 地区別イノシシ捕獲状況（H29–R7）,https://www.city.tateyama.chiba.jp/files/300383359.pdf,4,,7,館山市,富崎,イノシシ,捕獲頭数,0,頭,
tateyama_boar_district,館山市 地区別イノシシ捕獲状況（H29–R7）,https://www.city.tateyama.chiba.jp/files/300383359.pdf,4,,8,館山市,富崎,イノシシ,捕獲頭数,0,頭,
tateyama_boar_district,館山市 地区別イノシシ捕獲状況（H29–R7）,https://www.city.tateyama.chiba.jp/files/300383359.pdf,4,,9,館山市,富崎,イノシシ,捕獲頭数,0,頭,
tateyama_boar_district,館山市 地区別イノシシ捕獲状況（H29–R7）,https://www.city.tateyama.chiba.jp/files/300383359.pdf,4,,10,館山市,富崎,イノシシ,捕獲頭数,0,頭,
tateyama_boar_district,館山市 地区別イノシシ捕獲状況（H29–R7）,https://www.city.tateyama.chiba.jp/files/300383359.pdf,4,,11,館山市,富崎,イノシシ,捕獲頭数,2,頭,
tateyama_boar_district,館山市 地区別イノシシ捕獲状況（H29–R7）,https://www.city.tateyama.chiba.jp/files/300383359.pdf,4,,12,館山市,富崎,イノシシ,捕獲頭数,1,頭,
tateyama_boar_district,館山市 地区別イノシシ捕獲状況（H29–R7）,https://www.city.tateyama.chiba.jp/files/300383359.pdf,4,,1,館山市,富崎,イノシシ,捕獲頭数,0,頭,
tateyama_boar_district,館山市 地区別イノシシ捕獲状況（H29–R7）,https://www.city.tateyama.chiba.jp/files/300383359.pdf,4,,2,館山市,富崎,イノシシ,捕獲頭数,0,頭,
tateyama_boar_district,館山市 地区別イノシシ捕獲状況（H29–R7）,https://www.city.tateyama.chiba.jp/files/300383359.pdf,4,,3,館山市,富崎,イノシシ,捕獲頭数,1,頭,
tateyama_boar_district,館山市 地区別イノシシ捕獲状況（H29–R7）,https://www.city.tateyama.chiba.jp/files/300383359.pdf,4,,4,館山市,豊房,イノシシ,捕獲頭数,22,頭,
tateyama_boar_district,館山市 地区別イノシシ捕獲状況（H29–R7）,https://www.city.tateyama.chiba.jp/files/300383359.pdf,4,,5,館山市,豊房,イノシシ,捕獲頭数,22,頭,
tateyama_boar_district,館山市 地区別イノシシ捕獲状況（H29–R7）,https://www.city.tateyama.chiba.jp/files/300383359.pdf,4,,6,館山市,豊房,イノシシ,捕獲頭数,16,頭,
tateyama_boar_district,館山市 地区別イノシシ捕獲状況（H29–R7）,https://www.city.tateyama.chiba.jp/files/300383359.pdf,4,,7,館山市,豊房,イノシシ,捕獲頭数,29,頭,
tateyama_boar_district,館山市 地区別イノシシ捕獲状況（H29–R7）,https://www.city.tateyama.chiba.jp/files/300383359.pdf,4,,8,館山市,豊房,イノシシ,捕獲頭数,66,頭,
tateyama_boar_district,館山市 地区別イノシシ捕獲状況（H29–R7）,https://www.city.tateyama.chiba.jp/files/300383359.pdf,4,,9,館山市,豊房,イノシシ,捕獲頭数,25,頭,
tateyama_boar_district,館山市 地区別イノシシ捕獲状況（H29–R7）,https://www.city.tateyama.chiba.jp/files/300383359.pdf,4,,10,館山市,豊房,イノシシ,捕獲頭数,40,頭,
tateyama_boar_district,館山市 地区別イノシシ捕獲状況（H29–R7）,https://www.city.tateyama.chiba.jp/files/300383359.pdf,4,,11,館山市,豊房,イノシシ,捕獲頭数,23,頭,
tateyama_boar_district,館山市 地区別イノシシ捕獲状況（H29–R7）,https://www.city.tateyama.chiba.jp/files/300383359.pdf,4,,12,館山市,豊房,イノシシ,捕獲頭数,28,頭,
tateyama_boar_district,館山市 地区別イノシシ捕獲状況（H29–R7）,https://www.city.tateyama.chiba.jp/files/300383359.pdf,4,,1,館山市,豊房,イノシシ,捕獲頭数,28,頭,
tateyama_boar_district,館山市 地区別イノシシ捕獲状況（H29–R7）,https://www.city.tateyama.chiba.jp/files/300383359.pdf,4,,2,館山市,豊房,イノシシ,捕獲頭数,21,頭,
tateyama_boar_district,館山市 地区別イノシシ捕獲状況（H29–R7）,https://www.city.tateyama.chiba.jp/files/300383359.pdf,4,,3,館山市,豊房,イノシシ,捕獲頭数,19,頭,
tateyama_boar_district,館山市 地区別イノシシ捕獲状況（H29–R7）,https://www.city.tateyama.chiba.jp/files/300383359.pdf,4,,4,館山市,館野,イノシシ,捕獲頭数,1,頭,
tateyama_boar_district,館山市 地区別イノシシ捕獲状況（H29–R7）,https://www.city.tateyama.chiba.jp/files/300383359.pdf,4,,5,館山市,館野,イノシシ,捕獲頭数,0,頭,
tateyama_boar_district,館山市 地区別イノシシ捕獲状況（H29–R7）,https://www.city.tateyama.chiba.jp/files/300383359.pdf,4,,6,館山市,館野,イノシシ,捕獲頭数,3,頭,
tateyama_boar_district,館山市 地区別イノシシ捕獲状況（H29–R7）,https://www.city.tateyama.chiba.jp/files/300383359.pdf,4,,7,館山市,館野,イノシシ,捕獲頭数,2,頭,
tateyama_boar_district,館山市 地区別イノシシ捕獲状況（H29–R7）,https://www.city.tateyama.chiba.jp/files/300383359.pdf,4,,8,館山市,館野,イノシシ,捕獲頭数,10,頭,
tateyama_boar_district,館山市 地区別イノシシ捕獲状況（H29–R7）,https://www.city.tateyama.chiba.jp/files/300383359.pdf,4,,9,館山市,館野,イノシシ,捕獲頭数,3,頭,
tateyama_boar_district,館山市 地区別イノシシ捕獲状況（H29–R7）,https://www.city.tateyama.chiba.jp/files/300383359.pdf,4,,10,館山市,館野,イノシシ,捕獲頭数,4,頭,
tateyama_boar_district,館山市 地区別イノシシ捕獲状況（H29–R7）,https://www.city.tateyama.chiba.jp/files/300383359.pdf,4,,11,館山市,館野,イノシシ,捕獲頭数,7,頭,
tateyama_boar_district,館山市 地区別イノシシ捕獲状況（H29–R7）,https://www.city.tateyama.chiba.jp/files/300383359.pdf,4,,12,館山市,館野,イノシシ,捕獲頭数,0,頭,
tateyama_boar_district,館山市 地区別イノシシ捕獲状況（H29–R7）,https://www.city.tateyama.chiba.jp/files/300383359.pdf,4,,1,館山市,館野,イノシシ,捕獲頭数,3,頭,
tateyama_boar_district,館山市 地区別イノシシ捕獲状況（H29–R7）,https://www.city.tateyama.chiba.jp/files/300383359.pdf,4,,2,館山市,館野,イノシシ,捕獲頭数,3,頭,
tateyama_boar_district,館山市 地区別イノシシ捕獲状況（H29–R7）,https://www.city.tateyama.chiba.jp/files/300383359.pdf,4,,3,館山市,館野,イノシシ,捕獲頭数,4,頭,
tateyama_boar_district,館山市 地区別イノシシ捕獲状況（H29–R7）,https://www.city.tateyama.chiba.jp/files/300383359.pdf,4,,4,館山市,九重,イノシシ,捕獲頭数,7,頭,
tateyama_boar_district,館山市 地区別イノシシ捕獲状況（H29–R7）,https://www.city.tateyama.chiba.jp/files/300383359.pdf,4,,5,館山市,九重,イノシシ,捕獲頭数,10,頭,
tateyama_boar_district,館山市 地区別イノシシ捕獲状況（H29–R7）,https://www.city.tateyama.chiba.jp/files/300383359.pdf,4,,6,館山市,九重,イノシシ,捕獲頭数,2,頭,
tateyama_boar_district,館山市 地区別イノシシ捕獲状況（H29–R7）,https://www.city.tateyama.chiba.jp/files/300383359.pdf,4,,7,館山市,九重,イノシシ,捕獲頭数,5,頭,
tateyama_boar_district,館山市 地区別イノシシ捕獲状況（H29–R7）,https://www.city.tateyama.chiba.jp/files/300383359.pdf,4,,8,館山市,九重,イノシシ,捕獲頭数,14,頭,
tateyama_boar_district,館山市 地区別イノシシ捕獲状況（H29–R7）,https://www.city.tateyama.chiba.jp/files/300383359.pdf,4,,9,館山市,九重,イノシシ,捕獲頭数,8,頭,
tateyama_boar_district,館山市 地区別イノシシ捕獲状況（H29–R7）,https://www.city.tateyama.chiba.jp/files/300383359.pdf,4,,10,館山市,九重,イノシシ,捕獲頭数,2,頭,
tateyama_boar_district,館山市 地区別イノシシ捕獲状況（H29–R7）,https://www.city.tateyama.chiba.jp/files/300383359.pdf,4,,11,館山市,九重,イノシシ,捕獲頭数,5,頭,
tateyama_boar_district,館山市 地区別イノシシ捕獲状況（H29–R7）,https://www.city.tateyama.chiba.jp/files/300383359.pdf,4,,12,館山市,九重,イノシシ,捕獲頭数,7,頭,
tateyama_boar_district,館山市 地区別イノシシ捕獲状況（H29–R7）,https://www.city.tateyama.chiba.jp/files/300383359.pdf,4,,1,館山市,九重,イノシシ,捕獲頭数,5,頭,
tateyama_boar_district,館山市 地区別イノシシ捕獲状況（H29–R7）,https://www.city.tateyama.chiba.jp/files/300383359.pdf,4,,2,館山市,九重,イノシシ,捕獲頭数,5,頭,
tateyama_boar_district,館山市 地区別イノシシ捕獲状況（H29–R7）,https://www.city.tateyama.chiba.jp/files/300383359.pdf,4,,3,館山市,九重,イノシシ,捕獲頭数,7,頭,
tateyama_boar_district,館山市 地区別イノシシ捕獲状況（H29–R7）,https://www.city.tateyama.chiba.jp/files/300383359.pdf,4,,4,館山市,全市,イノシシ,捕獲頭数,76,頭,
tateyama_boar_district,館山市 地区別イノシシ捕獲状況（H29–R7）,https://www.city.tateyama.chiba.jp/files/300383359.pdf,4,,5,館山市,全市,イノシシ,捕獲頭数,69,頭,
tateyama_boar_district,館山市 地区別イノシシ捕獲状況（H29–R7）,https://www.city.tateyama.chiba.jp/files/300383359.pdf,4,,6,館山市,全市,イノシシ,捕獲頭数,52,頭,
tateyama_boar_district,館山市 地区別イノシシ捕獲状況（H29–R7）,https://www.city.tateyama.chiba.jp/files/300383359.pdf,4,,7,館山市,全市,イノシシ,捕獲頭数,65,頭,
tateyama_boar_district,館山市 地区別イノシシ捕獲状況（H29–R7）,https://www.city.tateyama.chiba.jp/files/300383359.pdf,4,,8,館山市,全市,イノシシ,捕獲頭数,166,頭,
tateyama_boar_district,館山市 地区別イノシシ捕獲状況（H29–R7）,https://www.city.tateyama.chiba.jp/files/300383359.pdf,4,,9,館山市,全市,イノシシ,捕獲頭数,95,頭,
tateyama_boar_district,館山市 地区別イノシシ捕獲状況（H29–R7）,https://www.city.tateyama.chiba.jp/files/300383359.pdf,4,,10,館山市,全市,イノシシ,捕獲頭数,129,頭,
tateyama_boar_district,館山市 地区別イノシシ捕獲状況（H29–R7）,https://www.city.tateyama.chiba.jp/files/300383359.pdf,4,,11,館山市,全市,イノシシ,捕獲頭数,111,頭,
tateyama_boar_district,館山市 地区別イノシシ捕獲状況（H29–R7）,https://www.city.tateyama.chiba.jp/files/300383359.pdf,4,,12,館山市,全市,イノシシ,捕獲頭数,113,頭,
tateyama_boar_district,館山市 地区別イノシシ捕獲状況（H29–R7）,https://www.city.tateyama.chiba.jp/files/300383359.pdf,4,,1,館山市,全市,イノシシ,捕獲頭数,92,頭,
tateyama_boar_district,館山市 地区別イノシシ捕獲状況（H29–R7）,https://www.city.tateyama.chiba.jp/files/300383359.pdf,4,,2,館山市,全市,イノシシ,捕獲頭数,94,頭,
tateyama_boar_district,館山市 地区別イノシシ捕獲状況（H29–R7）,https://www.city.tateyama.chiba.jp/files/300383359.pdf,4,,3,館山市,全市,イノシシ,捕獲頭数,76,頭,
tateyama_boar_district,館山市 地区別イノシシ捕獲状況（H29–R7）,https://www.city.tateyama.chiba.jp/files/300383359.pdf,5,,4,館山市,館山,イノシシ,捕獲頭数,9,頭,
tateyama_boar_district,館山市 地区別イノシシ捕獲状況（H29–R7）,https://www.city.tateyama.chiba.jp/files/300383359.pdf,5,,5,館山市,館山,イノシシ,捕獲頭数,10,頭,
tateyama_boar_district,館山市 地区別イノシシ捕獲状況（H29–R7）,https://www.city.tateyama.chiba.jp/files/300383359.pdf,5,,6,館山市,館山,イノシシ,捕獲頭数,7,頭,
tateyama_boar_district,館山市 地区別イノシシ捕獲状況（H29–R7）,https://www.city.tateyama.chiba.jp/files/300383359.pdf,5,,7,館山市,館山,イノシシ,捕獲頭数,6,頭,
tateyama_boar_district,館山市 地区別イノシシ捕獲状況（H29–R7）,https://www.city.tateyama.chiba.jp/files/300383359.pdf,5,,8,館山市,館山,イノシシ,捕獲頭数,15,頭,
tateyama_boar_district,館山市 地区別イノシシ捕獲状況（H29–R7）,https://www.city.tateyama.chiba.jp/files/300383359.pdf,5,,9,館山市,館山,イノシシ,捕獲頭数,11,頭,
tateyama_boar_district,館山市 地区別イノシシ捕獲状況（H29–R7）,https://www.city.tateyama.chiba.jp/files/300383359.pdf,5,,10,館山市,館山,イノシシ,捕獲頭数,44,頭,
tateyama_boar_district,館山市 地区別イノシシ捕獲状況（H29–R7）,https://www.city.tateyama.chiba.jp/files/300383359.pdf,5,,11,館山市,館山,イノシシ,捕獲頭数,35,頭,
tateyama_boar_district,館山市 地区別イノシシ捕獲状況（H29–R7）,https://www.city.tateyama.chiba.jp/files/300383359.pdf,5,,12,館山市,館山,イノシシ,捕獲頭数,31,頭,
tateyama_boar_district,館山市 地区別イノシシ捕獲状況（H29–R7）,https://www.city.tateyama.chiba.jp/files/300383359.pdf,5,,1,館山市,館山,イノシシ,捕獲頭数,16,頭,
tateyama_boar_district,館山市 地区別イノシシ捕獲状況（H29–R7）,https://www.city.tateyama.chiba.jp/files/300383359.pdf,5,,2,館山市,館山,イノシシ,捕獲頭数,8,頭,
tateyama_boar_district,館山市 地区別イノシシ捕獲状況（H29–R7）,https://www.city.tateyama.chiba.jp/files/300383359.pdf,5,,3,館山市,館山,イノシシ,捕獲頭数,2,頭,
tateyama_boar_district,館山市 地区別イノシシ捕獲状況（H29–R7）,https://www.city.tateyama.chiba.jp/files/300383359.pdf,5,,4,館山市,北条,イノシシ,捕獲頭数,0,頭,
tateyama_boar_district,館山市 地区別イノシシ捕獲状況（H29–R7）,https://www.city.tateyama.chiba.jp/files/300383359.pdf,5,,5,館山市,北条,イノシシ,捕獲頭数,0,頭,
tateyama_boar_district,館山市 地区別イノシシ捕獲状況（H29–R7）,https://www.city.tateyama.chiba.jp/files/300383359.pdf,5,,6,館山市,北条,イノシシ,捕獲頭数,0,頭,
tateyama_boar_district,館山市 地区別イノシシ捕獲状況（H29–R7）,https://www.city.tateyama.chiba.jp/files/300383359.pdf,5,,7,館山市,北条,イノシシ,捕獲頭数,0,頭,
tateyama_boar_district,館山市 地区別イノシシ捕獲状況（H29–R7）,https://www.city.tateyama.chiba.jp/files/300383359.pdf,5,,8,館山市,北条,イノシシ,捕獲頭数,0,頭,
tateyama_boar_district,館山市 地区別イノシシ捕獲状況（H29–R7）,https://www.city.tateyama.chiba.jp/files/300383359.pdf,5,,9,館山市,北条,イノシシ,捕獲頭数,0,頭,
tateyama_boar_district,館山市 地区別イノシシ捕獲状況（H29–R7）,https://www.city.tateyama.chiba.jp/files/300383359.pdf,5,,10,館山市,北条,イノシシ,捕獲頭数,0,頭,
tateyama_boar_district,館山市 地区別イノシシ捕獲状況（H29–R7）,https://www.city.tateyama.chiba.jp/files/300383359.pdf,5,,11,館山市,北条,イノシシ,捕獲頭数,0,頭,
tateyama_boar_district,館山市 地区別イノシシ捕獲状況（H29–R7）,https://www.city.tateyama.chiba.jp/files/300383359.pdf,5,,12,館山市,北条,イノシシ,捕獲頭数,0,頭,
tateyama_boar_district,館山市 地区別イノシシ捕獲状況（H29–R7）,https://www.city.tateyama.chiba.jp/files/300383359.pdf,5,,1,館山市,北条,イノシシ,捕獲頭数,0,頭,
tateyama_boar_district,館山市 地区別イノシシ捕獲状況（H29–R7）,https://www.city.tateyama.chiba.jp/files/300383359.pdf,5,,2,館山市,北条,イノシシ,捕獲頭数,0,頭,
tateyama_boar_district,館山市 地区別イノシシ捕獲状況（H29–R7）,https://www.city.tateyama.chiba.jp/files/300383359.pdf,5,,3,館山市,北条,イノシシ,捕獲頭数,0,頭,
tateyama_boar_district,館山市 地区別イノシシ捕獲状況（H29–R7）,https://www.city.tateyama.chiba.jp/files/300383359.pdf,5,,4,館山市,那古,イノシシ,捕獲頭数,1,頭,
tateyama_boar_district,館山市 地区別イノシシ捕獲状況（H29–R7）,https://www.city.tateyama.chiba.jp/files/300383359.pdf,5,,5,館山市,那古,イノシシ,捕獲頭数,7,頭,
tateyama_boar_district,館山市 地区別イノシシ捕獲状況（H29–R7）,https://www.city.tateyama.chiba.jp/files/300383359.pdf,5,,6,館山市,那古,イノシシ,捕獲頭数,5,頭,
tateyama_boar_district,館山市 地区別イノシシ捕獲状況（H29–R7）,https://www.city.tateyama.chiba.jp/files/300383359.pdf,5,,7,館山市,那古,イノシシ,捕獲頭数,9,頭,
tateyama_boar_district,館山市 地区別イノシシ捕獲状況（H29–R7）,https://www.city.tateyama.chiba.jp/files/300383359.pdf,5,,8,館山市,那古,イノシシ,捕獲頭数,5,頭,
tateyama_boar_district,館山市 地区別イノシシ捕獲状況（H29–R7）,https://www.city.tateyama.chiba.jp/files/300383359.pdf,5,,9,館山市,那古,イノシシ,捕獲頭数,2,頭,
tateyama_boar_district,館山市 地区別イノシシ捕獲状況（H29–R7）,https://www.city.tateyama.chiba.jp/files/300383359.pdf,5,,10,館山市,那古,イノシシ,捕獲頭数,24,頭,
tateyama_boar_district,館山市 地区別イノシシ捕獲状況（H29–R7）,https://www.city.tateyama.chiba.jp/files/300383359.pdf,5,,11,館山市,那古,イノシシ,捕獲頭数,24,頭,
tateyama_boar_district,館山市 地区別イノシシ捕獲状況（H29–R7）,https://www.city.tateyama.chiba.jp/files/300383359.pdf,5,,12,館山市,那古,イノシシ,捕獲頭数,35,頭,
tateyama_boar_district,館山市 地区別イノシシ捕獲状況（H29–R7）,https://www.city.tateyama.chiba.jp/files/300383359.pdf,5,,1,館山市,那古,イノシシ,捕獲頭数,22,頭,
tateyama_boar_district,館山市 地区別イノシシ捕獲状況（H29–R7）,https://www.city.tateyama.chiba.jp/files/300383359.pdf,5,,2,館山市,那古,イノシシ,捕獲頭数,11,頭,
tateyama_boar_district,館山市 地区別イノシシ捕獲状況（H29–R7）,https://www.city.tateyama.chiba.jp/files/300383359.pdf,5,,3,館山市,那古,イノシシ,捕獲頭数,14,頭,
tateyama_boar_district,館山市 地区別イノシシ捕獲状況（H29–R7）,https://www.city.tateyama.chiba.jp/files/300383359.pdf,5,,4,館山市,船形,イノシシ,捕獲頭数,0,頭,
tateyama_boar_district,館山市 地区別イノシシ捕獲状況（H29–R7）,https://www.city.tateyama.chiba.jp/files/300383359.pdf,5,,5,館山市,船形,イノシシ,捕獲頭数,0,頭,
tateyama_boar_district,館山市 地区別イノシシ捕獲状況（H29–R7）,https://www.city.tateyama.chiba.jp/files/300383359.pdf,5,,6,館山市,船形,イノシシ,捕獲頭数,0,頭,
tateyama_boar_district,館山市 地区別イノシシ捕獲状況（H29–R7）,https://www.city.tateyama.chiba.jp/files/300383359.pdf,5,,7,館山市,船形,イノシシ,捕獲頭数,2,頭,
tateyama_boar_district,館山市 地区別イノシシ捕獲状況（H29–R7）,https://www.city.tateyama.chiba.jp/files/300383359.pdf,5,,8,館山市,船形,イノシシ,捕獲頭数,6,頭,
tateyama_boar_district,館山市 地区別イノシシ捕獲状況（H29–R7）,https://www.city.tateyama.chiba.jp/files/300383359.pdf,5,,9,館山市,船形,イノシシ,捕獲頭数,1,頭,
tateyama_boar_district,館山市 地区別イノシシ捕獲状況（H29–R7）,https://www.city.tateyama.chiba.jp/files/300383359.pdf,5,,10,館山市,船形,イノシシ,捕獲頭数,8,頭,
tateyama_boar_district,館山市 地区別イノシシ捕獲状況（H29–R7）,https://www.city.tateyama.chiba.jp/files/300383359.pdf,5,,11,館山市,船形,イノシシ,捕獲頭数,8,頭,
tateyama_boar_district,館山市 地区別イノシシ捕獲状況（H29–R7）,https://www.city.tateyama.chiba.jp/files/300383359.pdf,5,,12,館山市,船形,イノシシ,捕獲頭数,6,頭,
tateyama_boar_district,館山市 地区別イノシシ捕獲状況（H29–R7）,https://www.city.tateyama.chiba.jp/files/300383359.pdf,5,,1,館山市,船形,イノシシ,捕獲頭数,3,頭,
tateyama_boar_district,館山市 地区別イノシシ捕獲状況（H29–R7）,https://www.city.tateyama.chiba.jp/files/300383359.pdf,5,,2,館山市,船形,イノシシ,捕獲頭数,2,頭,
tateyama_boar_district,館山市 地区別イノシシ捕獲状況（H29–R7）,https://www.city.tateyama.chiba.jp/files/300383359.pdf,5,,3,館山市,船形,イノシシ,捕獲頭数,0,頭,
tateyama_boar_district,館山市 地区別イノシシ捕獲状況（H29–R7）,https://www.city.tateyama.chiba.jp/files/300383359.pdf,5,,4,館山市,西岬,イノシシ,捕獲頭数,21,頭,
tateyama_boar_district,館山市 地区別イノシシ捕獲状況（H29–R7）,https://www.city.tateyama.chiba.jp/files/300383359.pdf,5,,5,館山市,西岬,イノシシ,捕獲頭数,13,頭,
tateyama_boar_district,館山市 地区別イノシシ捕獲状況（H29–R7）,https://www.city.tateyama.chiba.jp/files/300383359.pdf,5,,6,館山市,西岬,イノシシ,捕獲頭数,21,頭,
tateyama_boar_district,館山市 地区別イノシシ捕獲状況（H29–R7）,https://www.city.tateyama.chiba.jp/files/300383359.pdf,5,,7,館山市,西岬,イノシシ,捕獲頭数,19,頭,
tateyama_boar_district,館山市 地区別イノシシ捕獲状況（H29–R7）,https://www.city.tateyama.chiba.jp/files/300383359.pdf,5,,8,館山市,西岬,イノシシ,捕獲頭数,20,頭,
tateyama_boar_district,館山市 地区別イノシシ捕獲状況（H29–R7）,https://www.city.tateyama.chiba.jp/files/300383359.pdf,5,,9,館山市,西岬,イノシシ,捕獲頭数,26,頭,
tateyama_boar_district,館山市 地区別イノシシ捕獲状況（H29–R7）,https://www.city.tateyama.chiba.jp/files/300383359.pdf,5,,10,館山市,西岬,イノシシ,捕獲頭数,57,頭,
tateyama_boar_district,館山市 地区別イノシシ捕獲状況（H29–R7）,https://www.city.tateyama.chiba.jp/files/300383359.pdf,5,,11,館山市,西岬,イノシシ,捕獲頭数,25,頭,
tateyama_boar_district,館山市 地区別イノシシ捕獲状況（H29–R7）,https://www.city.tateyama.chiba.jp/files/300383359.pdf,5,,12,館山市,西岬,イノシシ,捕獲頭数,24,頭,
tateyama_boar_district,館山市 地区別イノシシ捕獲状況（H29–R7）,https://www.city.tateyama.chiba.jp/files/300383359.pdf,5,,1,館山市,西岬,イノシシ,捕獲頭数,30,頭,
tateyama_boar_district,館山市 地区別イノシシ捕獲状況（H29–R7）,https://www.city.tateyama.chiba.jp/files/300383359.pdf,5,,2,館山市,西岬,イノシシ,捕獲頭数,19,頭,
tateyama_boar_district,館山市 地区別イノシシ捕獲状況（H29–R7）,https://www.city.tateyama.chiba.jp/files/300383359.pdf,5,,3,館山市,西岬,イノシシ,捕獲頭数,10,頭,
tateyama_boar_district,館山市 地区別イノシシ捕獲状況（H29–R7）,https://www.city.tateyama.chiba.jp/files/300383359.pdf,5,,4,館山市,神戸,イノシシ,捕獲頭数,14,頭,
tateyama_boar_district,館山市 地区別イノシシ捕獲状況（H29–R7）,https://www.city.tateyama.chiba.jp/files/300383359.pdf,5,,5,館山市,神戸,イノシシ,捕獲頭数,32,頭,
tateyama_boar_district,館山市 地区別イノシシ捕獲状況（H29–R7）,https://www.city.tateyama.chiba.jp/files/300383359.pdf,5,,6,館山市,神戸,イノシシ,捕獲頭数,17,頭,
tateyama_boar_district,館山市 地区別イノシシ捕獲状況（H29–R7）,https://www.city.tateyama.chiba.jp/files/300383359.pdf,5,,7,館山市,神戸,イノシシ,捕獲頭数,46,頭,
tateyama_boar_district,館山市 地区別イノシシ捕獲状況（H29–R7）,https://www.city.tateyama.chiba.jp/files/300383359.pdf,5,,8,館山市,神戸,イノシシ,捕獲頭数,35,頭,
tateyama_boar_district,館山市 地区別イノシシ捕獲状況（H29–R7）,https://www.city.tateyama.chiba.jp/files/300383359.pdf,5,,9,館山市,神戸,イノシシ,捕獲頭数,42,頭,
tateyama_boar_district,館山市 地区別イノシシ捕獲状況（H29–R7）,https://www.city.tateyama.chiba.jp/files/300383359.pdf,5,,10,館山市,神戸,イノシシ,捕獲頭数,86,頭,
tateyama_boar_district,館山市 地区別イノシシ捕獲状況（H29–R7）,https://www.city.tateyama.chiba.jp/files/300383359.pdf,5,,11,館山市,神戸,イノシシ,捕獲頭数,81,頭,
tateyama_boar_district,館山市 地区別イノシシ捕獲状況（H29–R7）,https://www.city.tateyama.chiba.jp/files/300383359.pdf,5,,12,館山市,神戸,イノシシ,捕獲頭数,38,頭,
tateyama_boar_district,館山市 地区別イノシシ捕獲状況（H29–R7）,https://www.city.tateyama.chiba.jp/files/300383359.pdf,5,,1,館山市,神戸,イノシシ,捕獲頭数,29,頭,
tateyama_boar_district,館山市 地区別イノシシ捕獲状況（H29–R7）,https://www.city.tateyama.chiba.jp/files/300383359.pdf,5,,2,館山市,神戸,イノシシ,捕獲頭数,16,頭,
tateyama_boar_district,館山市 地区別イノシシ捕獲状況（H29–R7）,https://www.city.tateyama.chiba.jp/files/300383359.pdf,5,,3,館山市,神戸,イノシシ,捕獲頭数,25,頭,
tateyama_boar_district,館山市 地区別イノシシ捕獲状況（H29–R7）,https://www.city.tateyama.chiba.jp/files/300383359.pdf,5,,4,館山市,富崎,イノシシ,捕獲頭数,0,頭,
tateyama_boar_district,館山市 地区別イノシシ捕獲状況（H29–R7）,https://www.city.tateyama.chiba.jp/files/300383359.pdf,5,,5,館山市,富崎,イノシシ,捕獲頭数,1,頭,
tateyama_boar_district,館山市 地区別イノシシ捕獲状況（H29–R7）,https://www.city.tateyama.chiba.jp/files/300383359.pdf,5,,6,館山市,富崎,イノシシ,捕獲頭数,0,頭,
tateyama_boar_district,館山市 地区別イノシシ捕獲状況（H29–R7）,https://www.city.tateyama.chiba.jp/files/300383359.pdf,5,,7,館山市,富崎,イノシシ,捕獲頭数,0,頭,
tateyama_boar_district,館山市 地区別イノシシ捕獲状況（H29–R7）,https://www.city.tateyama.chiba.jp/files/300383359.pdf,5,,8,館山市,富崎,イノシシ,捕獲頭数,0,頭,
tateyama_boar_district,館山市 地区別イノシシ捕獲状況（H29–R7）,https://www.city.tateyama.chiba.jp/files/300383359.pdf,5,,9,館山市,富崎,イノシシ,捕獲頭数,0,頭,
tateyama_boar_district,館山市 地区別イノシシ捕獲状況（H29–R7）,https://www.city.tateyama.chiba.jp/files/300383359.pdf,5,,10,館山市,富崎,イノシシ,捕獲頭数,1,頭,
tateyama_boar_district,館山市 地区別イノシシ捕獲状況（H29–R7）,https://www.city.tateyama.chiba.jp/files/300383359.pdf,5,,11,館山市,富崎,イノシシ,捕獲頭数,1,頭,
tateyama_boar_district,館山市 地区別イノシシ捕獲状況（H29–R7）,https://www.city.tateyama.chiba.jp/files/300383359.pdf,5,,12,館山市,富崎,イノシシ,捕獲頭数,0,頭,
tateyama_boar_district,館山市 地区別イノシシ捕獲状況（H29–R7）,https://www.city.tateyama.chiba.jp/files/300383359.pdf,5,,1,館山市,富崎,イノシシ,捕獲頭数,1,頭,
tateyama_boar_district,館山市 地区別イノシシ捕獲状況（H29–R7）,https://www.city.tateyama.chiba.jp/files/300383359.pdf,5,,2,館山市,富崎,イノシシ,捕獲頭数,0,頭,
tateyama_boar_district,館山市 地区別イノシシ捕獲状況（H29–R7）,https://www.city.tateyama.chiba.jp/files/300383359.pdf,5,,3,館山市,富崎,イノシシ,捕獲頭数,0,頭,
tateyama_boar_district,館山市 地区別イノシシ捕獲状況（H29–R7）,https://www.city.tateyama.chiba.jp/files/300383359.pdf,5,,4,館山市,豊房,イノシシ,捕獲頭数,25,頭,
tateyama_boar_district,館山市 地区別イノシシ捕獲状況（H29–R7）,https://www.city.tateyama.chiba.jp/files/300383359.pdf,5,,5,館山市,豊房,イノシシ,捕獲頭数,24,頭,
tateyama_boar_district,館山市 地区別イノシシ捕獲状況（H29–R7）,https://www.city.tateyama.chiba.jp/files/300383359.pdf,5,,6,館山市,豊房,イノシシ,捕獲頭数,33,頭,
tateyama_boar_district,館山市 地区別イノシシ捕獲状況（H29–R7）,https://www.city.tateyama.chiba.jp/files/300383359.pdf,5,,7,館山市,豊房,イノシシ,捕獲頭数,58,頭,
tateyama_boar_district,館山市 地区別イノシシ捕獲状況（H29–R7）,https://www.city.tateyama.chiba.jp/files/300383359.pdf,5,,8,館山市,豊房,イノシシ,捕獲頭数,73,頭,
tateyama_boar_district,館山市 地区別イノシシ捕獲状況（H29–R7）,https://www.city.tateyama.chiba.jp/files/300383359.pdf,5,,9,館山市,豊房,イノシシ,捕獲頭数,54,頭,
tateyama_boar_district,館山市 地区別イノシシ捕獲状況（H29–R7）,https://www.city.tateyama.chiba.jp/files/300383359.pdf,5,,10,館山市,豊房,イノシシ,捕獲頭数,78,頭,
tateyama_boar_district,館山市 地区別イノシシ捕獲状況（H29–R7）,https://www.city.tateyama.chiba.jp/files/300383359.pdf,5,,11,館山市,豊房,イノシシ,捕獲頭数,82,頭,
tateyama_boar_district,館山市 地区別イノシシ捕獲状況（H29–R7）,https://www.city.tateyama.chiba.jp/files/300383359.pdf,5,,12,館山市,豊房,イノシシ,捕獲頭数,78,頭,
tateyama_boar_district,館山市 地区別イノシシ捕獲状況（H29–R7）,https://www.city.tateyama.chiba.jp/files/300383359.pdf,5,,1,館山市,豊房,イノシシ,捕獲頭数,70,頭,
tateyama_boar_district,館山市 地区別イノシシ捕獲状況（H29–R7）,https://www.city.tateyama.chiba.jp/files/300383359.pdf,5,,2,館山市,豊房,イノシシ,捕獲頭数,63,頭,
tateyama_boar_district,館山市 地区別イノシシ捕獲状況（H29–R7）,https://www.city.tateyama.chiba.jp/files/300383359.pdf,5,,3,館山市,豊房,イノシシ,捕獲頭数,35,頭,
tateyama_boar_district,館山市 地区別イノシシ捕獲状況（H29–R7）,https://www.city.tateyama.chiba.jp/files/300383359.pdf,5,,4,館山市,館野,イノシシ,捕獲頭数,4,頭,
tateyama_boar_district,館山市 地区別イノシシ捕獲状況（H29–R7）,https://www.city.tateyama.chiba.jp/files/300383359.pdf,5,,5,館山市,館野,イノシシ,捕獲頭数,3,頭,
tateyama_boar_district,館山市 地区別イノシシ捕獲状況（H29–R7）,https://www.city.tateyama.chiba.jp/files/300383359.pdf,5,,6,館山市,館野,イノシシ,捕獲頭数,4,頭,
tateyama_boar_district,館山市 地区別イノシシ捕獲状況（H29–R7）,https://www.city.tateyama.chiba.jp/files/300383359.pdf,5,,7,館山市,館野,イノシシ,捕獲頭数,10,頭,
tateyama_boar_district,館山市 地区別イノシシ捕獲状況（H29–R7）,https://www.city.tateyama.chiba.jp/files/300383359.pdf,5,,8,館山市,館野,イノシシ,捕獲頭数,15,頭,
tateyama_boar_district,館山市 地区別イノシシ捕獲状況（H29–R7）,https://www.city.tateyama.chiba.jp/files/300383359.pdf,5,,9,館山市,館野,イノシシ,捕獲頭数,6,頭,
tateyama_boar_district,館山市 地区別イノシシ捕獲状況（H29–R7）,https://www.city.tateyama.chiba.jp/files/300383359.pdf,5,,10,館山市,館野,イノシシ,捕獲頭数,29,頭,
tateyama_boar_district,館山市 地区別イノシシ捕獲状況（H29–R7）,https://www.city.tateyama.chiba.jp/files/300383359.pdf,5,,11,館山市,館野,イノシシ,捕獲頭数,18,頭,
tateyama_boar_district,館山市 地区別イノシシ捕獲状況（H29–R7）,https://www.city.tateyama.chiba.jp/files/300383359.pdf,5,,12,館山市,館野,イノシシ,捕獲頭数,17,頭,
tateyama_boar_district,館山市 地区別イノシシ捕獲状況（H29–R7）,https://www.city.tateyama.chiba.jp/files/300383359.pdf,5,,1,館山市,館野,イノシシ,捕獲頭数,8,頭,
tateyama_boar_district,館山市 地区別イノシシ捕獲状況（H29–R7）,https://www.city.tateyama.chiba.jp/files/300383359.pdf,5,,2,館山市,館野,イノシシ,捕獲頭数,4,頭,
tateyama_boar_district,館山市 地区別イノシシ捕獲状況（H29–R7）,https://www.city.tateyama.chiba.jp/files/300383359.pdf,5,,3,館山市,館野,イノシシ,捕獲頭数,1,頭,
tateyama_boar_district,館山市 地区別イノシシ捕獲状況（H29–R7）,https://www.city.tateyama.chiba.jp/files/300383359.pdf,5,,4,館山市,九重,イノシシ,捕獲頭数,3,頭,
tateyama_boar_district,館山市 地区別イノシシ捕獲状況（H29–R7）,https://www.city.tateyama.chiba.jp/files/300383359.pdf,5,,5,館山市,九重,イノシシ,捕獲頭数,12,頭,
tateyama_boar_district,館山市 地区別イノシシ捕獲状況（H29–R7）,https://www.city.tateyama.chiba.jp/files/300383359.pdf,5,,6,館山市,九重,イノシシ,捕獲頭数,8,頭,
tateyama_boar_district,館山市 地区別イノシシ捕獲状況（H29–R7）,https://www.city.tateyama.chiba.jp/files/300383359.pdf,5,,7,館山市,九重,イノシシ,捕獲頭数,35,頭,
tateyama_boar_district,館山市 地区別イノシシ捕獲状況（H29–R7）,https://www.city.tateyama.chiba.jp/files/300383359.pdf,5,,8,館山市,九重,イノシシ,捕獲頭数,18,頭,
tateyama_boar_district,館山市 地区別イノシシ捕獲状況（H29–R7）,https://www.city.tateyama.chiba.jp/files/300383359.pdf,5,,9,館山市,九重,イノシシ,捕獲頭数,18,頭,
tateyama_boar_district,館山市 地区別イノシシ捕獲状況（H29–R7）,https://www.city.tateyama.chiba.jp/files/300383359.pdf,5,,10,館山市,九重,イノシシ,捕獲頭数,33,頭,
tateyama_boar_district,館山市 地区別イノシシ捕獲状況（H29–R7）,https://www.city.tateyama.chiba.jp/files/300383359.pdf,5,,11,館山市,九重,イノシシ,捕獲頭数,42,頭,
tateyama_boar_district,館山市 地区別イノシシ捕獲状況（H29–R7）,https://www.city.tateyama.chiba.jp/files/300383359.pdf,5,,12,館山市,九重,イノシシ,捕獲頭数,32,頭,
tateyama_boar_district,館山市 地区別イノシシ捕獲状況（H29–R7）,https://www.city.tateyama.chiba.jp/files/300383359.pdf,5,,1,館山市,九重,イノシシ,捕獲頭数,38,頭,
tateyama_boar_district,館山市 地区別イノシシ捕獲状況（H29–R7）,https://www.city.tateyama.chiba.jp/files/300383359.pdf,5,,2,館山市,九重,イノシシ,捕獲頭数,13,頭,
tateyama_boar_district,館山市 地区別イノシシ捕獲状況（H29–R7）,https://www.city.tateyama.chiba.jp/files/300383359.pdf,5,,3,館山市,九重,イノシシ,捕獲頭数,9,頭,
tateyama_boar_district,館山市 地区別イノシシ捕獲状況（H29–R7）,https://www.city.tateyama.chiba.jp/files/300383359.pdf,5,,4,館山市,全市,イノシシ,捕獲頭数,77,頭,
tateyama_boar_district,館山市 地区別イノシシ捕獲状況（H29–R7）,https://www.city.tateyama.chiba.jp/files/300383359.pdf,5,,5,館山市,全市,イノシシ,捕獲頭数,102,頭,
tateyama_boar_district,館山市 地区別イノシシ捕獲状況（H29–R7）,https://www.city.tateyama.chiba.jp/files/300383359.pdf,5,,6,館山市,全市,イノシシ,捕獲頭数,95,頭,
tateyama_boar_district,館山市 地区別イノシシ捕獲状況（H29–R7）,https://www.city.tateyama.chiba.jp/files/300383359.pdf,5,,7,館山市,全市,イノシシ,捕獲頭数,185,頭,
tateyama_boar_district,館山市 地区別イノシシ捕獲状況（H29–R7）,https://www.city.tateyama.chiba.jp/files/300383359.pdf,5,,8,館山市,全市,イノシシ,捕獲頭数,187,頭,
tateyama_boar_district,館山市 地区別イノシシ捕獲状況（H29–R7）,https://www.city.tateyama.chiba.jp/files/300383359.pdf,5,,9,館山市,全市,イノシシ,捕獲頭数,160,頭,
tateyama_boar_district,館山市 地区別イノシシ捕獲状況（H29–R7）,https://www.city.tateyama.chiba.jp/files/300383359.pdf,5,,10,館山市,全市,イノシシ,捕獲頭数,360,頭,
tateyama_boar_district,館山市 地区別イノシシ捕獲状況（H29–R7）,https://www.city.tateyama.chiba.jp/files/300383359.pdf,5,,11,館山市,全市,イノシシ,捕獲頭数,316,頭,
tateyama_boar_district,館山市 地区別イノシシ捕獲状況（H29–R7）,https://www.city.tateyama.chiba.jp/files/300383359.pdf,5,,12,館山市,全市,イノシシ,捕獲頭数,261,頭,
tateyama_boar_district,館山市 地区別イノシシ捕獲状況（H29–R7）,https://www.city.tateyama.chiba.jp/files/300383359.pdf,5,,1,館山市,全市,イノシシ,捕獲頭数,217,頭,
tateyama_boar_district,館山市 地区別イノシシ捕獲状況（H29–R7）,https://www.city.tateyama.chiba.jp/files/300383359.pdf,5,,2,館山市,全市,イノシシ,捕獲頭数,136,頭,
tateyama_boar_district,館山市 地区別イノシシ捕獲状況（H29–R7）,https://www.city.tateyama.chiba.jp/files/300383359.pdf,5,,3,館山市,全市,イノシシ,捕獲頭数,96,頭,
tateyama_boar_district,館山市 地区別イノシシ捕獲状況（H29–R7）,https://www.city.tateyama.chiba.jp/files/300383359.pdf,6,,4,館山市,館山,イノシシ,捕獲頭数,7,頭,
tateyama_boar_district,館山市 地区別イノシシ捕獲状況（H29–R7）,https://www.city.tateyama.chiba.jp/files/300383359.pdf,6,,5,館山市,館山,イノシシ,捕獲頭数,1,頭,
tateyama_boar_district,館山市 地区別イノシシ捕獲状況（H29–R7）,https://www.city.tateyama.chiba.jp/files/300383359.pdf,6,,6,館山市,館山,イノシシ,捕獲頭数,2,頭,
tateyama_boar_district,館山市 地区別イノシシ捕獲状況（H29–R7）,https://www.city.tateyama.chiba.jp/files/300383359.pdf,6,,7,館山市,館山,イノシシ,捕獲頭数,6,頭,
tateyama_boar_district,館山市 地区別イノシシ捕獲状況（H29–R7）,https://www.city.tateyama.chiba.jp/files/300383359.pdf,6,,8,館山市,館山,イノシシ,捕獲頭数,13,頭,
tateyama_boar_district,館山市 地区別イノシシ捕獲状況（H29–R7）,https://www.city.tateyama.chiba.jp/files/300383359.pdf,6,,9,館山市,館山,イノシシ,捕獲頭数,3,頭,
tateyama_boar_district,館山市 地区別イノシシ捕獲状況（H29–R7）,https://www.city.tateyama.chiba.jp/files/300383359.pdf,6,,10,館山市,館山,イノシシ,捕獲頭数,4,頭,
tateyama_boar_district,館山市 地区別イノシシ捕獲状況（H29–R7）,https://www.city.tateyama.chiba.jp/files/300383359.pdf,6,,11,館山市,館山,イノシシ,捕獲頭数,11,頭,
tateyama_boar_district,館山市 地区別イノシシ捕獲状況（H29–R7）,https://www.city.tateyama.chiba.jp/files/300383359.pdf,6,,12,館山市,館山,イノシシ,捕獲頭数,10,頭,
tateyama_boar_district,館山市 地区別イノシシ捕獲状況（H29–R7）,https://www.city.tateyama.chiba.jp/files/300383359.pdf,6,,1,館山市,館山,イノシシ,捕獲頭数,8,頭,
tateyama_boar_district,館山市 地区別イノシシ捕獲状況（H29–R7）,https://www.city.tateyama.chiba.jp/files/300383359.pdf,6,,2,館山市,館山,イノシシ,捕獲頭数,6,頭,
tateyama_boar_district,館山市 地区別イノシシ捕獲状況（H29–R7）,https://www.city.tateyama.chiba.jp/files/300383359.pdf,6,,3,館山市,館山,イノシシ,捕獲頭数,13,頭,
tateyama_boar_district,館山市 地区別イノシシ捕獲状況（H29–R7）,https://www.city.tateyama.chiba.jp/files/300383359.pdf,6,,4,館山市,北条,イノシシ,捕獲頭数,0,頭,
tateyama_boar_district,館山市 地区別イノシシ捕獲状況（H29–R7）,https://www.city.tateyama.chiba.jp/files/300383359.pdf,6,,5,館山市,北条,イノシシ,捕獲頭数,0,頭,
tateyama_boar_district,館山市 地区別イノシシ捕獲状況（H29–R7）,https://www.city.tateyama.chiba.jp/files/300383359.pdf,6,,6,館山市,北条,イノシシ,捕獲頭数,0,頭,
tateyama_boar_district,館山市 地区別イノシシ捕獲状況（H29–R7）,https://www.city.tateyama.chiba.jp/files/300383359.pdf,6,,7,館山市,北条,イノシシ,捕獲頭数,0,頭,
tateyama_boar_district,館山市 地区別イノシシ捕獲状況（H29–R7）,https://www.city.tateyama.chiba.jp/files/300383359.pdf,6,,8,館山市,北条,イノシシ,捕獲頭数,0,頭,
tateyama_boar_district,館山市 地区別イノシシ捕獲状況（H29–R7）,https://www.city.tateyama.chiba.jp/files/300383359.pdf,6,,9,館山市,北条,イノシシ,捕獲頭数,0,頭,
tateyama_boar_district,館山市 地区別イノシシ捕獲状況（H29–R7）,https://www.city.tateyama.chiba.jp/files/300383359.pdf,6,,10,館山市,北条,イノシシ,捕獲頭数,0,頭,
tateyama_boar_district,館山市 地区別イノシシ捕獲状況（H29–R7）,https://www.city.tateyama.chiba.jp/files/300383359.pdf,6,,11,館山市,北条,イノシシ,捕獲頭数,0,頭,
tateyama_boar_district,館山市 地区別イノシシ捕獲状況（H29–R7）,https://www.city.tateyama.chiba.jp/files/300383359.pdf,6,,12,館山市,北条,イノシシ,捕獲頭数,0,頭,
tateyama_boar_district,館山市 地区別イノシシ捕獲状況（H29–R7）,https://www.city.tateyama.chiba.jp/files/300383359.pdf,6,,1,館山市,北条,イノシシ,捕獲頭数,0,頭,
tateyama_boar_district,館山市 地区別イノシシ捕獲状況（H29–R7）,https://www.city.tateyama.chiba.jp/files/300383359.pdf,6,,2,館山市,北条,イノシシ,捕獲頭数,0,頭,
tateyama_boar_district,館山市 地区別イノシシ捕獲状況（H29–R7）,https://www.city.tateyama.chiba.jp/files/300383359.pdf,6,,3,館山市,北条,イノシシ,捕獲頭数,0,頭,
tateyama_boar_district,館山市 地区別イノシシ捕獲状況（H29–R7）,https://www.city.tateyama.chiba.jp/files/300383359.pdf,6,,4,館山市,那古,イノシシ,捕獲頭数,9,頭,
tateyama_boar_district,館山市 地区別イノシシ捕獲状況（H29–R7）,https://www.city.tateyama.chiba.jp/files/300383359.pdf,6,,5,館山市,那古,イノシシ,捕獲頭数,6,頭,
tateyama_boar_district,館山市 地区別イノシシ捕獲状況（H29–R7）,https://www.city.tateyama.chiba.jp/files/300383359.pdf,6,,6,館山市,那古,イノシシ,捕獲頭数,3,頭,
tateyama_boar_district,館山市 地区別イノシシ捕獲状況（H29–R7）,https://www.city.tateyama.chiba.jp/files/300383359.pdf,6,,7,館山市,那古,イノシシ,捕獲頭数,1,頭,
tateyama_boar_district,館山市 地区別イノシシ捕獲状況（H29–R7）,https://www.city.tateyama.chiba.jp/files/300383359.pdf,6,,8,館山市,那古,イノシシ,捕獲頭数,1,頭,
tateyama_boar_district,館山市 地区別イノシシ捕獲状況（H29–R7）,https://www.city.tateyama.chiba.jp/files/300383359.pdf,6,,9,館山市,那古,イノシシ,捕獲頭数,1,頭,
tateyama_boar_district,館山市 地区別イノシシ捕獲状況（H29–R7）,https://www.city.tateyama.chiba.jp/files/300383359.pdf,6,,10,館山市,那古,イノシシ,捕獲頭数,1,頭,
tateyama_boar_district,館山市 地区別イノシシ捕獲状況（H29–R7）,https://www.city.tateyama.chiba.jp/files/300383359.pdf,6,,11,館山市,那古,イノシシ,捕獲頭数,8,頭,
tateyama_boar_district,館山市 地区別イノシシ捕獲状況（H29–R7）,https://www.city.tateyama.chiba.jp/files/300383359.pdf,6,,12,館山市,那古,イノシシ,捕獲頭数,22,頭,
tateyama_boar_district,館山市 地区別イノシシ捕獲状況（H29–R7）,https://www.city.tateyama.chiba.jp/files/300383359.pdf,6,,1,館山市,那古,イノシシ,捕獲頭数,19,頭,
tateyama_boar_district,館山市 地区別イノシシ捕獲状況（H29–R7）,https://www.city.tateyama.chiba.jp/files/300383359.pdf,6,,2,館山市,那古,イノシシ,捕獲頭数,20,頭,
tateyama_boar_district,館山市 地区別イノシシ捕獲状況（H29–R7）,https://www.city.tateyama.chiba.jp/files/300383359.pdf,6,,3,館山市,那古,イノシシ,捕獲頭数,9,頭,
tateyama_boar_district,館山市 地区別イノシシ捕獲状況（H29–R7）,https://www.city.tateyama.chiba.jp/files/300383359.pdf,6,,4,館山市,船形,イノシシ,捕獲頭数,0,頭,
tateyama_boar_district,館山市 地区別イノシシ捕獲状況（H29–R7）,https://www.city.tateyama.chiba.jp/files/300383359.pdf,6,,5,館山市,船形,イノシシ,捕獲頭数,1,頭,
tateyama_boar_district,館山市 地区別イノシシ捕獲状況（H29–R7）,https://www.city.tateyama.chiba.jp/files/300383359.pdf,6,,6,館山市,船形,イノシシ,捕獲頭数,0,頭,
tateyama_boar_district,館山市 地区別イノシシ捕獲状況（H29–R7）,https://www.city.tateyama.chiba.jp/files/300383359.pdf,6,,7,館山市,船形,イノシシ,捕獲頭数,0,頭,
tateyama_boar_district,館山市 地区別イノシシ捕獲状況（H29–R7）,https://www.city.tateyama.chiba.jp/files/300383359.pdf,6,,8,館山市,船形,イノシシ,捕獲頭数,1,頭,
tateyama_boar_district,館山市 地区別イノシシ捕獲状況（H29–R7）,https://www.city.tateyama.chiba.jp/files/300383359.pdf,6,,9,館山市,船形,イノシシ,捕獲頭数,0,頭,
tateyama_boar_district,館山市 地区別イノシシ捕獲状況（H29–R7）,https://www.city.tateyama.chiba.jp/files/300383359.pdf,6,,10,館山市,船形,イノシシ,捕獲頭数,0,頭,
tateyama_boar_district,館山市 地区別イノシシ捕獲状況（H29–R7）,https://www.city.tateyama.chiba.jp/files/300383359.pdf,6,,11,館山市,船形,イノシシ,捕獲頭数,1,頭,
tateyama_boar_district,館山市 地区別イノシシ捕獲状況（H29–R7）,https://www.city.tateyama.chiba.jp/files/300383359.pdf,6,,12,館山市,船形,イノシシ,捕獲頭数,0,頭,
tateyama_boar_district,館山市 地区別イノシシ捕獲状況（H29–R7）,https://www.city.tateyama.chiba.jp/files/300383359.pdf,6,,1,館山市,船形,イノシシ,捕獲頭数,0,頭,
tateyama_boar_district,館山市 地区別イノシシ捕獲状況（H29–R7）,https://www.city.tateyama.chiba.jp/files/300383359.pdf,6,,2,館山市,船形,イノシシ,捕獲頭数,0,頭,
tateyama_boar_district,館山市 地区別イノシシ捕獲状況（H29–R7）,https://www.city.tateyama.chiba.jp/files/300383359.pdf,6,,3,館山市,船形,イノシシ,捕獲頭数,0,頭,
tateyama_boar_district,館山市 地区別イノシシ捕獲状況（H29–R7）,https://www.city.tateyama.chiba.jp/files/300383359.pdf,6,,4,館山市,西岬,イノシシ,捕獲頭数,19,頭,
tateyama_boar_district,館山市 地区別イノシシ捕獲状況（H29–R7）,https://www.city.tateyama.chiba.jp/files/300383359.pdf,6,,5,館山市,西岬,イノシシ,捕獲頭数,16,頭,
tateyama_boar_district,館山市 地区別イノシシ捕獲状況（H29–R7）,https://www.city.tateyama.chiba.jp/files/300383359.pdf,6,,6,館山市,西岬,イノシシ,捕獲頭数,14,頭,
tateyama_boar_district,館山市 地区別イノシシ捕獲状況（H29–R7）,https://www.city.tateyama.chiba.jp/files/300383359.pdf,6,,7,館山市,西岬,イノシシ,捕獲頭数,30,頭,
tateyama_boar_district,館山市 地区別イノシシ捕獲状況（H29–R7）,https://www.city.tateyama.chiba.jp/files/300383359.pdf,6,,8,館山市,西岬,イノシシ,捕獲頭数,48,頭,
tateyama_boar_district,館山市 地区別イノシシ捕獲状況（H29–R7）,https://www.city.tateyama.chiba.jp/files/300383359.pdf,6,,9,館山市,西岬,イノシシ,捕獲頭数,37,頭,
tateyama_boar_district,館山市 地区別イノシシ捕獲状況（H29–R7）,https://www.city.tateyama.chiba.jp/files/300383359.pdf,6,,10,館山市,西岬,イノシシ,捕獲頭数,53,頭,
tateyama_boar_district,館山市 地区別イノシシ捕獲状況（H29–R7）,https://www.city.tateyama.chiba.jp/files/300383359.pdf,6,,11,館山市,西岬,イノシシ,捕獲頭数,59,頭,
tateyama_boar_district,館山市 地区別イノシシ捕獲状況（H29–R7）,https://www.city.tateyama.chiba.jp/files/300383359.pdf,6,,12,館山市,西岬,イノシシ,捕獲頭数,36,頭,
tateyama_boar_district,館山市 地区別イノシシ捕獲状況（H29–R7）,https://www.city.tateyama.chiba.jp/files/300383359.pdf,6,,1,館山市,西岬,イノシシ,捕獲頭数,38,頭,
tateyama_boar_district,館山市 地区別イノシシ捕獲状況（H29–R7）,https://www.city.tateyama.chiba.jp/files/300383359.pdf,6,,2,館山市,西岬,イノシシ,捕獲頭数,24,頭,
tateyama_boar_district,館山市 地区別イノシシ捕獲状況（H29–R7）,https://www.city.tateyama.chiba.jp/files/300383359.pdf,6,,3,館山市,西岬,イノシシ,捕獲頭数,30,頭,
tateyama_boar_district,館山市 地区別イノシシ捕獲状況（H29–R7）,https://www.city.tateyama.chiba.jp/files/300383359.pdf,6,,4,館山市,神戸,イノシシ,捕獲頭数,18,頭,
tateyama_boar_district,館山市 地区別イノシシ捕獲状況（H29–R7）,https://www.city.tateyama.chiba.jp/files/300383359.pdf,6,,5,館山市,神戸,イノシシ,捕獲頭数,24,頭,
tateyama_boar_district,館山市 地区別イノシシ捕獲状況（H29–R7）,https://www.city.tateyama.chiba.jp/files/300383359.pdf,6,,6,館山市,神戸,イノシシ,捕獲頭数,29,頭,
tateyama_boar_district,館山市 地区別イノシシ捕獲状況（H29–R7）,https://www.city.tateyama.chiba.jp/files/300383359.pdf,6,,7,館山市,神戸,イノシシ,捕獲頭数,22,頭,
tateyama_boar_district,館山市 地区別イノシシ捕獲状況（H29–R7）,https://www.city.tateyama.chiba.jp/files/300383359.pdf,6,,8,館山市,神戸,イノシシ,捕獲頭数,31,頭,
tateyama_boar_district,館山市 地区別イノシシ捕獲状況（H29–R7）,https://www.city.tateyama.chiba.jp/files/300383359.pdf,6,,9,館山市,神戸,イノシシ,捕獲頭数,26,頭,
tateyama_boar_district,館山市 地区別イノシシ捕獲状況（H29–R7）,https://www.city.tateyama.chiba.jp/files/300383359.pdf,6,,10,館山市,神戸,イノシシ,捕獲頭数,46,頭,
tateyama_boar_district,館山市 地区別イノシシ捕獲状況（H29–R7）,https://www.city.tateyama.chiba.jp/files/300383359.pdf,6,,11,館山市,神戸,イノシシ,捕獲頭数,46,頭,
tateyama_boar_district,館山市 地区別イノシシ捕獲状況（H29–R7）,https://www.city.tateyama.chiba.jp/files/300383359.pdf,6,,12,館山市,神戸,イノシシ,捕獲頭数,36,頭,
tateyama_boar_district,館山市 地区別イノシシ捕獲状況（H29–R7）,https://www.city.tateyama.chiba.jp/files/300383359.pdf,6,,1,館山市,神戸,イノシシ,捕獲頭数,32,頭,
tateyama_boar_district,館山市 地区別イノシシ捕獲状況（H29–R7）,https://www.city.tateyama.chiba.jp/files/300383359.pdf,6,,2,館山市,神戸,イノシシ,捕獲頭数,19,頭,
tateyama_boar_district,館山市 地区別イノシシ捕獲状況（H29–R7）,https://www.city.tateyama.chiba.jp/files/300383359.pdf,6,,3,館山市,神戸,イノシシ,捕獲頭数,27,頭,
tateyama_boar_district,館山市 地区別イノシシ捕獲状況（H29–R7）,https://www.city.tateyama.chiba.jp/files/300383359.pdf,6,,4,館山市,富崎,イノシシ,捕獲頭数,1,頭,
tateyama_boar_district,館山市 地区別イノシシ捕獲状況（H29–R7）,https://www.city.tateyama.chiba.jp/files/300383359.pdf,6,,5,館山市,富崎,イノシシ,捕獲頭数,0,頭,
tateyama_boar_district,館山市 地区別イノシシ捕獲状況（H29–R7）,https://www.city.tateyama.chiba.jp/files/300383359.pdf,6,,6,館山市,富崎,イノシシ,捕獲頭数,2,頭,
tateyama_boar_district,館山市 地区別イノシシ捕獲状況（H29–R7）,https://www.city.tateyama.chiba.jp/files/300383359.pdf,6,,7,館山市,富崎,イノシシ,捕獲頭数,2,頭,
tateyama_boar_district,館山市 地区別イノシシ捕獲状況（H29–R7）,https://www.city.tateyama.chiba.jp/files/300383359.pdf,6,,8,館山市,富崎,イノシシ,捕獲頭数,9,頭,
tateyama_boar_district,館山市 地区別イノシシ捕獲状況（H29–R7）,https://www.city.tateyama.chiba.jp/files/300383359.pdf,6,,9,館山市,富崎,イノシシ,捕獲頭数,0,頭,
tateyama_boar_district,館山市 地区別イノシシ捕獲状況（H29–R7）,https://www.city.tateyama.chiba.jp/files/300383359.pdf,6,,10,館山市,富崎,イノシシ,捕獲頭数,0,頭,
tateyama_boar_district,館山市 地区別イノシシ捕獲状況（H29–R7）,https://www.city.tateyama.chiba.jp/files/300383359.pdf,6,,11,館山市,富崎,イノシシ,捕獲頭数,0,頭,
tateyama_boar_district,館山市 地区別イノシシ捕獲状況（H29–R7）,https://www.city.tateyama.chiba.jp/files/300383359.pdf,6,,12,館山市,富崎,イノシシ,捕獲頭数,0,頭,
tateyama_boar_district,館山市 地区別イノシシ捕獲状況（H29–R7）,https://www.city.tateyama.chiba.jp/files/300383359.pdf,6,,1,館山市,富崎,イノシシ,捕獲頭数,0,頭,
tateyama_boar_district,館山市 地区別イノシシ捕獲状況（H29–R7）,https://www.city.tateyama.chiba.jp/files/300383359.pdf,6,,2,館山市,富崎,イノシシ,捕獲頭数,0,頭,
tateyama_boar_district,館山市 地区別イノシシ捕獲状況（H29–R7）,https://www.city.tateyama.chiba.jp/files/300383359.pdf,6,,3,館山市,富崎,イノシシ,捕獲頭数,0,頭,
tateyama_boar_district,館山市 地区別イノシシ捕獲状況（H29–R7）,https://www.city.tateyama.chiba.jp/files/300383359.pdf,6,,4,館山市,豊房,イノシシ,捕獲頭数,35,頭,
tateyama_boar_district,館山市 地区別イノシシ捕獲状況（H29–R7）,https://www.city.tateyama.chiba.jp/files/300383359.pdf,6,,5,館山市,豊房,イノシシ,捕獲頭数,39,頭,
tateyama_boar_district,館山市 地区別イノシシ捕獲状況（H29–R7）,https://www.city.tateyama.chiba.jp/files/300383359.pdf,6,,6,館山市,豊房,イノシシ,捕獲頭数,33,頭,
tateyama_boar_district,館山市 地区別イノシシ捕獲状況（H29–R7）,https://www.city.tateyama.chiba.jp/files/300383359.pdf,6,,7,館山市,豊房,イノシシ,捕獲頭数,31,頭,
tateyama_boar_district,館山市 地区別イノシシ捕獲状況（H29–R7）,https://www.city.tateyama.chiba.jp/files/300383359.pdf,6,,8,館山市,豊房,イノシシ,捕獲頭数,49,頭,
tateyama_boar_district,館山市 地区別イノシシ捕獲状況（H29–R7）,https://www.city.tateyama.chiba.jp/files/300383359.pdf,6,,9,館山市,豊房,イノシシ,捕獲頭数,36,頭,
tateyama_boar_district,館山市 地区別イノシシ捕獲状況（H29–R7）,https://www.city.tateyama.chiba.jp/files/300383359.pdf,6,,10,館山市,豊房,イノシシ,捕獲頭数,37,頭,
tateyama_boar_district,館山市 地区別イノシシ捕獲状況（H29–R7）,https://www.city.tateyama.chiba.jp/files/300383359.pdf,6,,11,館山市,豊房,イノシシ,捕獲頭数,53,頭,
tateyama_boar_district,館山市 地区別イノシシ捕獲状況（H29–R7）,https://www.city.tateyama.chiba.jp/files/300383359.pdf,6,,12,館山市,豊房,イノシシ,捕獲頭数,49,頭,
tateyama_boar_district,館山市 地区別イノシシ捕獲状況（H29–R7）,https://www.city.tateyama.chiba.jp/files/300383359.pdf,6,,1,館山市,豊房,イノシシ,捕獲頭数,41,頭,
tateyama_boar_district,館山市 地区別イノシシ捕獲状況（H29–R7）,https://www.city.tateyama.chiba.jp/files/300383359.pdf,6,,2,館山市,豊房,イノシシ,捕獲頭数,16,頭,
tateyama_boar_district,館山市 地区別イノシシ捕獲状況（H29–R7）,https://www.city.tateyama.chiba.jp/files/300383359.pdf,6,,3,館山市,豊房,イノシシ,捕獲頭数,32,頭,
tateyama_boar_district,館山市 地区別イノシシ捕獲状況（H29–R7）,https://www.city.tateyama.chiba.jp/files/300383359.pdf,6,,4,館山市,館野,イノシシ,捕獲頭数,1,頭,
tateyama_boar_district,館山市 地区別イノシシ捕獲状況（H29–R7）,https://www.city.tateyama.chiba.jp/files/300383359.pdf,6,,5,館山市,館野,イノシシ,捕獲頭数,1,頭,
tateyama_boar_district,館山市 地区別イノシシ捕獲状況（H29–R7）,https://www.city.tateyama.chiba.jp/files/300383359.pdf,6,,6,館山市,館野,イノシシ,捕獲頭数,1,頭,
tateyama_boar_district,館山市 地区別イノシシ捕獲状況（H29–R7）,https://www.city.tateyama.chiba.jp/files/300383359.pdf,6,,7,館山市,館野,イノシシ,捕獲頭数,2,頭,
tateyama_boar_district,館山市 地区別イノシシ捕獲状況（H29–R7）,https://www.city.tateyama.chiba.jp/files/300383359.pdf,6,,8,館山市,館野,イノシシ,捕獲頭数,11,頭,
tateyama_boar_district,館山市 地区別イノシシ捕獲状況（H29–R7）,https://www.city.tateyama.chiba.jp/files/300383359.pdf,6,,9,館山市,館野,イノシシ,捕獲頭数,5,頭,
tateyama_boar_district,館山市 地区別イノシシ捕獲状況（H29–R7）,https://www.city.tateyama.chiba.jp/files/300383359.pdf,6,,10,館山市,館野,イノシシ,捕獲頭数,2,頭,
tateyama_boar_district,館山市 地区別イノシシ捕獲状況（H29–R7）,https://www.city.tateyama.chiba.jp/files/300383359.pdf,6,,11,館山市,館野,イノシシ,捕獲頭数,4,頭,
tateyama_boar_district,館山市 地区別イノシシ捕獲状況（H29–R7）,https://www.city.tateyama.chiba.jp/files/300383359.pdf,6,,12,館山市,館野,イノシシ,捕獲頭数,8,頭,
tateyama_boar_district,館山市 地区別イノシシ捕獲状況（H29–R7）,https://www.city.tateyama.chiba.jp/files/300383359.pdf,6,,1,館山市,館野,イノシシ,捕獲頭数,5,頭,
tateyama_boar_district,館山市 地区別イノシシ捕獲状況（H29–R7）,https://www.city.tateyama.chiba.jp/files/300383359.pdf,6,,2,館山市,館野,イノシシ,捕獲頭数,7,頭,
tateyama_boar_district,館山市 地区別イノシシ捕獲状況（H29–R7）,https://www.city.tateyama.chiba.jp/files/300383359.pdf,6,,3,館山市,館野,イノシシ,捕獲頭数,2,頭,
tateyama_boar_district,館山市 地区別イノシシ捕獲状況（H29–R7）,https://www.city.tateyama.chiba.jp/files/300383359.pdf,6,,4,館山市,九重,イノシシ,捕獲頭数,4,頭,
tateyama_boar_district,館山市 地区別イノシシ捕獲状況（H29–R7）,https://www.city.tateyama.chiba.jp/files/300383359.pdf,6,,5,館山市,九重,イノシシ,捕獲頭数,5,頭,
tateyama_boar_district,館山市 地区別イノシシ捕獲状況（H29–R7）,https://www.city.tateyama.chiba.jp/files/300383359.pdf,6,,6,館山市,九重,イノシシ,捕獲頭数,3,頭,
tateyama_boar_district,館山市 地区別イノシシ捕獲状況（H29–R7）,https://www.city.tateyama.chiba.jp/files/300383359.pdf,6,,7,館山市,九重,イノシシ,捕獲頭数,7,頭,
tateyama_boar_district,館山市 地区別イノシシ捕獲状況（H29–R7）,https://www.city.tateyama.chiba.jp/files/300383359.pdf,6,,8,館山市,九重,イノシシ,捕獲頭数,13,頭,
tateyama_boar_district,館山市 地区別イノシシ捕獲状況（H29–R7）,https://www.city.tateyama.chiba.jp/files/300383359.pdf,6,,9,館山市,九重,イノシシ,捕獲頭数,4,頭,
tateyama_boar_district,館山市 地区別イノシシ捕獲状況（H29–R7）,https://www.city.tateyama.chiba.jp/files/300383359.pdf,6,,10,館山市,九重,イノシシ,捕獲頭数,5,頭,
tateyama_boar_district,館山市 地区別イノシシ捕獲状況（H29–R7）,https://www.city.tateyama.chiba.jp/files/300383359.pdf,6,,11,館山市,九重,イノシシ,捕獲頭数,9,頭,
tateyama_boar_district,館山市 地区別イノシシ捕獲状況（H29–R7）,https://www.city.tateyama.chiba.jp/files/300383359.pdf,6,,12,館山市,九重,イノシシ,捕獲頭数,10,頭,
tateyama_boar_district,館山市 地区別イノシシ捕獲状況（H29–R7）,https://www.city.tateyama.chiba.jp/files/300383359.pdf,6,,1,館山市,九重,イノシシ,捕獲頭数,15,頭,
tateyama_boar_district,館山市 地区別イノシシ捕獲状況（H29–R7）,https://www.city.tateyama.chiba.jp/files/300383359.pdf,6,,2,館山市,九重,イノシシ,捕獲頭数,13,頭,
tateyama_boar_district,館山市 地区別イノシシ捕獲状況（H29–R7）,https://www.city.tateyama.chiba.jp/files/300383359.pdf,6,,3,館山市,九重,イノシシ,捕獲頭数,5,頭,
tateyama_boar_district,館山市 地区別イノシシ捕獲状況（H29–R7）,https://www.city.tateyama.chiba.jp/files/300383359.pdf,6,,4,館山市,全市,イノシシ,捕獲頭数,94,頭,
tateyama_boar_district,館山市 地区別イノシシ捕獲状況（H29–R7）,https://www.city.tateyama.chiba.jp/files/300383359.pdf,6,,5,館山市,全市,イノシシ,捕獲頭数,93,頭,
tateyama_boar_district,館山市 地区別イノシシ捕獲状況（H29–R7）,https://www.city.tateyama.chiba.jp/files/300383359.pdf,6,,6,館山市,全市,イノシシ,捕獲頭数,87,頭,
tateyama_boar_district,館山市 地区別イノシシ捕獲状況（H29–R7）,https://www.city.tateyama.chiba.jp/files/300383359.pdf,6,,7,館山市,全市,イノシシ,捕獲頭数,101,頭,
tateyama_boar_district,館山市 地区別イノシシ捕獲状況（H29–R7）,https://www.city.tateyama.chiba.jp/files/300383359.pdf,6,,8,館山市,全市,イノシシ,捕獲頭数,176,頭,
tateyama_boar_district,館山市 地区別イノシシ捕獲状況（H29–R7）,https://www.city.tateyama.chiba.jp/files/300383359.pdf,6,,9,館山市,全市,イノシシ,捕獲頭数,112,頭,
tateyama_boar_district,館山市 地区別イノシシ捕獲状況（H29–R7）,https://www.city.tateyama.chiba.jp/files/300383359.pdf,6,,10,館山市,全市,イノシシ,捕獲頭数,148,頭,
tateyama_boar_district,館山市 地区別イノシシ捕獲状況（H29–R7）,https://www.city.tateyama.chiba.jp/files/300383359.pdf,6,,11,館山市,全市,イノシシ,捕獲頭数,191,頭,
tateyama_boar_district,館山市 地区別イノシシ捕獲状況（H29–R7）,https://www.city.tateyama.chiba.jp/files/300383359.pdf,6,,12,館山市,全市,イノシシ,捕獲頭数,171,頭,
tateyama_boar_district,館山市 地区別イノシシ捕獲状況（H29–R7）,https://www.city.tateyama.chiba.jp/files/300383359.pdf,6,,1,館山市,全市,イノシシ,捕獲頭数,158,頭,
tateyama_boar_district,館山市 地区別イノシシ捕獲状況（H29–R7）,https://www.city.tateyama.chiba.jp/files/300383359.pdf,6,,2,館山市,全市,イノシシ,捕獲頭数,105,頭,
tateyama_boar_district,館山市 地区別イノシシ捕獲状況（H29–R7）,https://www.city.tateyama.chiba.jp/files/300383359.pdf,6,,3,館山市,全市,イノシシ,捕獲頭数,118,頭,
tateyama_boar_district,館山市 地区別イノシシ捕獲状況（H29–R7）,https://www.city.tateyama.chiba.jp/files/300383359.pdf,7,,4,館山市,館山,イノシシ,捕獲頭数,15,頭,
tateyama_boar_district,館山市 地区別イノシシ捕獲状況（H29–R7）,https://www.city.tateyama.chiba.jp/files/300383359.pdf,7,,5,館山市,館山,イノシシ,捕獲頭数,3,頭,
tateyama_boar_district,館山市 地区別イノシシ捕獲状況（H29–R7）,https://www.city.tateyama.chiba.jp/files/300383359.pdf,7,,6,館山市,館山,イノシシ,捕獲頭数,4,頭,
tateyama_boar_district,館山市 地区別イノシシ捕獲状況（H29–R7）,https://www.city.tateyama.chiba.jp/files/300383359.pdf,7,,7,館山市,館山,イノシシ,捕獲頭数,33,頭,
tateyama_boar_district,館山市 地区別イノシシ捕獲状況（H29–R7）,https://www.city.tateyama.chiba.jp/files/300383359.pdf,7,,8,館山市,館山,イノシシ,捕獲頭数,55,頭,
tateyama_boar_district,館山市 地区別イノシシ捕獲状況（H29–R7）,https://www.city.tateyama.chiba.jp/files/300383359.pdf,7,,9,館山市,館山,イノシシ,捕獲頭数,24,頭,
tateyama_boar_district,館山市 地区別イノシシ捕獲状況（H29–R7）,https://www.city.tateyama.chiba.jp/files/300383359.pdf,7,,10,館山市,館山,イノシシ,捕獲頭数,19,頭,
tateyama_boar_district,館山市 地区別イノシシ捕獲状況（H29–R7）,https://www.city.tateyama.chiba.jp/files/300383359.pdf,7,,11,館山市,館山,イノシシ,捕獲頭数,21,頭,
tateyama_boar_district,館山市 地区別イノシシ捕獲状況（H29–R7）,https://www.city.tateyama.chiba.jp/files/300383359.pdf,7,,12,館山市,館山,イノシシ,捕獲頭数,28,頭,
tateyama_boar_district,館山市 地区別イノシシ捕獲状況（H29–R7）,https://www.city.tateyama.chiba.jp/files/300383359.pdf,7,,1,館山市,館山,イノシシ,捕獲頭数,17,頭,
tateyama_boar_district,館山市 地区別イノシシ捕獲状況（H29–R7）,https://www.city.tateyama.chiba.jp/files/300383359.pdf,7,,2,館山市,館山,イノシシ,捕獲頭数,17,頭,
tateyama_boar_district,館山市 地区別イノシシ捕獲状況（H29–R7）,https://www.city.tateyama.chiba.jp/files/300383359.pdf,7,,3,館山市,館山,イノシシ,捕獲頭数,22,頭,
tateyama_boar_district,館山市 地区別イノシシ捕獲状況（H29–R7）,https://www.city.tateyama.chiba.jp/files/300383359.pdf,7,,4,館山市,北条,イノシシ,捕獲頭数,0,頭,
tateyama_boar_district,館山市 地区別イノシシ捕獲状況（H29–R7）,https://www.city.tateyama.chiba.jp/files/300383359.pdf,7,,5,館山市,北条,イノシシ,捕獲頭数,0,頭,
tateyama_boar_district,館山市 地区別イノシシ捕獲状況（H29–R7）,https://www.city.tateyama.chiba.jp/files/300383359.pdf,7,,6,館山市,北条,イノシシ,捕獲頭数,0,頭,
tateyama_boar_district,館山市 地区別イノシシ捕獲状況（H29–R7）,https://www.city.tateyama.chiba.jp/files/300383359.pdf,7,,7,館山市,北条,イノシシ,捕獲頭数,0,頭,
tateyama_boar_district,館山市 地区別イノシシ捕獲状況（H29–R7）,https://www.city.tateyama.chiba.jp/files/300383359.pdf,7,,8,館山市,北条,イノシシ,捕獲頭数,0,頭,
tateyama_boar_district,館山市 地区別イノシシ捕獲状況（H29–R7）,https://www.city.tateyama.chiba.jp/files/300383359.pdf,7,,9,館山市,北条,イノシシ,捕獲頭数,0,頭,
tateyama_boar_district,館山市 地区別イノシシ捕獲状況（H29–R7）,https://www.city.tateyama.chiba.jp/files/300383359.pdf,7,,10,館山市,北条,イノシシ,捕獲頭数,0,頭,
tateyama_boar_district,館山市 地区別イノシシ捕獲状況（H29–R7）,https://www.city.tateyama.chiba.jp/files/300383359.pdf,7,,11,館山市,北条,イノシシ,捕獲頭数,0,頭,
tateyama_boar_district,館山市 地区別イノシシ捕獲状況（H29–R7）,https://www.city.tateyama.chiba.jp/files/300383359.pdf,7,,12,館山市,北条,イノシシ,捕獲頭数,1,頭,
tateyama_boar_district,館山市 地区別イノシシ捕獲状況（H29–R7）,https://www.city.tateyama.chiba.jp/files/300383359.pdf,7,,1,館山市,北条,イノシシ,捕獲頭数,0,頭,
tateyama_boar_district,館山市 地区別イノシシ捕獲状況（H29–R7）,https://www.city.tateyama.chiba.jp/files/300383359.pdf,7,,2,館山市,北条,イノシシ,捕獲頭数,0,頭,
tateyama_boar_district,館山市 地区別イノシシ捕獲状況（H29–R7）,https://www.city.tateyama.chiba.jp/files/300383359.pdf,7,,3,館山市,北条,イノシシ,捕獲頭数,0,頭,
tateyama_boar_district,館山市 地区別イノシシ捕獲状況（H29–R7）,https://www.city.tateyama.chiba.jp/files/300383359.pdf,7,,4,館山市,那古,イノシシ,捕獲頭数,13,頭,
tateyama_boar_district,館山市 地区別イノシシ捕獲状況（H29–R7）,https://www.city.tateyama.chiba.jp/files/300383359.pdf,7,,5,館山市,那古,イノシシ,捕獲頭数,16,頭,
tateyama_boar_district,館山市 地区別イノシシ捕獲状況（H29–R7）,https://www.city.tateyama.chiba.jp/files/300383359.pdf,7,,6,館山市,那古,イノシシ,捕獲頭数,6,頭,
tateyama_boar_district,館山市 地区別イノシシ捕獲状況（H29–R7）,https://www.city.tateyama.chiba.jp/files/300383359.pdf,7,,7,館山市,那古,イノシシ,捕獲頭数,12,頭,
tateyama_boar_district,館山市 地区別イノシシ捕獲状況（H29–R7）,https://www.city.tateyama.chiba.jp/files/300383359.pdf,7,,8,館山市,那古,イノシシ,捕獲頭数,22,頭,
tateyama_boar_district,館山市 地区別イノシシ捕獲状況（H29–R7）,https://www.city.tateyama.chiba.jp/files/300383359.pdf,7,,9,館山市,那古,イノシシ,捕獲頭数,18,頭,
tateyama_boar_district,館山市 地区別イノシシ捕獲状況（H29–R7）,https://www.city.tateyama.chiba.jp/files/300383359.pdf,7,,10,館山市,那古,イノシシ,捕獲頭数,15,頭,
tateyama_boar_district,館山市 地区別イノシシ捕獲状況（H29–R7）,https://www.city.tateyama.chiba.jp/files/300383359.pdf,7,,11,館山市,那古,イノシシ,捕獲頭数,20,頭,
tateyama_boar_district,館山市 地区別イノシシ捕獲状況（H29–R7）,https://www.city.tateyama.chiba.jp/files/300383359.pdf,7,,12,館山市,那古,イノシシ,捕獲頭数,18,頭,
tateyama_boar_district,館山市 地区別イノシシ捕獲状況（H29–R7）,https://www.city.tateyama.chiba.jp/files/300383359.pdf,7,,1,館山市,那古,イノシシ,捕獲頭数,18,頭,
tateyama_boar_district,館山市 地区別イノシシ捕獲状況（H29–R7）,https://www.city.tateyama.chiba.jp/files/300383359.pdf,7,,2,館山市,那古,イノシシ,捕獲頭数,15,頭,
tateyama_boar_district,館山市 地区別イノシシ捕獲状況（H29–R7）,https://www.city.tateyama.chiba.jp/files/300383359.pdf,7,,3,館山市,那古,イノシシ,捕獲頭数,12,頭,
tateyama_boar_district,館山市 地区別イノシシ捕獲状況（H29–R7）,https://www.city.tateyama.chiba.jp/files/300383359.pdf,7,,4,館山市,船形,イノシシ,捕獲頭数,0,頭,
tateyama_boar_district,館山市 地区別イノシシ捕獲状況（H29–R7）,https://www.city.tateyama.chiba.jp/files/300383359.pdf,7,,5,館山市,船形,イノシシ,捕獲頭数,0,頭,
tateyama_boar_district,館山市 地区別イノシシ捕獲状況（H29–R7）,https://www.city.tateyama.chiba.jp/files/300383359.pdf,7,,6,館山市,船形,イノシシ,捕獲頭数,0,頭,
tateyama_boar_district,館山市 地区別イノシシ捕獲状況（H29–R7）,https://www.city.tateyama.chiba.jp/files/300383359.pdf,7,,7,館山市,船形,イノシシ,捕獲頭数,0,頭,
tateyama_boar_district,館山市 地区別イノシシ捕獲状況（H29–R7）,https://www.city.tateyama.chiba.jp/files/300383359.pdf,7,,8,館山市,船形,イノシシ,捕獲頭数,6,頭,
tateyama_boar_district,館山市 地区別イノシシ捕獲状況（H29–R7）,https://www.city.tateyama.chiba.jp/files/300383359.pdf,7,,9,館山市,船形,イノシシ,捕獲頭数,1,頭,
tateyama_boar_district,館山市 地区別イノシシ捕獲状況（H29–R7）,https://www.city.tateyama.chiba.jp/files/300383359.pdf,7,,10,館山市,船形,イノシシ,捕獲頭数,5,頭,
tateyama_boar_district,館山市 地区別イノシシ捕獲状況（H29–R7）,https://www.city.tateyama.chiba.jp/files/300383359.pdf,7,,11,館山市,船形,イノシシ,捕獲頭数,0,頭,
tateyama_boar_district,館山市 地区別イノシシ捕獲状況（H29–R7）,https://www.city.tateyama.chiba.jp/files/300383359.pdf,7,,12,館山市,船形,イノシシ,捕獲頭数,1,頭,
tateyama_boar_district,館山市 地区別イノシシ捕獲状況（H29–R7）,https://www.city.tateyama.chiba.jp/files/300383359.pdf,7,,1,館山市,船形,イノシシ,捕獲頭数,1,頭,
tateyama_boar_district,館山市 地区別イノシシ捕獲状況（H29–R7）,https://www.city.tateyama.chiba.jp/files/300383359.pdf,7,,2,館山市,船形,イノシシ,捕獲頭数,2,頭,
tateyama_boar_district,館山市 地区別イノシシ捕獲状況（H29–R7）,https://www.city.tateyama.chiba.jp/files/300383359.pdf,7,,3,館山市,船形,イノシシ,捕獲頭数,1,頭,
tateyama_boar_district,館山市 地区別イノシシ捕獲状況（H29–R7）,https://www.city.tateyama.chiba.jp/files/300383359.pdf,7,,4,館山市,西岬,イノシシ,捕獲頭数,16,頭,
tateyama_boar_district,館山市 地区別イノシシ捕獲状況（H29–R7）,https://www.city.tateyama.chiba.jp/files/300383359.pdf,7,,5,館山市,西岬,イノシシ,捕獲頭数,24,頭,
tateyama_boar_district,館山市 地区別イノシシ捕獲状況（H29–R7）,https://www.city.tateyama.chiba.jp/files/300383359.pdf,7,,6,館山市,西岬,イノシシ,捕獲頭数,33,頭,
tateyama_boar_district,館山市 地区別イノシシ捕獲状況（H29–R7）,https://www.city.tateyama.chiba.jp/files/300383359.pdf,7,,7,館山市,西岬,イノシシ,捕獲頭数,33,頭,
tateyama_boar_district,館山市 地区別イノシシ捕獲状況（H29–R7）,https://www.city.tateyama.chiba.jp/files/300383359.pdf,7,,8,館山市,西岬,イノシシ,捕獲頭数,40,頭,
tateyama_boar_district,館山市 地区別イノシシ捕獲状況（H29–R7）,https://www.city.tateyama.chiba.jp/files/300383359.pdf,7,,9,館山市,西岬,イノシシ,捕獲頭数,53,頭,
tateyama_boar_district,館山市 地区別イノシシ捕獲状況（H29–R7）,https://www.city.tateyama.chiba.jp/files/300383359.pdf,7,,10,館山市,西岬,イノシシ,捕獲頭数,81,頭,
tateyama_boar_district,館山市 地区別イノシシ捕獲状況（H29–R7）,https://www.city.tateyama.chiba.jp/files/300383359.pdf,7,,11,館山市,西岬,イノシシ,捕獲頭数,54,頭,
tateyama_boar_district,館山市 地区別イノシシ捕獲状況（H29–R7）,https://www.city.tateyama.chiba.jp/files/300383359.pdf,7,,12,館山市,西岬,イノシシ,捕獲頭数,35,頭,
tateyama_boar_district,館山市 地区別イノシシ捕獲状況（H29–R7）,https://www.city.tateyama.chiba.jp/files/300383359.pdf,7,,1,館山市,西岬,イノシシ,捕獲頭数,22,頭,
tateyama_boar_district,館山市 地区別イノシシ捕獲状況（H29–R7）,https://www.city.tateyama.chiba.jp/files/300383359.pdf,7,,2,館山市,西岬,イノシシ,捕獲頭数,19,頭,
tateyama_boar_district,館山市 地区別イノシシ捕獲状況（H29–R7）,https://www.city.tateyama.chiba.jp/files/300383359.pdf,7,,3,館山市,西岬,イノシシ,捕獲頭数,30,頭,
tateyama_boar_district,館山市 地区別イノシシ捕獲状況（H29–R7）,https://www.city.tateyama.chiba.jp/files/300383359.pdf,7,,4,館山市,神戸,イノシシ,捕獲頭数,34,頭,
tateyama_boar_district,館山市 地区別イノシシ捕獲状況（H29–R7）,https://www.city.tateyama.chiba.jp/files/300383359.pdf,7,,5,館山市,神戸,イノシシ,捕獲頭数,37,頭,
tateyama_boar_district,館山市 地区別イノシシ捕獲状況（H29–R7）,https://www.city.tateyama.chiba.jp/files/300383359.pdf,7,,6,館山市,神戸,イノシシ,捕獲頭数,57,頭,
tateyama_boar_district,館山市 地区別イノシシ捕獲状況（H29–R7）,https://www.city.tateyama.chiba.jp/files/300383359.pdf,7,,7,館山市,神戸,イノシシ,捕獲頭数,51,頭,
tateyama_boar_district,館山市 地区別イノシシ捕獲状況（H29–R7）,https://www.city.tateyama.chiba.jp/files/300383359.pdf,7,,8,館山市,神戸,イノシシ,捕獲頭数,70,頭,
tateyama_boar_district,館山市 地区別イノシシ捕獲状況（H29–R7）,https://www.city.tateyama.chiba.jp/files/300383359.pdf,7,,9,館山市,神戸,イノシシ,捕獲頭数,64,頭,
tateyama_boar_district,館山市 地区別イノシシ捕獲状況（H29–R7）,https://www.city.tateyama.chiba.jp/files/300383359.pdf,7,,10,館山市,神戸,イノシシ,捕獲頭数,96,頭,
tateyama_boar_district,館山市 地区別イノシシ捕獲状況（H29–R7）,https://www.city.tateyama.chiba.jp/files/300383359.pdf,7,,11,館山市,神戸,イノシシ,捕獲頭数,63,頭,
tateyama_boar_district,館山市 地区別イノシシ捕獲状況（H29–R7）,https://www.city.tateyama.chiba.jp/files/300383359.pdf,7,,12,館山市,神戸,イノシシ,捕獲頭数,42,頭,
tateyama_boar_district,館山市 地区別イノシシ捕獲状況（H29–R7）,https://www.city.tateyama.chiba.jp/files/300383359.pdf,7,,1,館山市,神戸,イノシシ,捕獲頭数,41,頭,
tateyama_boar_district,館山市 地区別イノシシ捕獲状況（H29–R7）,https://www.city.tateyama.chiba.jp/files/300383359.pdf,7,,2,館山市,神戸,イノシシ,捕獲頭数,31,頭,
tateyama_boar_district,館山市 地区別イノシシ捕獲状況（H29–R7）,https://www.city.tateyama.chiba.jp/files/300383359.pdf,7,,3,館山市,神戸,イノシシ,捕獲頭数,36,頭,
tateyama_boar_district,館山市 地区別イノシシ捕獲状況（H29–R7）,https://www.city.tateyama.chiba.jp/files/300383359.pdf,7,,4,館山市,富崎,イノシシ,捕獲頭数,0,頭,
tateyama_boar_district,館山市 地区別イノシシ捕獲状況（H29–R7）,https://www.city.tateyama.chiba.jp/files/300383359.pdf,7,,5,館山市,富崎,イノシシ,捕獲頭数,1,頭,
tateyama_boar_district,館山市 地区別イノシシ捕獲状況（H29–R7）,https://www.city.tateyama.chiba.jp/files/300383359.pdf,7,,6,館山市,富崎,イノシシ,捕獲頭数,1,頭,
tateyama_boar_district,館山市 地区別イノシシ捕獲状況（H29–R7）,https://www.city.tateyama.chiba.jp/files/300383359.pdf,7,,7,館山市,富崎,イノシシ,捕獲頭数,1,頭,
tateyama_boar_district,館山市 地区別イノシシ捕獲状況（H29–R7）,https://www.city.tateyama.chiba.jp/files/300383359.pdf,7,,8,館山市,富崎,イノシシ,捕獲頭数,2,頭,
tateyama_boar_district,館山市 地区別イノシシ捕獲状況（H29–R7）,https://www.city.tateyama.chiba.jp/files/300383359.pdf,7,,9,館山市,富崎,イノシシ,捕獲頭数,0,頭,
tateyama_boar_district,館山市 地区別イノシシ捕獲状況（H29–R7）,https://www.city.tateyama.chiba.jp/files/300383359.pdf,7,,10,館山市,富崎,イノシシ,捕獲頭数,2,頭,
tateyama_boar_district,館山市 地区別イノシシ捕獲状況（H29–R7）,https://www.city.tateyama.chiba.jp/files/300383359.pdf,7,,11,館山市,富崎,イノシシ,捕獲頭数,4,頭,
tateyama_boar_district,館山市 地区別イノシシ捕獲状況（H29–R7）,https://www.city.tateyama.chiba.jp/files/300383359.pdf,7,,12,館山市,富崎,イノシシ,捕獲頭数,1,頭,
tateyama_boar_district,館山市 地区別イノシシ捕獲状況（H29–R7）,https://www.city.tateyama.chiba.jp/files/300383359.pdf,7,,1,館山市,富崎,イノシシ,捕獲頭数,1,頭,
tateyama_boar_district,館山市 地区別イノシシ捕獲状況（H29–R7）,https://www.city.tateyama.chiba.jp/files/300383359.pdf,7,,2,館山市,富崎,イノシシ,捕獲頭数,1,頭,
tateyama_boar_district,館山市 地区別イノシシ捕獲状況（H29–R7）,https://www.city.tateyama.chiba.jp/files/300383359.pdf,7,,3,館山市,富崎,イノシシ,捕獲頭数,0,頭,
tateyama_boar_district,館山市 地区別イノシシ捕獲状況（H29–R7）,https://www.city.tateyama.chiba.jp/files/300383359.pdf,7,,4,館山市,豊房,イノシシ,捕獲頭数,27,頭,
tateyama_boar_district,館山市 地区別イノシシ捕獲状況（H29–R7）,https://www.city.tateyama.chiba.jp/files/300383359.pdf,7,,5,館山市,豊房,イノシシ,捕獲頭数,32,頭,
tateyama_boar_district,館山市 地区別イノシシ捕獲状況（H29–R7）,https://www.city.tateyama.chiba.jp/files/300383359.pdf,7,,6,館山市,豊房,イノシシ,捕獲頭数,44,頭,
tateyama_boar_district,館山市 地区別イノシシ捕獲状況（H29–R7）,https://www.city.tateyama.chiba.jp/files/300383359.pdf,7,,7,館山市,豊房,イノシシ,捕獲頭数,76,頭,
tateyama_boar_district,館山市 地区別イノシシ捕獲状況（H29–R7）,https://www.city.tateyama.chiba.jp/files/300383359.pdf,7,,8,館山市,豊房,イノシシ,捕獲頭数,126,頭,
tateyama_boar_district,館山市 地区別イノシシ捕獲状況（H29–R7）,https://www.city.tateyama.chiba.jp/files/300383359.pdf,7,,9,館山市,豊房,イノシシ,捕獲頭数,86,頭,
tateyama_boar_district,館山市 地区別イノシシ捕獲状況（H29–R7）,https://www.city.tateyama.chiba.jp/files/300383359.pdf,7,,10,館山市,豊房,イノシシ,捕獲頭数,100,頭,
tateyama_boar_district,館山市 地区別イノシシ捕獲状況（H29–R7）,https://www.city.tateyama.chiba.jp/files/300383359.pdf,7,,11,館山市,豊房,イノシシ,捕獲頭数,78,頭,
tateyama_boar_district,館山市 地区別イノシシ捕獲状況（H29–R7）,https://www.city.tateyama.chiba.jp/files/300383359.pdf,7,,12,館山市,豊房,イノシシ,捕獲頭数,67,頭,
tateyama_boar_district,館山市 地区別イノシシ捕獲状況（H29–R7）,https://www.city.tateyama.chiba.jp/files/300383359.pdf,7,,1,館山市,豊房,イノシシ,捕獲頭数,59,頭,
tateyama_boar_district,館山市 地区別イノシシ捕獲状況（H29–R7）,https://www.city.tateyama.chiba.jp/files/300383359.pdf,7,,2,館山市,豊房,イノシシ,捕獲頭数,51,頭,
tateyama_boar_district,館山市 地区別イノシシ捕獲状況（H29–R7）,https://www.city.tateyama.chiba.jp/files/300383359.pdf,7,,3,館山市,豊房,イノシシ,捕獲頭数,52,頭,
tateyama_boar_district,館山市 地区別イノシシ捕獲状況（H29–R7）,https://www.city.tateyama.chiba.jp/files/300383359.pdf,7,,4,館山市,館野,イノシシ,捕獲頭数,5,頭,
tateyama_boar_district,館山市 地区別イノシシ捕獲状況（H29–R7）,https://www.city.tateyama.chiba.jp/files/300383359.pdf,7,,5,館山市,館野,イノシシ,捕獲頭数,0,頭,
tateyama_boar_district,館山市 地区別イノシシ捕獲状況（H29–R7）,https://www.city.tateyama.chiba.jp/files/300383359.pdf,7,,6,館山市,館野,イノシシ,捕獲頭数,2,頭,
tateyama_boar_district,館山市 地区別イノシシ捕獲状況（H29–R7）,https://www.city.tateyama.chiba.jp/files/300383359.pdf,7,,7,館山市,館野,イノシシ,捕獲頭数,12,頭,
tateyama_boar_district,館山市 地区別イノシシ捕獲状況（H29–R7）,https://www.city.tateyama.chiba.jp/files/300383359.pdf,7,,8,館山市,館野,イノシシ,捕獲頭数,41,頭,
tateyama_boar_district,館山市 地区別イノシシ捕獲状況（H29–R7）,https://www.city.tateyama.chiba.jp/files/300383359.pdf,7,,9,館山市,館野,イノシシ,捕獲頭数,19,頭,
tateyama_boar_district,館山市 地区別イノシシ捕獲状況（H29–R7）,https://www.city.tateyama.chiba.jp/files/300383359.pdf,7,,10,館山市,館野,イノシシ,捕獲頭数,12,頭,
tateyama_boar_district,館山市 地区別イノシシ捕獲状況（H29–R7）,https://www.city.tateyama.chiba.jp/files/300383359.pdf,7,,11,館山市,館野,イノシシ,捕獲頭数,13,頭,
tateyama_boar_district,館山市 地区別イノシシ捕獲状況（H29–R7）,https://www.city.tateyama.chiba.jp/files/300383359.pdf,7,,12,館山市,館野,イノシシ,捕獲頭数,14,頭,
tateyama_boar_district,館山市 地区別イノシシ捕獲状況（H29–R7）,https://www.city.tateyama.chiba.jp/files/300383359.pdf,7,,1,館山市,館野,イノシシ,捕獲頭数,9,頭,
tateyama_boar_district,館山市 地区別イノシシ捕獲状況（H29–R7）,https://www.city.tateyama.chiba.jp/files/300383359.pdf,7,,2,館山市,館野,イノシシ,捕獲頭数,3,頭,
tateyama_boar_district,館山市 地区別イノシシ捕獲状況（H29–R7）,https://www.city.tateyama.chiba.jp/files/300383359.pdf,7,,3,館山市,館野,イノシシ,捕獲頭数,2,頭,
tateyama_boar_district,館山市 地区別イノシシ捕獲状況（H29–R7）,https://www.city.tateyama.chiba.jp/files/300383359.pdf,7,,4,館山市,九重,イノシシ,捕獲頭数,7,頭,
tateyama_boar_district,館山市 地区別イノシシ捕獲状況（H29–R7）,https://www.city.tateyama.chiba.jp/files/300383359.pdf,7,,5,館山市,九重,イノシシ,捕獲頭数,5,頭,
tateyama_boar_district,館山市 地区別イノシシ捕獲状況（H29–R7）,https://www.city.tateyama.chiba.jp/files/300383359.pdf,7,,6,館山市,九重,イノシシ,捕獲頭数,7,頭,
tateyama_boar_district,館山市 地区別イノシシ捕獲状況（H29–R7）,https://www.city.tateyama.chiba.jp/files/300383359.pdf,7,,7,館山市,九重,イノシシ,捕獲頭数,33,頭,
tateyama_boar_district,館山市 地区別イノシシ捕獲状況（H29–R7）,https://www.city.tateyama.chiba.jp/files/300383359.pdf,7,,8,館山市,九重,イノシシ,捕獲頭数,27,頭,
tateyama_boar_district,館山市 地区別イノシシ捕獲状況（H29–R7）,https://www.city.tateyama.chiba.jp/files/300383359.pdf,7,,9,館山市,九重,イノシシ,捕獲頭数,21,頭,
tateyama_boar_district,館山市 地区別イノシシ捕獲状況（H29–R7）,https://www.city.tateyama.chiba.jp/files/300383359.pdf,7,,10,館山市,九重,イノシシ,捕獲頭数,15,頭,
tateyama_boar_district,館山市 地区別イノシシ捕獲状況（H29–R7）,https://www.city.tateyama.chiba.jp/files/300383359.pdf,7,,11,館山市,九重,イノシシ,捕獲頭数,12,頭,
tateyama_boar_district,館山市 地区別イノシシ捕獲状況（H29–R7）,https://www.city.tateyama.chiba.jp/files/300383359.pdf,7,,12,館山市,九重,イノシシ,捕獲頭数,17,頭,
tateyama_boar_district,館山市 地区別イノシシ捕獲状況（H29–R7）,https://www.city.tateyama.chiba.jp/files/300383359.pdf,7,,1,館山市,九重,イノシシ,捕獲頭数,27,頭,
tateyama_boar_district,館山市 地区別イノシシ捕獲状況（H29–R7）,https://www.city.tateyama.chiba.jp/files/300383359.pdf,7,,2,館山市,九重,イノシシ,捕獲頭数,11,頭,
tateyama_boar_district,館山市 地区別イノシシ捕獲状況（H29–R7）,https://www.city.tateyama.chiba.jp/files/300383359.pdf,7,,3,館山市,九重,イノシシ,捕獲頭数,26,頭,
tateyama_boar_district,館山市 地区別イノシシ捕獲状況（H29–R7）,https://www.city.tateyama.chiba.jp/files/300383359.pdf,7,,4,館山市,全市,イノシシ,捕獲頭数,117,頭,
tateyama_boar_district,館山市 地区別イノシシ捕獲状況（H29–R7）,https://www.city.tateyama.chiba.jp/files/300383359.pdf,7,,5,館山市,全市,イノシシ,捕獲頭数,118,頭,
tateyama_boar_district,館山市 地区別イノシシ捕獲状況（H29–R7）,https://www.city.tateyama.chiba.jp/files/300383359.pdf,7,,6,館山市,全市,イノシシ,捕獲頭数,154,頭,
tateyama_boar_district,館山市 地区別イノシシ捕獲状況（H29–R7）,https://www.city.tateyama.chiba.jp/files/300383359.pdf,7,,7,館山市,全市,イノシシ,捕獲頭数,251,頭,
tateyama_boar_district,館山市 地区別イノシシ捕獲状況（H29–R7）,https://www.city.tateyama.chiba.jp/files/300383359.pdf,7,,8,館山市,全市,イノシシ,捕獲頭数,389,頭,
tateyama_boar_district,館山市 地区別イノシシ捕獲状況（H29–R7）,https://www.city.tateyama.chiba.jp/files/300383359.pdf,7,,9,館山市,全市,イノシシ,捕獲頭数,286,頭,
tateyama_boar_district,館山市 地区別イノシシ捕獲状況（H29–R7）,https://www.city.tateyama.chiba.jp/files/300383359.pdf,7,,10,館山市,全市,イノシシ,捕獲頭数,345,頭,
tateyama_boar_district,館山市 地区別イノシシ捕獲状況（H29–R7）,https://www.city.tateyama.chiba.jp/files/300383359.pdf,7,,11,館山市,全市,イノシシ,捕獲頭数,265,頭,
tateyama_boar_district,館山市 地区別イノシシ捕獲状況（H29–R7）,https://www.city.tateyama.chiba.jp/files/300383359.pdf,7,,12,館山市,全市,イノシシ,捕獲頭数,223,頭,
tateyama_boar_district,館山市 地区別イノシシ捕獲状況（H29–R7）,https://www.city.tateyama.chiba.jp/files/300383359.pdf,7,,1,館山市,全市,イノシシ,捕獲頭数,195,頭,
tateyama_boar_district,館山市 地区別イノシシ捕獲状況（H29–R7）,https://www.city.tateyama.chiba.jp/files/300383359.pdf,7,,2,館山市,全市,イノシシ,捕獲頭数,150,頭,
tateyama_boar_district,館山市 地区別イノシシ捕獲状況（H29–R7）,https://www.city.tateyama.chiba.jp/files/300383359.pdf,7,,3,館山市,全市,イノシシ,捕獲頭数,181,頭,
tateyama_capture_species,館山市 市内捕獲状況（H27–R7）,https://www.city.tateyama.chiba.jp/files/300368997.pdf,-3,,4,館山市,,イノシシ,捕獲頭数,6,頭,
tateyama_capture_species,館山市 市内捕獲状況（H27–R7）,https://www.city.tateyama.chiba.jp/files/300368997.pdf,-3,,5,館山市,,イノシシ,捕獲頭数,5,頭,
tateyama_capture_species,館山市 市内捕獲状況（H27–R7）,https://www.city.tateyama.chiba.jp/files/300368997.pdf,-3,,6,館山市,,イノシシ,捕獲頭数,4,頭,
tateyama_capture_species,館山市 市内捕獲状況（H27–R7）,https://www.city.tateyama.chiba.jp/files/300368997.pdf,-3,,7,館山市,,イノシシ,捕獲頭数,1,頭,
tateyama_capture_species,館山市 市内捕獲状況（H27–R7）,https://www.city.tateyama.chiba.jp/files/300368997.pdf,-3,,8,館山市,,イノシシ,捕獲頭数,22,頭,
tateyama_capture_species,館山市 市内捕獲状況（H27–R7）,https://www.city.tateyama.chiba.jp/files/300368997.pdf,-3,,9,館山市,,イノシシ,捕獲頭数,14,頭,
tateyama_capture_species,館山市 市内捕獲状況（H27–R7）,https://www.city.tateyama.chiba.jp/files/300368997.pdf,-3,,10,館山市,,イノシシ,捕獲頭数,23,頭,
tateyama_capture_species,館山市 市内捕獲状況（H27–R7）,https://www.city.tateyama.chiba.jp/files/300368997.pdf,-3,,11,館山市,,イノシシ,捕獲頭数,21,頭,
tateyama_capture_species,館山市 市内捕獲状況（H27–R7）,https://www.city.tateyama.chiba.jp/files/300368997.pdf,-3,,12,館山市,,イノシシ,捕獲頭数,25,頭,
tateyama_capture_species,館山市 市内捕獲状況（H27–R7）,https://www.city.tateyama.chiba.jp/files/300368997.pdf,-3,,1,館山市,,イノシシ,捕獲頭数,22,頭,
tateyama_capture_species,館山市 市内捕獲状況（H27–R7）,https://www.city.tateyama.chiba.jp/files/300368997.pdf,-3,,2,館山市,,イノシシ,捕獲頭数,25,頭,
tateyama_capture_species,館山市 市内捕獲状況（H27–R7）,https://www.city.tateyama.chiba.jp/files/300368997.pdf,-3,,3,館山市,,イノシシ,捕獲頭数,27,頭,
tateyama_capture_species,館山市 市内捕獲状況（H27–R7）,https://www.city.tateyama.chiba.jp/files/300368997.pdf,-3,,4,館山市,,イノシシ幼獣,捕獲頭数,0,頭,
tateyama_capture_species,館山市 市内捕獲状況（H27–R7）,https://www.city.tateyama.chiba.jp/files/300368997.pdf,-3,,5,館山市,,イノシシ幼獣,捕獲頭数,1,頭,
tateyama_capture_species,館山市 市内捕獲状況（H27–R7）,https://www.city.tateyama.chiba.jp/files/300368997.pdf,-3,,6,館山市,,イノシシ幼獣,捕獲頭数,1,頭,
tateyama_capture_species,館山市 市内捕獲状況（H27–R7）,https://www.city.tateyama.chiba.jp/files/300368997.pdf,-3,,7,館山市,,イノシシ幼獣,捕獲頭数,0,頭,
tateyama_capture_species,館山市 市内捕獲状況（H27–R7）,https://www.city.tateyama.chiba.jp/files/300368997.pdf,-3,,8,館山市,,イノシシ幼獣,捕獲頭数,5,頭,
tateyama_capture_species,館山市 市内捕獲状況（H27–R7）,https://www.city.tateyama.chiba.jp/files/300368997.pdf,-3,,9,館山市,,イノシシ幼獣,捕獲頭数,0,頭,
tateyama_capture_species,館山市 市内捕獲状況（H27–R7）,https://www.city.tateyama.chiba.jp/files/300368997.pdf,-3,,10,館山市,,イノシシ幼獣,捕獲頭数,0,頭,
tateyama_capture_species,館山市 市内捕獲状況（H27–R7）,https://www.city.tateyama.chiba.jp/files/300368997.pdf,-3,,11,館山市,,イノシシ幼獣,捕獲頭数,0,頭,
tateyama_capture_species,館山市 市内捕獲状況（H27–R7）,https://www.city.tateyama.chiba.jp/files/300368997.pdf,-3,,12,館山市,,イノシシ幼獣,捕獲頭数,0,頭,
tateyama_capture_species,館山市 市内捕獲状況（H27–R7）,https://www.city.tateyama.chiba.jp/files/300368997.pdf,-3,,1,館山市,,イノシシ幼獣,捕獲頭数,0,頭,
tateyama_capture_species,館山市 市内捕獲状況（H27–R7）,https://www.city.tateyama.chiba.jp/files/300368997.pdf,-3,,2,館山市,,イノシシ幼獣,捕獲頭数,0,頭,
tateyama_capture_species,館山市 市内捕獲状況（H27–R7）,https://www.city.tateyama.chiba.jp/files/300368997.pdf,-3,,3,館山市,,イノシシ幼獣,捕獲頭数,0,頭,
tateyama_capture_species,館山市 市内捕獲状況（H27–R7）,https://www.city.tateyama.chiba.jp/files/300368997.pdf,-3,,4,館山市,,シカ,捕獲頭数,0,頭,
tateyama_capture_species,館山市 市内捕獲状況（H27–R7）,https://www.city.tateyama.chiba.jp/files/300368997.pdf,-3,,5,館山市,,シカ,捕獲頭数,0,頭,
tateyama_capture_species,館山市 市内捕獲状況（H27–R7）,https://www.city.tateyama.chiba.jp/files/300368997.pdf,-3,,6,館山市,,シカ,捕獲頭数,0,頭,
tateyama_capture_species,館山市 市内捕獲状況（H27–R7）,https://www.city.tateyama.chiba.jp/files/300368997.pdf,-3,,7,館山市,,シカ,捕獲頭数,0,頭,
tateyama_capture_species,館山市 市内捕獲状況（H27–R7）,https://www.city.tateyama.chiba.jp/files/300368997.pdf,-3,,8,館山市,,シカ,捕獲頭数,0,頭,
tateyama_capture_species,館山市 市内捕獲状況（H27–R7）,https://www.city.tateyama.chiba.jp/files/300368997.pdf,-3,,9,館山市,,シカ,捕獲頭数,0,頭,
tateyama_capture_species,館山市 市内捕獲状況（H27–R7）,https://www.city.tateyama.chiba.jp/files/300368997.pdf,-3,,10,館山市,,シカ,捕獲頭数,0,頭,
tateyama_capture_species,館山市 市内捕獲状況（H27–R7）,https://www.city.tateyama.chiba.jp/files/300368997.pdf,-3,,11,館山市,,シカ,捕獲頭数,0,頭,
tateyama_capture_species,館山市 市内捕獲状況（H27–R7）,https://www.city.tateyama.chiba.jp/files/300368997.pdf,-3,,12,館山市,,シカ,捕獲頭数,0,頭,
tateyama_capture_species,館山市 市内捕獲状況（H27–R7）,https://www.city.tateyama.chiba.jp/files/300368997.pdf,-3,,1,館山市,,シカ,捕獲頭数,0,頭,
tateyama_capture_species,館山市 市内捕獲状況（H27–R7）,https://www.city.tateyama.chiba.jp/files/300368997.pdf,-3,,2,館山市,,シカ,捕獲頭数,1,頭,
tateyama_capture_species,館山市 市内捕獲状況（H27–R7）,https://www.city.tateyama.chiba.jp/files/300368997.pdf,-3,,3,館山市,,シカ,捕獲頭数,0,頭,
tateyama_capture_species,館山市 市内捕獲状況（H27–R7）,https://www.city.tateyama.chiba.jp/files/300368997.pdf,-3,,4,館山市,,キョン,捕獲頭数,0,頭,
tateyama_capture_species,館山市 市内捕獲状況（H27–R7）,https://www.city.tateyama.chiba.jp/files/300368997.pdf,-3,,5,館山市,,キョン,捕獲頭数,0,頭,
tateyama_capture_species,館山市 市内捕獲状況（H27–R7）,https://www.city.tateyama.chiba.jp/files/300368997.pdf,-3,,6,館山市,,キョン,捕獲頭数,0,頭,
tateyama_capture_species,館山市 市内捕獲状況（H27–R7）,https://www.city.tateyama.chiba.jp/files/300368997.pdf,-3,,7,館山市,,キョン,捕獲頭数,0,頭,
tateyama_capture_species,館山市 市内捕獲状況（H27–R7）,https://www.city.tateyama.chiba.jp/files/300368997.pdf,-3,,8,館山市,,キョン,捕獲頭数,0,頭,
tateyama_capture_species,館山市 市内捕獲状況（H27–R7）,https://www.city.tateyama.chiba.jp/files/300368997.pdf,-3,,9,館山市,,キョン,捕獲頭数,0,頭,
tateyama_capture_species,館山市 市内捕獲状況（H27–R7）,https://www.city.tateyama.chiba.jp/files/300368997.pdf,-3,,10,館山市,,キョン,捕獲頭数,0,頭,
tateyama_capture_species,館山市 市内捕獲状況（H27–R7）,https://www.city.tateyama.chiba.jp/files/300368997.pdf,-3,,11,館山市,,キョン,捕獲頭数,0,頭,
tateyama_capture_species,館山市 市内捕獲状況（H27–R7）,https://www.city.tateyama.chiba.jp/files/300368997.pdf,-3,,12,館山市,,キョン,捕獲頭数,0,頭,
tateyama_capture_species,館山市 市内捕獲状況（H27–R7）,https://www.city.tateyama.chiba.jp/files/300368997.pdf,-3,,1,館山市,,キョン,捕獲頭数,0,頭,
tateyama_capture_species,館山市 市内捕獲状況（H27–R7）,https://www.city.tateyama.chiba.jp/files/300368997.pdf,-3,,2,館山市,,キョン,捕獲頭数,0,頭,
tateyama_capture_species,館山市 市内捕獲状況（H27–R7）,https://www.city.tateyama.chiba.jp/files/300368997.pdf,-3,,3,館山市,,キョン,捕獲頭数,1,頭,
tateyama_capture_species,館山市 市内捕獲状況（H27–R7）,https://www.city.tateyama.chiba.jp/files/300368997.pdf,-3,,4,館山市,,サル,捕獲頭数,0,頭,
tateyama_capture_species,館山市 市内捕獲状況（H27–R7）,https://www.city.tateyama.chiba.jp/files/300368997.pdf,-3,,5,館山市,,サル,捕獲頭数,0,頭,
tateyama_capture_species,館山市 市内捕獲状況（H27–R7）,https://www.city.tateyama.chiba.jp/files/300368997.pdf,-3,,6,館山市,,サル,捕獲頭数,0,頭,
tateyama_capture_species,館山市 市内捕獲状況（H27–R7）,https://www.city.tateyama.chiba.jp/files/300368997.pdf,-3,,7,館山市,,サル,捕獲頭数,0,頭,
tateyama_capture_species,館山市 市内捕獲状況（H27–R7）,https://www.city.tateyama.chiba.jp/files/300368997.pdf,-3,,8,館山市,,サル,捕獲頭数,0,頭,
tateyama_capture_species,館山市 市内捕獲状況（H27–R7）,https://www.city.tateyama.chiba.jp/files/300368997.pdf,-3,,9,館山市,,サル,捕獲頭数,0,頭,
tateyama_capture_species,館山市 市内捕獲状況（H27–R7）,https://www.city.tateyama.chiba.jp/files/300368997.pdf,-3,,10,館山市,,サル,捕獲頭数,0,頭,
tateyama_capture_species,館山市 市内捕獲状況（H27–R7）,https://www.city.tateyama.chiba.jp/files/300368997.pdf,-3,,11,館山市,,サル,捕獲頭数,0,頭,
tateyama_capture_species,館山市 市内捕獲状況（H27–R7）,https://www.city.tateyama.chiba.jp/files/300368997.pdf,-3,,12,館山市,,サル,捕獲頭数,0,頭,
tateyama_capture_species,館山市 市内捕獲状況（H27–R7）,https://www.city.tateyama.chiba.jp/files/300368997.pdf,-3,,1,館山市,,サル,捕獲頭数,0,頭,
tateyama_capture_species,館山市 市内捕獲状況（H27–R7）,https://www.city.tateyama.chiba.jp/files/300368997.pdf,-3,,2,館山市,,サル,捕獲頭数,0,頭,
tateyama_capture_species,館山市 市内捕獲状況（H27–R7）,https://www.city.tateyama.chiba.jp/files/300368997.pdf,-3,,3,館山市,,サル,捕獲頭数,0,頭,
tateyama_capture_species,館山市 市内捕獲状況（H27–R7）,https://www.city.tateyama.chiba.jp/files/300368997.pdf,-3,,4,館山市,,アライグマ,捕獲頭数,0,頭,
tateyama_capture_species,館山市 市内捕獲状況（H27–R7）,https://www.city.tateyama.chiba.jp/files/300368997.pdf,-3,,5,館山市,,アライグマ,捕獲頭数,0,頭,
tateyama_capture_species,館山市 市内捕獲状況（H27–R7）,https://www.city.tateyama.chiba.jp/files/300368997.pdf,-3,,6,館山市,,アライグマ,捕獲頭数,1,頭,
tateyama_capture_species,館山市 市内捕獲状況（H27–R7）,https://www.city.tateyama.chiba.jp/files/300368997.pdf,-3,,7,館山市,,アライグマ,捕獲頭数,1,頭,
tateyama_capture_species,館山市 市内捕獲状況（H27–R7）,https://www.city.tateyama.chiba.jp/files/300368997.pdf,-3,,8,館山市,,アライグマ,捕獲頭数,1,頭,
tateyama_capture_species,館山市 市内捕獲状況（H27–R7）,https://www.city.tateyama.chiba.jp/files/300368997.pdf,-3,,9,館山市,,アライグマ,捕獲頭数,0,頭,
tateyama_capture_species,館山市 市内捕獲状況（H27–R7）,https://www.city.tateyama.chiba.jp/files/300368997.pdf,-3,,10,館山市,,アライグマ,捕獲頭数,0,頭,
tateyama_capture_species,館山市 市内捕獲状況（H27–R7）,https://www.city.tateyama.chiba.jp/files/300368997.pdf,-3,,11,館山市,,アライグマ,捕獲頭数,0,頭,
tateyama_capture_species,館山市 市内捕獲状況（H27–R7）,https://www.city.tateyama.chiba.jp/files/300368997.pdf,-3,,12,館山市,,アライグマ,捕獲頭数,1,頭,
tateyama_capture_species,館山市 市内捕獲状況（H27–R7）,https://www.city.tateyama.chiba.jp/files/300368997.pdf,-3,,1,館山市,,アライグマ,捕獲頭数,1,頭,
tateyama_capture_species,館山市 市内捕獲状況（H27–R7）,https://www.city.tateyama.chiba.jp/files/300368997.pdf,-3,,2,館山市,,アライグマ,捕獲頭数,0,頭,
tateyama_capture_species,館山市 市内捕獲状況（H27–R7）,https://www.city.tateyama.chiba.jp/files/300368997.pdf,-3,,3,館山市,,アライグマ,捕獲頭数,0,頭,
tateyama_capture_species,館山市 市内捕獲状況（H27–R7）,https://www.city.tateyama.chiba.jp/files/300368997.pdf,-3,,4,館山市,,ハクビシン,捕獲頭数,5,頭,
tateyama_capture_species,館山市 市内捕獲状況（H27–R7）,https://www.city.tateyama.chiba.jp/files/300368997.pdf,-3,,5,館山市,,ハクビシン,捕獲頭数,2,頭,
tateyama_capture_species,館山市 市内捕獲状況（H27–R7）,https://www.city.tateyama.chiba.jp/files/300368997.pdf,-3,,6,館山市,,ハクビシン,捕獲頭数,3,頭,
tateyama_capture_species,館山市 市内捕獲状況（H27–R7）,https://www.city.tateyama.chiba.jp/files/300368997.pdf,-3,,7,館山市,,ハクビシン,捕獲頭数,3,頭,
tateyama_capture_species,館山市 市内捕獲状況（H27–R7）,https://www.city.tateyama.chiba.jp/files/300368997.pdf,-3,,8,館山市,,ハクビシン,捕獲頭数,5,頭,
tateyama_capture_species,館山市 市内捕獲状況（H27–R7）,https://www.city.tateyama.chiba.jp/files/300368997.pdf,-3,,9,館山市,,ハクビシン,捕獲頭数,0,頭,
tateyama_capture_species,館山市 市内捕獲状況（H27–R7）,https://www.city.tateyama.chiba.jp/files/300368997.pdf,-3,,10,館山市,,ハクビシン,捕獲頭数,0,頭,
tateyama_capture_species,館山市 市内捕獲状況（H27–R7）,https://www.city.tateyama.chiba.jp/files/300368997.pdf,-3,,11,館山市,,ハクビシン,捕獲頭数,0,頭,
tateyama_capture_species,館山市 市内捕獲状況（H27–R7）,https://www.city.tateyama.chiba.jp/files/300368997.pdf,-3,,12,館山市,,ハクビシン,捕獲頭数,4,頭,
tateyama_capture_species,館山市 市内捕獲状況（H27–R7）,https://www.city.tateyama.chiba.jp/files/300368997.pdf,-3,,1,館山市,,ハクビシン,捕獲頭数,4,頭,
tateyama_capture_species,館山市 市内捕獲状況（H27–R7）,https://www.city.tateyama.chiba.jp/files/300368997.pdf,-3,,2,館山市,,ハクビシン,捕獲頭数,3,頭,
tateyama_capture_species,館山市 市内捕獲状況（H27–R7）,https://www.city.tateyama.chiba.jp/files/300368997.pdf,-3,,3,館山市,,ハクビシン,捕獲頭数,7,頭,
tateyama_capture_species,館山市 市内捕獲状況（H27–R7）,https://www.city.tateyama.chiba.jp/files/300368997.pdf,-3,,4,館山市,,タヌキ,捕獲頭数,3,頭,
tateyama_capture_species,館山市 市内捕獲状況（H27–R7）,https://www.city.tateyama.chiba.jp/files/300368997.pdf,-3,,5,館山市,,タヌキ,捕獲頭数,1,頭,
tateyama_capture_species,館山市 市内捕獲状況（H27–R7）,https://www.city.tateyama.chiba.jp/files/300368997.pdf,-3,,6,館山市,,タヌキ,捕獲頭数,0,頭,
tateyama_capture_species,館山市 市内捕獲状況（H27–R7）,https://www.city.tateyama.chiba.jp/files/300368997.pdf,-3,,7,館山市,,タヌキ,捕獲頭数,0,頭,
tateyama_capture_species,館山市 市内捕獲状況（H27–R7）,https://www.city.tateyama.chiba.jp/files/300368997.pdf,-3,,8,館山市,,タヌキ,捕獲頭数,10,頭,
tateyama_capture_species,館山市 市内捕獲状況（H27–R7）,https://www.city.tateyama.chiba.jp/files/300368997.pdf,-3,,9,館山市,,タヌキ,捕獲頭数,6,頭,
tateyama_capture_species,館山市 市内捕獲状況（H27–R7）,https://www.city.tateyama.chiba.jp/files/300368997.pdf,-3,,10,館山市,,タヌキ,捕獲頭数,2,頭,
tateyama_capture_species,館山市 市内捕獲状況（H27–R7）,https://www.city.tateyama.chiba.jp/files/300368997.pdf,-3,,11,館山市,,タヌキ,捕獲頭数,3,頭,
tateyama_capture_species,館山市 市内捕獲状況（H27–R7）,https://www.city.tateyama.chiba.jp/files/300368997.pdf,-3,,12,館山市,,タヌキ,捕獲頭数,3,頭,
tateyama_capture_species,館山市 市内捕獲状況（H27–R7）,https://www.city.tateyama.chiba.jp/files/300368997.pdf,-3,,1,館山市,,タヌキ,捕獲頭数,2,頭,
tateyama_capture_species,館山市 市内捕獲状況（H27–R7）,https://www.city.tateyama.chiba.jp/files/300368997.pdf,-3,,2,館山市,,タヌキ,捕獲頭数,4,頭,
tateyama_capture_species,館山市 市内捕獲状況（H27–R7）,https://www.city.tateyama.chiba.jp/files/300368997.pdf,-3,,3,館山市,,タヌキ,捕獲頭数,4,頭,
tateyama_capture_species,館山市 市内捕獲状況（H27–R7）,https://www.city.tateyama.chiba.jp/files/300368997.pdf,-3,,4,館山市,,アナグマ,捕獲頭数,0,頭,
tateyama_capture_species,館山市 市内捕獲状況（H27–R7）,https://www.city.tateyama.chiba.jp/files/300368997.pdf,-3,,5,館山市,,アナグマ,捕獲頭数,0,頭,
tateyama_capture_species,館山市 市内捕獲状況（H27–R7）,https://www.city.tateyama.chiba.jp/files/300368997.pdf,-3,,6,館山市,,アナグマ,捕獲頭数,0,頭,
tateyama_capture_species,館山市 市内捕獲状況（H27–R7）,https://www.city.tateyama.chiba.jp/files/300368997.pdf,-3,,7,館山市,,アナグマ,捕獲頭数,0,頭,
tateyama_capture_species,館山市 市内捕獲状況（H27–R7）,https://www.city.tateyama.chiba.jp/files/300368997.pdf,-3,,8,館山市,,アナグマ,捕獲頭数,0,頭,
tateyama_capture_species,館山市 市内捕獲状況（H27–R7）,https://www.city.tateyama.chiba.jp/files/300368997.pdf,-3,,9,館山市,,アナグマ,捕獲頭数,0,頭,
tateyama_capture_species,館山市 市内捕獲状況（H27–R7）,https://www.city.tateyama.chiba.jp/files/300368997.pdf,-3,,10,館山市,,アナグマ,捕獲頭数,0,頭,
tateyama_capture_species,館山市 市内捕獲状況（H27–R7）,https://www.city.tateyama.chiba.jp/files/300368997.pdf,-3,,11,館山市,,アナグマ,捕獲頭数,0,頭,
tateyama_capture_species,館山市 市内捕獲状況（H27–R7）,https://www.city.tateyama.chiba.jp/files/300368997.pdf,-3,,12,館山市,,アナグマ,捕獲頭数,0,頭,
tateyama_capture_species,館山市 市内捕獲状況（H27–R7）,https://www.city.tateyama.chiba.jp/files/300368997.pdf,-3,,1,館山市,,アナグマ,捕獲頭数,0,頭,
tateyama_capture_species,館山市 市内捕獲状況（H27–R7）,https://www.city.tateyama.chiba.jp/files/300368997.pdf,-3,,2,館山市,,アナグマ,捕獲頭数,0,頭,
tateyama_capture_species,館山市 市内捕獲状況（H27–R7）,https://www.city.tateyama.chiba.jp/files/300368997.pdf,-3,,3,館山市,,アナグマ,捕獲頭数,0,頭,
tateyama_capture_species,館山市 市内捕獲状況（H27–R7）,https://www.city.tateyama.chiba.jp/files/300368997.pdf,-3,,4,館山市,,ノウサギ,捕獲頭数,0,頭,
tateyama_capture_species,館山市 市内捕獲状況（H27–R7）,https://www.city.tateyama.chiba.jp/files/300368997.pdf,-3,,5,館山市,,ノウサギ,捕獲頭数,1,頭,
tateyama_capture_species,館山市 市内捕獲状況（H27–R7）,https://www.city.tateyama.chiba.jp/files/300368997.pdf,-3,,6,館山市,,ノウサギ,捕獲頭数,0,頭,
tateyama_capture_species,館山市 市内捕獲状況（H27–R7）,https://www.city.tateyama.chiba.jp/files/300368997.pdf,-3,,7,館山市,,ノウサギ,捕獲頭数,0,頭,
tateyama_capture_species,館山市 市内捕獲状況（H27–R7）,https://www.city.tateyama.chiba.jp/files/300368997.pdf,-3,,8,館山市,,ノウサギ,捕獲頭数,0,頭,
tateyama_capture_species,館山市 市内捕獲状況（H27–R7）,https://www.city.tateyama.chiba.jp/files/300368997.pdf,-3,,9,館山市,,ノウサギ,捕獲頭数,0,頭,
tateyama_capture_species,館山市 市内捕獲状況（H27–R7）,https://www.city.tateyama.chiba.jp/files/300368997.pdf,-3,,10,館山市,,ノウサギ,捕獲頭数,1,頭,
tateyama_capture_species,館山市 市内捕獲状況（H27–R7）,https://www.city.tateyama.chiba.jp/files/300368997.pdf,-3,,11,館山市,,ノウサギ,捕獲頭数,1,頭,
tateyama_capture_species,館山市 市内捕獲状況（H27–R7）,https://www.city.tateyama.chiba.jp/files/300368997.pdf,-3,,12,館山市,,ノウサギ,捕獲頭数,0,頭,
tateyama_capture_species,館山市 市内捕獲状況（H27–R7）,https://www.city.tateyama.chiba.jp/files/300368997.pdf,-3,,1,館山市,,ノウサギ,捕獲頭数,0,頭,
tateyama_capture_species,館山市 市内捕獲状況（H27–R7）,https://www.city.tateyama.chiba.jp/files/300368997.pdf,-3,,2,館山市,,ノウサギ,捕獲頭数,0,頭,
tateyama_capture_species,館山市 市内捕獲状況（H27–R7）,https://www.city.tateyama.chiba.jp/files/300368997.pdf,-3,,3,館山市,,ノウサギ,捕獲頭数,0,頭,
tateyama_capture_species,館山市 市内捕獲状況（H27–R7）,https://www.city.tateyama.chiba.jp/files/300368997.pdf,-2,,4,館山市,,イノシシ,捕獲頭数,12,頭,
tateyama_capture_species,館山市 市内捕獲状況（H27–R7）,https://www.city.tateyama.chiba.jp/files/300368997.pdf,-2,,5,館山市,,イノシシ,捕獲頭数,13,頭,
tateyama_capture_species,館山市 市内捕獲状況（H27–R7）,https://www.city.tateyama.chiba.jp/files/300368997.pdf,-2,,6,館山市,,イノシシ,捕獲頭数,14,頭,
tateyama_capture_species,館山市 市内捕獲状況（H27–R7）,https://www.city.tateyama.chiba.jp/files/300368997.pdf,-2,,7,館山市,,イノシシ,捕獲頭数,35,頭,
tateyama_capture_species,館山市 市内捕獲状況（H27–R7）,https://www.city.tateyama.chiba.jp/files/300368997.pdf,-2,,8,館山市,,イノシシ,捕獲頭数,64,頭,
tateyama_capture_species,館山市 市内捕獲状況（H27–R7）,https://www.city.tateyama.chiba.jp/files/300368997.pdf,-2,,9,館山市,,イノシシ,捕獲頭数,13,頭,
tateyama_capture_species,館山市 市内捕獲状況（H27–R7）,https://www.city.tateyama.chiba.jp/files/300368997.pdf,-2,,10,館山市,,イノシシ,捕獲頭数,49,頭,
tateyama_capture_species,館山市 市内捕獲状況（H27–R7）,https://www.city.tateyama.chiba.jp/files/300368997.pdf,-2,,11,館山市,,イノシシ,捕獲頭数,60,頭,
tateyama_capture_species,館山市 市内捕獲状況（H27–R7）,https://www.city.tateyama.chiba.jp/files/300368997.pdf,-2,,12,館山市,,イノシシ,捕獲頭数,60,頭,
tateyama_capture_species,館山市 市内捕獲状況（H27–R7）,https://www.city.tateyama.chiba.jp/files/300368997.pdf,-2,,1,館山市,,イノシシ,捕獲頭数,83,頭,
tateyama_capture_species,館山市 市内捕獲状況（H27–R7）,https://www.city.tateyama.chiba.jp/files/300368997.pdf,-2,,2,館山市,,イノシシ,捕獲頭数,53,頭,
tateyama_capture_species,館山市 市内捕獲状況（H27–R7）,https://www.city.tateyama.chiba.jp/files/300368997.pdf,-2,,3,館山市,,イノシシ,捕獲頭数,40,頭,
tateyama_capture_species,館山市 市内捕獲状況（H27–R7）,https://www.city.tateyama.chiba.jp/files/300368997.pdf,-2,,4,館山市,,イノシシ幼獣,捕獲頭数,0,頭,
tateyama_capture_species,館山市 市内捕獲状況（H27–R7）,https://www.city.tateyama.chiba.jp/files/300368997.pdf,-2,,5,館山市,,イノシシ幼獣,捕獲頭数,1,頭,
tateyama_capture_species,館山市 市内捕獲状況（H27–R7）,https://www.city.tateyama.chiba.jp/files/300368997.pdf,-2,,6,館山市,,イノシシ幼獣,捕獲頭数,2,頭,
tateyama_capture_species,館山市 市内捕獲状況（H27–R7）,https://www.city.tateyama.chiba.jp/files/300368997.pdf,-2,,7,館山市,,イノシシ幼獣,捕獲頭数,15,頭,
tateyama_capture_species,館山市 市内捕獲状況（H27–R7）,https://www.city.tateyama.chiba.jp/files/300368997.pdf,-2,,8,館山市,,イノシシ幼獣,捕獲頭数,30,頭,
tateyama_capture_species,館山市 市内捕獲状況（H27–R7）,https://www.city.tateyama.chiba.jp/files/300368997.pdf,-2,,9,館山市,,イノシシ幼獣,捕獲頭数,1,頭,
tateyama_capture_species,館山市 市内捕獲状況（H27–R7）,https://www.city.tateyama.chiba.jp/files/300368997.pdf,-2,,10,館山市,,イノシシ幼獣,捕獲頭数,0,頭,
tateyama_capture_species,館山市 市内捕獲状況（H27–R7）,https://www.city.tateyama.chiba.jp/files/300368997.pdf,-2,,11,館山市,,イノシシ幼獣,捕獲頭数,2,頭,
tateyama_capture_species,館山市 市内捕獲状況（H27–R7）,https://www.city.tateyama.chiba.jp/files/300368997.pdf,-2,,12,館山市,,イノシシ幼獣,捕獲頭数,0,頭,
tateyama_capture_species,館山市 市内捕獲状況（H27–R7）,https://www.city.tateyama.chiba.jp/files/300368997.pdf,-2,,1,館山市,,イノシシ幼獣,捕獲頭数,1,頭,
tateyama_capture_species,館山市 市内捕獲状況（H27–R7）,https://www.city.tateyama.chiba.jp/files/300368997.pdf,-2,,2,館山市,,イノシシ幼獣,捕獲頭数,3,頭,
tateyama_capture_species,館山市 市内捕獲状況（H27–R7）,https://www.city.tateyama.chiba.jp/files/300368997.pdf,-2,,3,館山市,,イノシシ幼獣,捕獲頭数,0,頭,
tateyama_capture_species,館山市 市内捕獲状況（H27–R7）,https://www.city.tateyama.chiba.jp/files/300368997.pdf,-2,,4,館山市,,シカ,捕獲頭数,0,頭,
tateyama_capture_species,館山市 市内捕獲状況（H27–R7）,https://www.city.tateyama.chiba.jp/files/300368997.pdf,-2,,5,館山市,,シカ,捕獲頭数,0,頭,
tateyama_capture_species,館山市 市内捕獲状況（H27–R7）,https://www.city.tateyama.chiba.jp/files/300368997.pdf,-2,,6,館山市,,シカ,捕獲頭数,0,頭,
tateyama_capture_species,館山市 市内捕獲状況（H27–R7）,https://www.city.tateyama.chiba.jp/files/300368997.pdf,-2,,7,館山市,,シカ,捕獲頭数,0,頭,
tateyama_capture_species,館山市 市内捕獲状況（H27–R7）,https://www.city.tateyama.chiba.jp/files/300368997.pdf,-2,,8,館山市,,シカ,捕獲頭数,0,頭,
tateyama_capture_species,館山市 市内捕獲状況（H27–R7）,https://www.city.tateyama.chiba.jp/files/300368997.pdf,-2,,9,館山市,,シカ,捕獲頭数,0,頭,
tateyama_capture_species,館山市 市内捕獲状況（H27–R7）,https://www.city.tateyama.chiba.jp/files/300368997.pdf,-2,,10,館山市,,シカ,捕獲頭数,0,頭,
tateyama_capture_species,館山市 市内捕獲状況（H27–R7）,https://www.city.tateyama.chiba.jp/files/300368997.pdf,-2,,11,館山市,,シカ,捕獲頭数,0,頭,
tateyama_capture_species,館山市 市内捕獲状況（H27–R7）,https://www.city.tateyama.chiba.jp/files/300368997.pdf,-2,,12,館山市,,シカ,捕獲頭数,1,頭,
tateyama_capture_species,館山市 市内捕獲状況（H27–R7）,https://www.city.tateyama.chiba.jp/files/300368997.pdf,-2,,1,館山市,,シカ,捕獲頭数,0,頭,
tateyama_capture_species,館山市 市内捕獲状況（H27–R7）,https://www.city.tateyama.chiba.jp/files/300368997.pdf,-2,,2,館山市,,シカ,捕獲頭数,0,頭,
tateyama_capture_species,館山市 市内捕獲状況（H27–R7）,https://www.city.tateyama.chiba.jp/files/300368997.pdf,-2,,3,館山市,,シカ,捕獲頭数,0,頭,
tateyama_capture_species,館山市 市内捕獲状況（H27–R7）,https://www.city.tateyama.chiba.jp/files/300368997.pdf,-2,,4,館山市,,キョン,捕獲頭数,1,頭,
tateyama_capture_species,館山市 市内捕獲状況（H27–R7）,https://www.city.tateyama.chiba.jp/files/300368997.pdf,-2,,5,館山市,,キョン,捕獲頭数,0,頭,
tateyama_capture_species,館山市 市内捕獲状況（H27–R7）,https://www.city.tateyama.chiba.jp/files/300368997.pdf,-2,,6,館山市,,キョン,捕獲頭数,0,頭,
tateyama_capture_species,館山市 市内捕獲状況（H27–R7）,https://www.city.tateyama.chiba.jp/files/300368997.pdf,-2,,7,館山市,,キョン,捕獲頭数,0,頭,
tateyama_capture_species,館山市 市内捕獲状況（H27–R7）,https://www.city.tateyama.chiba.jp/files/300368997.pdf,-2,,8,館山市,,キョン,捕獲頭数,0,頭,
tateyama_capture_species,館山市 市内捕獲状況（H27–R7）,https://www.city.tateyama.chiba.jp/files/300368997.pdf,-2,,9,館山市,,キョン,捕獲頭数,0,頭,
tateyama_capture_species,館山市 市内捕獲状況（H27–R7）,https://www.city.tateyama.chiba.jp/files/300368997.pdf,-2,,10,館山市,,キョン,捕獲頭数,0,頭,
tateyama_capture_species,館山市 市内捕獲状況（H27–R7）,https://www.city.tateyama.chiba.jp/files/300368997.pdf,-2,,11,館山市,,キョン,捕獲頭数,1,頭,
tateyama_capture_species,館山市 市内捕獲状況（H27–R7）,https://www.city.tateyama.chiba.jp/files/300368997.pdf,-2,,12,館山市,,キョン,捕獲頭数,2,頭,
tateyama_capture_species,館山市 市内捕獲状況（H27–R7）,https://www.city.tateyama.chiba.jp/files/300368997.pdf,-2,,1,館山市,,キョン,捕獲頭数,1,頭,
tateyama_capture_species,館山市 市内捕獲状況（H27–R7）,https://www.city.tateyama.chiba.jp/files/300368997.pdf,-2,,2,館山市,,キョン,捕獲頭数,0,頭,
tateyama_capture_species,館山市 市内捕獲状況（H27–R7）,https://www.city.tateyama.chiba.jp/files/300368997.pdf,-2,,3,館山市,,キョン,捕獲頭数,1,頭,
tateyama_capture_species,館山市 市内捕獲状況（H27–R7）,https://www.city.tateyama.chiba.jp/files/300368997.pdf,-2,,4,館山市,,サル,捕獲頭数,0,頭,
tateyama_capture_species,館山市 市内捕獲状況（H27–R7）,https://www.city.tateyama.chiba.jp/files/300368997.pdf,-2,,5,館山市,,サル,捕獲頭数,0,頭,
tateyama_capture_species,館山市 市内捕獲状況（H27–R7）,https://www.city.tateyama.chiba.jp/files/300368997.pdf,-2,,6,館山市,,サル,捕獲頭数,0,頭,
tateyama_capture_species,館山市 市内捕獲状況（H27–R7）,https://www.city.tateyama.chiba.jp/files/300368997.pdf,-2,,7,館山市,,サル,捕獲頭数,0,頭,
tateyama_capture_species,館山市 市内捕獲状況（H27–R7）,https://www.city.tateyama.chiba.jp/files/300368997.pdf,-2,,8,館山市,,サル,捕獲頭数,0,頭,
tateyama_capture_species,館山市 市内捕獲状況（H27–R7）,https://www.city.tateyama.chiba.jp/files/300368997.pdf,-2,,9,館山市,,サル,捕獲頭数,0,頭,
tateyama_capture_species,館山市 市内捕獲状況（H27–R7）,https://www.city.tateyama.chiba.jp/files/300368997.pdf,-2,,10,館山市,,サル,捕獲頭数,0,頭,
tateyama_capture_species,館山市 市内捕獲状況（H27–R7）,https://www.city.tateyama.chiba.jp/files/300368997.pdf,-2,,11,館山市,,サル,捕獲頭数,0,頭,
tateyama_capture_species,館山市 市内捕獲状況（H27–R7）,https://www.city.tateyama.chiba.jp/files/300368997.pdf,-2,,12,館山市,,サル,捕獲頭数,0,頭,
tateyama_capture_species,館山市 市内捕獲状況（H27–R7）,https://www.city.tateyama.chiba.jp/files/300368997.pdf,-2,,1,館山市,,サル,捕獲頭数,0,頭,
tateyama_capture_species,館山市 市内捕獲状況（H27–R7）,https://www.city.tateyama.chiba.jp/files/300368997.pdf,-2,,2,館山市,,サル,捕獲頭数,0,頭,
tateyama_capture_species,館山市 市内捕獲状況（H27–R7）,https://www.city.tateyama.chiba.jp/files/300368997.pdf,-2,,3,館山市,,サル,捕獲頭数,0,頭,
tateyama_capture_species,館山市 市内捕獲状況（H27–R7）,https://www.city.tateyama.chiba.jp/files/300368997.pdf,-2,,4,館山市,,アライグマ,捕獲頭数,0,頭,
tateyama_capture_species,館山市 市内捕獲状況（H27–R7）,https://www.city.tateyama.chiba.jp/files/300368997.pdf,-2,,5,館山市,,アライグマ,捕獲頭数,0,頭,
tateyama_capture_species,館山市 市内捕獲状況（H27–R7）,https://www.city.tateyama.chiba.jp/files/300368997.pdf,-2,,6,館山市,,アライグマ,捕獲頭数,0,頭,
tateyama_capture_species,館山市 市内捕獲状況（H27–R7）,https://www.city.tateyama.chiba.jp/files/300368997.pdf,-2,,7,館山市,,アライグマ,捕獲頭数,0,頭,
tateyama_capture_species,館山市 市内捕獲状況（H27–R7）,https://www.city.tateyama.chiba.jp/files/300368997.pdf,-2,,8,館山市,,アライグマ,捕獲頭数,1,頭,
tateyama_capture_species,館山市 市内捕獲状況（H27–R7）,https://www.city.tateyama.chiba.jp/files/300368997.pdf,-2,,9,館山市,,アライグマ,捕獲頭数,1,頭,
tateyama_capture_species,館山市 市内捕獲状況（H27–R7）,https://www.city.tateyama.chiba.jp/files/300368997.pdf,-2,,10,館山市,,アライグマ,捕獲頭数,6,頭,
tateyama_capture_species,館山市 市内捕獲状況（H27–R7）,https://www.city.tateyama.chiba.jp/files/300368997.pdf,-2,,11,館山市,,アライグマ,捕獲頭数,3,頭,
tateyama_capture_species,館山市 市内捕獲状況（H27–R7）,https://www.city.tateyama.chiba.jp/files/300368997.pdf,-2,,12,館山市,,アライグマ,捕獲頭数,2,頭,
tateyama_capture_species,館山市 市内捕獲状況（H27–R7）,https://www.city.tateyama.chiba.jp/files/300368997.pdf,-2,,1,館山市,,アライグマ,捕獲頭数,0,頭,
tateyama_capture_species,館山市 市内捕獲状況（H27–R7）,https://www.city.tateyama.chiba.jp/files/300368997.pdf,-2,,2,館山市,,アライグマ,捕獲頭数,2,頭,
tateyama_capture_species,館山市 市内捕獲状況（H27–R7）,https://www.city.tateyama.chiba.jp/files/300368997.pdf,-2,,3,館山市,,アライグマ,捕獲頭数,2,頭,
tateyama_capture_species,館山市 市内捕獲状況（H27–R7）,https://www.city.tateyama.chiba.jp/files/300368997.pdf,-2,,4,館山市,,ハクビシン,捕獲頭数,5,頭,
tateyama_capture_species,館山市 市内捕獲状況（H27–R7）,https://www.city.tateyama.chiba.jp/files/300368997.pdf,-2,,5,館山市,,ハクビシン,捕獲頭数,2,頭,
tateyama_capture_species,館山市 市内捕獲状況（H27–R7）,https://www.city.tateyama.chiba.jp/files/300368997.pdf,-2,,6,館山市,,ハクビシン,捕獲頭数,8,頭,
tateyama_capture_species,館山市 市内捕獲状況（H27–R7）,https://www.city.tateyama.chiba.jp/files/300368997.pdf,-2,,7,館山市,,ハクビシン,捕獲頭数,8,頭,
tateyama_capture_species,館山市 市内捕獲状況（H27–R7）,https://www.city.tateyama.chiba.jp/files/300368997.pdf,-2,,8,館山市,,ハクビシン,捕獲頭数,1,頭,
tateyama_capture_species,館山市 市内捕獲状況（H27–R7）,https://www.city.tateyama.chiba.jp/files/300368997.pdf,-2,,9,館山市,,ハクビシン,捕獲頭数,6,頭,
tateyama_capture_species,館山市 市内捕獲状況（H27–R7）,https://www.city.tateyama.chiba.jp/files/300368997.pdf,-2,,10,館山市,,ハクビシン,捕獲頭数,1,頭,
tateyama_capture_species,館山市 市内捕獲状況（H27–R7）,https://www.city.tateyama.chiba.jp/files/300368997.pdf,-2,,11,館山市,,ハクビシン,捕獲頭数,5,頭,
tateyama_capture_species,館山市 市内捕獲状況（H27–R7）,https://www.city.tateyama.chiba.jp/files/300368997.pdf,-2,,12,館山市,,ハクビシン,捕獲頭数,3,頭,
tateyama_capture_species,館山市 市内捕獲状況（H27–R7）,https://www.city.tateyama.chiba.jp/files/300368997.pdf,-2,,1,館山市,,ハクビシン,捕獲頭数,0,頭,
tateyama_capture_species,館山市 市内捕獲状況（H27–R7）,https://www.city.tateyama.chiba.jp/files/300368997.pdf,-2,,2,館山市,,ハクビシン,捕獲頭数,4,頭,
tateyama_capture_species,館山市 市内捕獲状況（H27–R7）,https://www.city.tateyama.chiba.jp/files/300368997.pdf,-2,,3,館山市,,ハクビシン,捕獲頭数,3,頭,
tateyama_capture_species,館山市 市内捕獲状況（H27–R7）,https://www.city.tateyama.chiba.jp/files/300368997.pdf,-2,,4,館山市,,タヌキ,捕獲頭数,4,頭,
tateyama_capture_species,館山市 市内捕獲状況（H27–R7）,https://www.city.tateyama.chiba.jp/files/300368997.pdf,-2,,5,館山市,,タヌキ,捕獲頭数,3,頭,
tateyama_capture_species,館山市 市内捕獲状況（H27–R7）,https://www.city.tateyama.chiba.jp/files/300368997.pdf,-2,,6,館山市,,タヌキ,捕獲頭数,4,頭,
tateyama_capture_species,館山市 市内捕獲状況（H27–R7）,https://www.city.tateyama.chiba.jp/files/300368997.pdf,-2,,7,館山市,,タヌキ,捕獲頭数,6,頭,
tateyama_capture_species,館山市 市内捕獲状況（H27–R7）,https://www.city.tateyama.chiba.jp/files/300368997.pdf,-2,,8,館山市,,タヌキ,捕獲頭数,8,頭,
tateyama_capture_species,館山市 市内捕獲状況（H27–R7）,https://www.city.tateyama.chiba.jp/files/300368997.pdf,-2,,9,館山市,,タヌキ,捕獲頭数,3,頭,
tateyama_capture_species,館山市 市内捕獲状況（H27–R7）,https://www.city.tateyama.chiba.jp/files/300368997.pdf,-2,,10,館山市,,タヌキ,捕獲頭数,11,頭,
tateyama_capture_species,館山市 市内捕獲状況（H27–R7）,https://www.city.tateyama.chiba.jp/files/300368997.pdf,-2,,11,館山市,,タヌキ,捕獲頭数,21,頭,
tateyama_capture_species,館山市 市内捕獲状況（H27–R7）,https://www.city.tateyama.chiba.jp/files/300368997.pdf,-2,,12,館山市,,タヌキ,捕獲頭数,14,頭,
tateyama_capture_species,館山市 市内捕獲状況（H27–R7）,https://www.city.tateyama.chiba.jp/files/300368997.pdf,-2,,1,館山市,,タヌキ,捕獲頭数,8,頭,
tateyama_capture_species,館山市 市内捕獲状況（H27–R7）,https://www.city.tateyama.chiba.jp/files/300368997.pdf,-2,,2,館山市,,タヌキ,捕獲頭数,14,頭,
tateyama_capture_species,館山市 市内捕獲状況（H27–R7）,https://www.city.tateyama.chiba.jp/files/300368997.pdf,-2,,3,館山市,,タヌキ,捕獲頭数,12,頭,
tateyama_capture_species,館山市 市内捕獲状況（H27–R7）,https://www.city.tateyama.chiba.jp/files/300368997.pdf,-2,,4,館山市,,アナグマ,捕獲頭数,0,頭,
tateyama_capture_species,館山市 市内捕獲状況（H27–R7）,https://www.city.tateyama.chiba.jp/files/300368997.pdf,-2,,5,館山市,,アナグマ,捕獲頭数,0,頭,
tateyama_capture_species,館山市 市内捕獲状況（H27–R7）,https://www.city.tateyama.chiba.jp/files/300368997.pdf,-2,,6,館山市,,アナグマ,捕獲頭数,0,頭,
tateyama_capture_species,館山市 市内捕獲状況（H27–R7）,https://www.city.tateyama.chiba.jp/files/300368997.pdf,-2,,7,館山市,,アナグマ,捕獲頭数,0,頭,
tateyama_capture_species,館山市 市内捕獲状況（H27–R7）,https://www.city.tateyama.chiba.jp/files/300368997.pdf,-2,,8,館山市,,アナグマ,捕獲頭数,0,頭,
tateyama_capture_species,館山市 市内捕獲状況（H27–R7）,https://www.city.tateyama.chiba.jp/files/300368997.pdf,-2,,9,館山市,,アナグマ,捕獲頭数,0,頭,
tateyama_capture_species,館山市 市内捕獲状況（H27–R7）,https://www.city.tateyama.chiba.jp/files/300368997.pdf,-2,,10,館山市,,アナグマ,捕獲頭数,0,頭,
tateyama_capture_species,館山市 市内捕獲状況（H27–R7）,https://www.city.tateyama.chiba.jp/files/300368997.pdf,-2,,11,館山市,,アナグマ,捕獲頭数,0,頭,
tateyama_capture_species,館山市 市内捕獲状況（H27–R7）,https://www.city.tateyama.chiba.jp/files/300368997.pdf,-2,,12,館山市,,アナグマ,捕獲頭数,0,頭,
tateyama_capture_species,館山市 市内捕獲状況（H27–R7）,https://www.city.tateyama.chiba.jp/files/300368997.pdf,-2,,1,館山市,,アナグマ,捕獲頭数,0,頭,
tateyama_capture_species,館山市 市内捕獲状況（H27–R7）,https://www.city.tateyama.chiba.jp/files/300368997.pdf,-2,,2,館山市,,アナグマ,捕獲頭数,0,頭,
tateyama_capture_species,館山市 市内捕獲状況（H27–R7）,https://www.city.tateyama.chiba.jp/files/300368997.pdf,-2,,3,館山市,,アナグマ,捕獲頭数,0,頭,
tateyama_capture_species,館山市 市内捕獲状況（H27–R7）,https://www.city.tateyama.chiba.jp/files/300368997.pdf,-2,,4,館山市,,ノウサギ,捕獲頭数,0,頭,
tateyama_capture_species,館山市 市内捕獲状況（H27–R7）,https://www.city.tateyama.chiba.jp/files/300368997.pdf,-2,,5,館山市,,ノウサギ,捕獲頭数,0,頭,
tateyama_capture_species,館山市 市内捕獲状況（H27–R7）,https://www.city.tateyama.chiba.jp/files/300368997.pdf,-2,,6,館山市,,ノウサギ,捕獲頭数,0,頭,
tateyama_capture_species,館山市 市内捕獲状況（H27–R7）,https://www.city.tateyama.chiba.jp/files/300368997.pdf,-2,,7,館山市,,ノウサギ,捕獲頭数,0,頭,
tateyama_capture_species,館山市 市内捕獲状況（H27–R7）,https://www.city.tateyama.chiba.jp/files/300368997.pdf,-2,,8,館山市,,ノウサギ,捕獲頭数,0,頭,
tateyama_capture_species,館山市 市内捕獲状況（H27–R7）,https://www.city.tateyama.chiba.jp/files/300368997.pdf,-2,,9,館山市,,ノウサギ,捕獲頭数,0,頭,
tateyama_capture_species,館山市 市内捕獲状況（H27–R7）,https://www.city.tateyama.chiba.jp/files/300368997.pdf,-2,,10,館山市,,ノウサギ,捕獲頭数,0,頭,
tateyama_capture_species,館山市 市内捕獲状況（H27–R7）,https://www.city.tateyama.chiba.jp/files/300368997.pdf,-2,,11,館山市,,ノウサギ,捕獲頭数,0,頭,
tateyama_capture_species,館山市 市内捕獲状況（H27–R7）,https://www.city.tateyama.chiba.jp/files/300368997.pdf,-2,,12,館山市,,ノウサギ,捕獲頭数,0,頭,
tateyama_capture_species,館山市 市内捕獲状況（H27–R7）,https://www.city.tateyama.chiba.jp/files/300368997.pdf,-2,,1,館山市,,ノウサギ,捕獲頭数,0,頭,
tateyama_capture_species,館山市 市内捕獲状況（H27–R7）,https://www.city.tateyama.chiba.jp/files/300368997.pdf,-2,,2,館山市,,ノウサギ,捕獲頭数,0,頭,
tateyama_capture_species,館山市 市内捕獲状況（H27–R7）,https://www.city.tateyama.chiba.jp/files/300368997.pdf,-2,,3,館山市,,ノウサギ,捕獲頭数,0,頭,
tateyama_capture_species,館山市 市内捕獲状況（H27–R7）,https://www.city.tateyama.chiba.jp/files/300368997.pdf,-1,,4,館山市,,イノシシ,捕獲頭数,37,頭,
tateyama_capture_species,館山市 市内捕獲状況（H27–R7）,https://www.city.tateyama.chiba.jp/files/300368997.pdf,-1,,5,館山市,,イノシシ,捕獲頭数,43,頭,
tateyama_capture_species,館山市 市内捕獲状況（H27–R7）,https://www.city.tateyama.chiba.jp/files/300368997.pdf,-1,,6,館山市,,イノシシ,捕獲頭数,17,頭,
tateyama_capture_species,館山市 市内捕獲状況（H27–R7）,https://www.city.tateyama.chiba.jp/files/300368997.pdf,-1,,7,館山市,,イノシシ,捕獲頭数,47,頭,
tateyama_capture_species,館山市 市内捕獲状況（H27–R7）,https://www.city.tateyama.chiba.jp/files/300368997.pdf,-1,,8,館山市,,イノシシ,捕獲頭数,73,頭,
tateyama_capture_species,館山市 市内捕獲状況（H27–R7）,https://www.city.tateyama.chiba.jp/files/300368997.pdf,-1,,9,館山市,,イノシシ,捕獲頭数,52,頭,
tateyama_capture_species,館山市 市内捕獲状況（H27–R7）,https://www.city.tateyama.chiba.jp/files/300368997.pdf,-1,,10,館山市,,イノシシ,捕獲頭数,48,頭,
tateyama_capture_species,館山市 市内捕獲状況（H27–R7）,https://www.city.tateyama.chiba.jp/files/300368997.pdf,-1,,11,館山市,,イノシシ,捕獲頭数,55,頭,
tateyama_capture_species,館山市 市内捕獲状況（H27–R7）,https://www.city.tateyama.chiba.jp/files/300368997.pdf,-1,,12,館山市,,イノシシ,捕獲頭数,75,頭,
tateyama_capture_species,館山市 市内捕獲状況（H27–R7）,https://www.city.tateyama.chiba.jp/files/300368997.pdf,-1,,1,館山市,,イノシシ,捕獲頭数,61,頭,
tateyama_capture_species,館山市 市内捕獲状況（H27–R7）,https://www.city.tateyama.chiba.jp/files/300368997.pdf,-1,,2,館山市,,イノシシ,捕獲頭数,73,頭,
tateyama_capture_species,館山市 市内捕獲状況（H27–R7）,https://www.city.tateyama.chiba.jp/files/300368997.pdf,-1,,3,館山市,,イノシシ,捕獲頭数,61,頭,
tateyama_capture_species,館山市 市内捕獲状況（H27–R7）,https://www.city.tateyama.chiba.jp/files/300368997.pdf,-1,,4,館山市,,イノシシ幼獣,捕獲頭数,0,頭,
tateyama_capture_species,館山市 市内捕獲状況（H27–R7）,https://www.city.tateyama.chiba.jp/files/300368997.pdf,-1,,5,館山市,,イノシシ幼獣,捕獲頭数,0,頭,
tateyama_capture_species,館山市 市内捕獲状況（H27–R7）,https://www.city.tateyama.chiba.jp/files/300368997.pdf,-1,,6,館山市,,イノシシ幼獣,捕獲頭数,1,頭,
tateyama_capture_species,館山市 市内捕獲状況（H27–R7）,https://www.city.tateyama.chiba.jp/files/300368997.pdf,-1,,7,館山市,,イノシシ幼獣,捕獲頭数,25,頭,
tateyama_capture_species,館山市 市内捕獲状況（H27–R7）,https://www.city.tateyama.chiba.jp/files/300368997.pdf,-1,,8,館山市,,イノシシ幼獣,捕獲頭数,38,頭,
tateyama_capture_species,館山市 市内捕獲状況（H27–R7）,https://www.city.tateyama.chiba.jp/files/300368997.pdf,-1,,9,館山市,,イノシシ幼獣,捕獲頭数,11,頭,
tateyama_capture_species,館山市 市内捕獲状況（H27–R7）,https://www.city.tateyama.chiba.jp/files/300368997.pdf,-1,,10,館山市,,イノシシ幼獣,捕獲頭数,0,頭,
tateyama_capture_species,館山市 市内捕獲状況（H27–R7）,https://www.city.tateyama.chiba.jp/files/300368997.pdf,-1,,11,館山市,,イノシシ幼獣,捕獲頭数,0,頭,
tateyama_capture_species,館山市 市内捕獲状況（H27–R7）,https://www.city.tateyama.chiba.jp/files/300368997.pdf,-1,,12,館山市,,イノシシ幼獣,捕獲頭数,1,頭,
tateyama_capture_species,館山市 市内捕獲状況（H27–R7）,https://www.city.tateyama.chiba.jp/files/300368997.pdf,-1,,1,館山市,,イノシシ幼獣,捕獲頭数,5,頭,
tateyama_capture_species,館山市 市内捕獲状況（H27–R7）,https://www.city.tateyama.chiba.jp/files/300368997.pdf,-1,,2,館山市,,イノシシ幼獣,捕獲頭数,6,頭,
tateyama_capture_species,館山市 市内捕獲状況（H27–R7）,https://www.city.tateyama.chiba.jp/files/300368997.pdf,-1,,3,館山市,,イノシシ幼獣,捕獲頭数,1,頭,
tateyama_capture_species,館山市 市内捕獲状況（H27–R7）,https://www.city.tateyama.chiba.jp/files/300368997.pdf,-1,,4,館山市,,シカ,捕獲頭数,0,頭,
tateyama_capture_species,館山市 市内捕獲状況（H27–R7）,https://www.city.tateyama.chiba.jp/files/300368997.pdf,-1,,5,館山市,,シカ,捕獲頭数,1,頭,
tateyama_capture_species,館山市 市内捕獲状況（H27–R7）,https://www.city.tateyama.chiba.jp/files/300368997.pdf,-1,,6,館山市,,シカ,捕獲頭数,1,頭,
tateyama_capture_species,館山市 市内捕獲状況（H27–R7）,https://www.city.tateyama.chiba.jp/files/300368997.pdf,-1,,7,館山市,,シカ,捕獲頭数,0,頭,
tateyama_capture_species,館山市 市内捕獲状況（H27–R7）,https://www.city.tateyama.chiba.jp/files/300368997.pdf,-1,,8,館山市,,シカ,捕獲頭数,1,頭,
tateyama_capture_species,館山市 市内捕獲状況（H27–R7）,https://www.city.tateyama.chiba.jp/files/300368997.pdf,-1,,9,館山市,,シカ,捕獲頭数,0,頭,
tateyama_capture_species,館山市 市内捕獲状況（H27–R7）,https://www.city.tateyama.chiba.jp/files/300368997.pdf,-1,,10,館山市,,シカ,捕獲頭数,1,頭,
tateyama_capture_species,館山市 市内捕獲状況（H27–R7）,https://www.city.tateyama.chiba.jp/files/300368997.pdf,-1,,11,館山市,,シカ,捕獲頭数,1,頭,
tateyama_capture_species,館山市 市内捕獲状況（H27–R7）,https://www.city.tateyama.chiba.jp/files/300368997.pdf,-1,,12,館山市,,シカ,捕獲頭数,0,頭,
tateyama_capture_species,館山市 市内捕獲状況（H27–R7）,https://www.city.tateyama.chiba.jp/files/300368997.pdf,-1,,1,館山市,,シカ,捕獲頭数,0,頭,
tateyama_capture_species,館山市 市内捕獲状況（H27–R7）,https://www.city.tateyama.chiba.jp/files/300368997.pdf,-1,,2,館山市,,シカ,捕獲頭数,3,頭,
tateyama_capture_species,館山市 市内捕獲状況（H27–R7）,https://www.city.tateyama.chiba.jp/files/300368997.pdf,-1,,3,館山市,,シカ,捕獲頭数,1,頭,
tateyama_capture_species,館山市 市内捕獲状況（H27–R7）,https://www.city.tateyama.chiba.jp/files/300368997.pdf,-1,,4,館山市,,キョン,捕獲頭数,0,頭,
tateyama_capture_species,館山市 市内捕獲状況（H27–R7）,https://www.city.tateyama.chiba.jp/files/300368997.pdf,-1,,5,館山市,,キョン,捕獲頭数,1,頭,
tateyama_capture_species,館山市 市内捕獲状況（H27–R7）,https://www.city.tateyama.chiba.jp/files/300368997.pdf,-1,,6,館山市,,キョン,捕獲頭数,0,頭,
tateyama_capture_species,館山市 市内捕獲状況（H27–R7）,https://www.city.tateyama.chiba.jp/files/300368997.pdf,-1,,7,館山市,,キョン,捕獲頭数,0,頭,
tateyama_capture_species,館山市 市内捕獲状況（H27–R7）,https://www.city.tateyama.chiba.jp/files/300368997.pdf,-1,,8,館山市,,キョン,捕獲頭数,1,頭,
tateyama_capture_species,館山市 市内捕獲状況（H27–R7）,https://www.city.tateyama.chiba.jp/files/300368997.pdf,-1,,9,館山市,,キョン,捕獲頭数,0,頭,
tateyama_capture_species,館山市 市内捕獲状況（H27–R7）,https://www.city.tateyama.chiba.jp/files/300368997.pdf,-1,,10,館山市,,キョン,捕獲頭数,0,頭,
tateyama_capture_species,館山市 市内捕獲状況（H27–R7）,https://www.city.tateyama.chiba.jp/files/300368997.pdf,-1,,11,館山市,,キョン,捕獲頭数,0,頭,
tateyama_capture_species,館山市 市内捕獲状況（H27–R7）,https://www.city.tateyama.chiba.jp/files/300368997.pdf,-1,,12,館山市,,キョン,捕獲頭数,1,頭,
tateyama_capture_species,館山市 市内捕獲状況（H27–R7）,https://www.city.tateyama.chiba.jp/files/300368997.pdf,-1,,1,館山市,,キョン,捕獲頭数,0,頭,
tateyama_capture_species,館山市 市内捕獲状況（H27–R7）,https://www.city.tateyama.chiba.jp/files/300368997.pdf,-1,,2,館山市,,キョン,捕獲頭数,2,頭,
tateyama_capture_species,館山市 市内捕獲状況（H27–R7）,https://www.city.tateyama.chiba.jp/files/300368997.pdf,-1,,3,館山市,,キョン,捕獲頭数,2,頭,
tateyama_capture_species,館山市 市内捕獲状況（H27–R7）,https://www.city.tateyama.chiba.jp/files/300368997.pdf,-1,,4,館山市,,サル,捕獲頭数,0,頭,
tateyama_capture_species,館山市 市内捕獲状況（H27–R7）,https://www.city.tateyama.chiba.jp/files/300368997.pdf,-1,,5,館山市,,サル,捕獲頭数,0,頭,
tateyama_capture_species,館山市 市内捕獲状況（H27–R7）,https://www.city.tateyama.chiba.jp/files/300368997.pdf,-1,,6,館山市,,サル,捕獲頭数,0,頭,
tateyama_capture_species,館山市 市内捕獲状況（H27–R7）,https://www.city.tateyama.chiba.jp/files/300368997.pdf,-1,,7,館山市,,サル,捕獲頭数,0,頭,
tateyama_capture_species,館山市 市内捕獲状況（H27–R7）,https://www.city.tateyama.chiba.jp/files/300368997.pdf,-1,,8,館山市,,サル,捕獲頭数,0,頭,
tateyama_capture_species,館山市 市内捕獲状況（H27–R7）,https://www.city.tateyama.chiba.jp/files/300368997.pdf,-1,,9,館山市,,サル,捕獲頭数,0,頭,
tateyama_capture_species,館山市 市内捕獲状況（H27–R7）,https://www.city.tateyama.chiba.jp/files/300368997.pdf,-1,,10,館山市,,サル,捕獲頭数,0,頭,
tateyama_capture_species,館山市 市内捕獲状況（H27–R7）,https://www.city.tateyama.chiba.jp/files/300368997.pdf,-1,,11,館山市,,サル,捕獲頭数,0,頭,
tateyama_capture_species,館山市 市内捕獲状況（H27–R7）,https://www.city.tateyama.chiba.jp/files/300368997.pdf,-1,,12,館山市,,サル,捕獲頭数,0,頭,
tateyama_capture_species,館山市 市内捕獲状況（H27–R7）,https://www.city.tateyama.chiba.jp/files/300368997.pdf,-1,,1,館山市,,サル,捕獲頭数,0,頭,
tateyama_capture_species,館山市 市内捕獲状況（H27–R7）,https://www.city.tateyama.chiba.jp/files/300368997.pdf,-1,,2,館山市,,サル,捕獲頭数,0,頭,
tateyama_capture_species,館山市 市内捕獲状況（H27–R7）,https://www.city.tateyama.chiba.jp/files/300368997.pdf,-1,,3,館山市,,サル,捕獲頭数,0,頭,
tateyama_capture_species,館山市 市内捕獲状況（H27–R7）,https://www.city.tateyama.chiba.jp/files/300368997.pdf,-1,,4,館山市,,アライグマ,捕獲頭数,1,頭,
tateyama_capture_species,館山市 市内捕獲状況（H27–R7）,https://www.city.tateyama.chiba.jp/files/300368997.pdf,-1,,5,館山市,,アライグマ,捕獲頭数,1,頭,
tateyama_capture_species,館山市 市内捕獲状況（H27–R7）,https://www.city.tateyama.chiba.jp/files/300368997.pdf,-1,,6,館山市,,アライグマ,捕獲頭数,2,頭,
tateyama_capture_species,館山市 市内捕獲状況（H27–R7）,https://www.city.tateyama.chiba.jp/files/300368997.pdf,-1,,7,館山市,,アライグマ,捕獲頭数,1,頭,
tateyama_capture_species,館山市 市内捕獲状況（H27–R7）,https://www.city.tateyama.chiba.jp/files/300368997.pdf,-1,,8,館山市,,アライグマ,捕獲頭数,0,頭,
tateyama_capture_species,館山市 市内捕獲状況（H27–R7）,https://www.city.tateyama.chiba.jp/files/300368997.pdf,-1,,9,館山市,,アライグマ,捕獲頭数,2,頭,
tateyama_capture_species,館山市 市内捕獲状況（H27–R7）,https://www.city.tateyama.chiba.jp/files/300368997.pdf,-1,,10,館山市,,アライグマ,捕獲頭数,3,頭,
tateyama_capture_species,館山市 市内捕獲状況（H27–R7）,https://www.city.tateyama.chiba.jp/files/300368997.pdf,-1,,11,館山市,,アライグマ,捕獲頭数,2,頭,
tateyama_capture_species,館山市 市内捕獲状況（H27–R7）,https://www.city.tateyama.chiba.jp/files/300368997.pdf,-1,,12,館山市,,アライグマ,捕獲頭数,1,頭,
tateyama_capture_species,館山市 市内捕獲状況（H27–R7）,https://www.city.tateyama.chiba.jp/files/300368997.pdf,-1,,1,館山市,,アライグマ,捕獲頭数,5,頭,
tateyama_capture_species,館山市 市内捕獲状況（H27–R7）,https://www.city.tateyama.chiba.jp/files/300368997.pdf,-1,,2,館山市,,アライグマ,捕獲頭数,3,頭,
tateyama_capture_species,館山市 市内捕獲状況（H27–R7）,https://www.city.tateyama.chiba.jp/files/300368997.pdf,-1,,3,館山市,,アライグマ,捕獲頭数,1,頭,
tateyama_capture_species,館山市 市内捕獲状況（H27–R7）,https://www.city.tateyama.chiba.jp/files/300368997.pdf,-1,,4,館山市,,ハクビシン,捕獲頭数,6,頭,
tateyama_capture_species,館山市 市内捕獲状況（H27–R7）,https://www.city.tateyama.chiba.jp/files/300368997.pdf,-1,,5,館山市,,ハクビシン,捕獲頭数,8,頭,
tateyama_capture_species,館山市 市内捕獲状況（H27–R7）,https://www.city.tateyama.chiba.jp/files/300368997.pdf,-1,,6,館山市,,ハクビシン,捕獲頭数,3,頭,
tateyama_capture_species,館山市 市内捕獲状況（H27–R7）,https://www.city.tateyama.chiba.jp/files/300368997.pdf,-1,,7,館山市,,ハクビシン,捕獲頭数,2,頭,
tateyama_capture_species,館山市 市内捕獲状況（H27–R7）,https://www.city.tateyama.chiba.jp/files/300368997.pdf,-1,,8,館山市,,ハクビシン,捕獲頭数,7,頭,
tateyama_capture_species,館山市 市内捕獲状況（H27–R7）,https://www.city.tateyama.chiba.jp/files/300368997.pdf,-1,,9,館山市,,ハクビシン,捕獲頭数,4,頭,
tateyama_capture_species,館山市 市内捕獲状況（H27–R7）,https://www.city.tateyama.chiba.jp/files/300368997.pdf,-1,,10,館山市,,ハクビシン,捕獲頭数,2,頭,
tateyama_capture_species,館山市 市内捕獲状況（H27–R7）,https://www.city.tateyama.chiba.jp/files/300368997.pdf,-1,,11,館山市,,ハクビシン,捕獲頭数,3,頭,
tateyama_capture_species,館山市 市内捕獲状況（H27–R7）,https://www.city.tateyama.chiba.jp/files/300368997.pdf,-1,,12,館山市,,ハクビシン,捕獲頭数,0,頭,
tateyama_capture_species,館山市 市内捕獲状況（H27–R7）,https://www.city.tateyama.chiba.jp/files/300368997.pdf,-1,,1,館山市,,ハクビシン,捕獲頭数,4,頭,
tateyama_capture_species,館山市 市内捕獲状況（H27–R7）,https://www.city.tateyama.chiba.jp/files/300368997.pdf,-1,,2,館山市,,ハクビシン,捕獲頭数,5,頭,
tateyama_capture_species,館山市 市内捕獲状況（H27–R7）,https://www.city.tateyama.chiba.jp/files/300368997.pdf,-1,,3,館山市,,ハクビシン,捕獲頭数,7,頭,
tateyama_capture_species,館山市 市内捕獲状況（H27–R7）,https://www.city.tateyama.chiba.jp/files/300368997.pdf,-1,,4,館山市,,タヌキ,捕獲頭数,8,頭,
tateyama_capture_species,館山市 市内捕獲状況（H27–R7）,https://www.city.tateyama.chiba.jp/files/300368997.pdf,-1,,5,館山市,,タヌキ,捕獲頭数,7,頭,
tateyama_capture_species,館山市 市内捕獲状況（H27–R7）,https://www.city.tateyama.chiba.jp/files/300368997.pdf,-1,,6,館山市,,タヌキ,捕獲頭数,1,頭,
tateyama_capture_species,館山市 市内捕獲状況（H27–R7）,https://www.city.tateyama.chiba.jp/files/300368997.pdf,-1,,7,館山市,,タヌキ,捕獲頭数,2,頭,
tateyama_capture_species,館山市 市内捕獲状況（H27–R7）,https://www.city.tateyama.chiba.jp/files/300368997.pdf,-1,,8,館山市,,タヌキ,捕獲頭数,8,頭,
tateyama_capture_species,館山市 市内捕獲状況（H27–R7）,https://www.city.tateyama.chiba.jp/files/300368997.pdf,-1,,9,館山市,,タヌキ,捕獲頭数,6,頭,
tateyama_capture_species,館山市 市内捕獲状況（H27–R7）,https://www.city.tateyama.chiba.jp/files/300368997.pdf,-1,,10,館山市,,タヌキ,捕獲頭数,11,頭,
tateyama_capture_species,館山市 市内捕獲状況（H27–R7）,https://www.city.tateyama.chiba.jp/files/300368997.pdf,-1,,11,館山市,,タヌキ,捕獲頭数,12,頭,
tateyama_capture_species,館山市 市内捕獲状況（H27–R7）,https://www.city.tateyama.chiba.jp/files/300368997.pdf,-1,,12,館山市,,タヌキ,捕獲頭数,19,頭,
tateyama_capture_species,館山市 市内捕獲状況（H27–R7）,https://www.city.tateyama.chiba.jp/files/300368997.pdf,-1,,1,館山市,,タヌキ,捕獲頭数,21,頭,
tateyama_capture_species,館山市 市内捕獲状況（H27–R7）,https://www.city.tateyama.chiba.jp/files/300368997.pdf,-1,,2,館山市,,タヌキ,捕獲頭数,21,頭,
tateyama_capture_species,館山市 市内捕獲状況（H27–R7）,https://www.city.tateyama.chiba.jp/files/300368997.pdf,-1,,3,館山市,,タヌキ,捕獲頭数,12,頭,
tateyama_capture_species,館山市 市内捕獲状況（H27–R7）,https://www.city.tateyama.chiba.jp/files/300368997.pdf,-1,,4,館山市,,アナグマ,捕獲頭数,0,頭,
tateyama_capture_species,館山市 市内捕獲状況（H27–R7）,https://www.city.tateyama.chiba.jp/files/300368997.pdf,-1,,5,館山市,,アナグマ,捕獲頭数,0,頭,
tateyama_capture_species,館山市 市内捕獲状況（H27–R7）,https://www.city.tateyama.chiba.jp/files/300368997.pdf,-1,,6,館山市,,アナグマ,捕獲頭数,4,頭,
tateyama_capture_species,館山市 市内捕獲状況（H27–R7）,https://www.city.tateyama.chiba.jp/files/300368997.pdf,-1,,7,館山市,,アナグマ,捕獲頭数,7,頭,
tateyama_capture_species,館山市 市内捕獲状況（H27–R7）,https://www.city.tateyama.chiba.jp/files/300368997.pdf,-1,,8,館山市,,アナグマ,捕獲頭数,4,頭,
tateyama_capture_species,館山市 市内捕獲状況（H27–R7）,https://www.city.tateyama.chiba.jp/files/300368997.pdf,-1,,9,館山市,,アナグマ,捕獲頭数,12,頭,
tateyama_capture_species,館山市 市内捕獲状況（H27–R7）,https://www.city.tateyama.chiba.jp/files/300368997.pdf,-1,,10,館山市,,アナグマ,捕獲頭数,6,頭,
tateyama_capture_species,館山市 市内捕獲状況（H27–R7）,https://www.city.tateyama.chiba.jp/files/300368997.pdf,-1,,11,館山市,,アナグマ,捕獲頭数,0,頭,
tateyama_capture_species,館山市 市内捕獲状況（H27–R7）,https://www.city.tateyama.chiba.jp/files/300368997.pdf,-1,,12,館山市,,アナグマ,捕獲頭数,0,頭,
tateyama_capture_species,館山市 市内捕獲状況（H27–R7）,https://www.city.tateyama.chiba.jp/files/300368997.pdf,-1,,1,館山市,,アナグマ,捕獲頭数,0,頭,
tateyama_capture_species,館山市 市内捕獲状況（H27–R7）,https://www.city.tateyama.chiba.jp/files/300368997.pdf,-1,,2,館山市,,アナグマ,捕獲頭数,0,頭,
tateyama_capture_species,館山市 市内捕獲状況（H27–R7）,https://www.city.tateyama.chiba.jp/files/300368997.pdf,-1,,3,館山市,,アナグマ,捕獲頭数,0,頭,
tateyama_capture_species,館山市 市内捕獲状況（H27–R7）,https://www.city.tateyama.chiba.jp/files/300368997.pdf,-1,,4,館山市,,ノウサギ,捕獲頭数,0,頭,
tateyama_capture_species,館山市 市内捕獲状況（H27–R7）,https://www.city.tateyama.chiba.jp/files/300368997.pdf,-1,,5,館山市,,ノウサギ,捕獲頭数,0,頭,
tateyama_capture_species,館山市 市内捕獲状況（H27–R7）,https://www.city.tateyama.chiba.jp/files/300368997.pdf,-1,,6,館山市,,ノウサギ,捕獲頭数,0,頭,
tateyama_capture_species,館山市 市内捕獲状況（H27–R7）,https://www.city.tateyama.chiba.jp/files/300368997.pdf,-1,,7,館山市,,ノウサギ,捕獲頭数,0,頭,
tateyama_capture_species,館山市 市内捕獲状況（H27–R7）,https://www.city.tateyama.chiba.jp/files/300368997.pdf,-1,,8,館山市,,ノウサギ,捕獲頭数,0,頭,
tateyama_capture_species,館山市 市内捕獲状況（H27–R7）,https://www.city.tateyama.chiba.jp/files/300368997.pdf,-1,,9,館山市,,ノウサギ,捕獲頭数,0,頭,
tateyama_capture_species,館山市 市内捕獲状況（H27–R7）,https://www.city.tateyama.chiba.jp/files/300368997.pdf,-1,,10,館山市,,ノウサギ,捕獲頭数,1,頭,
tateyama_capture_species,館山市 市内捕獲状況（H27–R7）,https://www.city.tateyama.chiba.jp/files/300368997.pdf,-1,,11,館山市,,ノウサギ,捕獲頭数,0,頭,
tateyama_capture_species,館山市 市内捕獲状況（H27–R7）,https://www.city.tateyama.chiba.jp/files/300368997.pdf,-1,,12,館山市,,ノウサギ,捕獲頭数,0,頭,
tateyama_capture_species,館山市 市内捕獲状況（H27–R7）,https://www.city.tateyama.chiba.jp/files/300368997.pdf,-1,,1,館山市,,ノウサギ,捕獲頭数,2,頭,
tateyama_capture_species,館山市 市内捕獲状況（H27–R7）,https://www.city.tateyama.chiba.jp/files/300368997.pdf,-1,,2,館山市,,ノウサギ,捕獲頭数,1,頭,
tateyama_capture_species,館山市 市内捕獲状況（H27–R7）,https://www.city.tateyama.chiba.jp/files/300368997.pdf,-1,,3,館山市,,ノウサギ,捕獲頭数,2,頭,
tateyama_capture_species,館山市 市内捕獲状況（H27–R7）,https://www.city.tateyama.chiba.jp/files/300368997.pdf,0,,4,館山市,,イノシシ,捕獲頭数,41,頭,
tateyama_capture_species,館山市 市内捕獲状況（H27–R7）,https://www.city.tateyama.chiba.jp/files/300368997.pdf,0,,5,館山市,,イノシシ,捕獲頭数,26,頭,
tateyama_capture_species,館山市 市内捕獲状況（H27–R7）,https://www.city.tateyama.chiba.jp/files/300368997.pdf,0,,6,館山市,,イノシシ,捕獲頭数,55,頭,
tateyama_capture_species,館山市 市内捕獲状況（H27–R7）,https://www.city.tateyama.chiba.jp/files/300368997.pdf,0,,7,館山市,,イノシシ,捕獲頭数,116,頭,
tateyama_capture_species,館山市 市内捕獲状況（H27–R7）,https://www.city.tateyama.chiba.jp/files/300368997.pdf,0,,8,館山市,,イノシシ,捕獲頭数,154,頭,
tateyama_capture_species,館山市 市内捕獲状況（H27–R7）,https://www.city.tateyama.chiba.jp/files/300368997.pdf,0,,9,館山市,,イノシシ,捕獲頭数,68,頭,
tateyama_capture_species,館山市 市内捕獲状況（H27–R7）,https://www.city.tateyama.chiba.jp/files/300368997.pdf,0,,10,館山市,,イノシシ,捕獲頭数,94,頭,
tateyama_capture_species,館山市 市内捕獲状況（H27–R7）,https://www.city.tateyama.chiba.jp/files/300368997.pdf,0,,11,館山市,,イノシシ,捕獲頭数,101,頭,
tateyama_capture_species,館山市 市内捕獲状況（H27–R7）,https://www.city.tateyama.chiba.jp/files/300368997.pdf,0,,12,館山市,,イノシシ,捕獲頭数,86,頭,
tateyama_capture_species,館山市 市内捕獲状況（H27–R7）,https://www.city.tateyama.chiba.jp/files/300368997.pdf,0,,1,館山市,,イノシシ,捕獲頭数,122,頭,
tateyama_capture_species,館山市 市内捕獲状況（H27–R7）,https://www.city.tateyama.chiba.jp/files/300368997.pdf,0,,2,館山市,,イノシシ,捕獲頭数,68,頭,
tateyama_capture_species,館山市 市内捕獲状況（H27–R7）,https://www.city.tateyama.chiba.jp/files/300368997.pdf,0,,3,館山市,,イノシシ,捕獲頭数,94,頭,
tateyama_capture_species,館山市 市内捕獲状況（H27–R7）,https://www.city.tateyama.chiba.jp/files/300368997.pdf,0,,4,館山市,,イノシシ幼獣,捕獲頭数,5,頭,
tateyama_capture_species,館山市 市内捕獲状況（H27–R7）,https://www.city.tateyama.chiba.jp/files/300368997.pdf,0,,5,館山市,,イノシシ幼獣,捕獲頭数,4,頭,
tateyama_capture_species,館山市 市内捕獲状況（H27–R7）,https://www.city.tateyama.chiba.jp/files/300368997.pdf,0,,6,館山市,,イノシシ幼獣,捕獲頭数,19,頭,
tateyama_capture_species,館山市 市内捕獲状況（H27–R7）,https://www.city.tateyama.chiba.jp/files/300368997.pdf,0,,7,館山市,,イノシシ幼獣,捕獲頭数,49,頭,
tateyama_capture_species,館山市 市内捕獲状況（H27–R7）,https://www.city.tateyama.chiba.jp/files/300368997.pdf,0,,8,館山市,,イノシシ幼獣,捕獲頭数,67,頭,
tateyama_capture_species,館山市 市内捕獲状況（H27–R7）,https://www.city.tateyama.chiba.jp/files/300368997.pdf,0,,9,館山市,,イノシシ幼獣,捕獲頭数,0,頭,
tateyama_capture_species,館山市 市内捕獲状況（H27–R7）,https://www.city.tateyama.chiba.jp/files/300368997.pdf,0,,10,館山市,,イノシシ幼獣,捕獲頭数,0,頭,
tateyama_capture_species,館山市 市内捕獲状況（H27–R7）,https://www.city.tateyama.chiba.jp/files/300368997.pdf,0,,11,館山市,,イノシシ幼獣,捕獲頭数,2,頭,
tateyama_capture_species,館山市 市内捕獲状況（H27–R7）,https://www.city.tateyama.chiba.jp/files/300368997.pdf,0,,12,館山市,,イノシシ幼獣,捕獲頭数,3,頭,
tateyama_capture_species,館山市 市内捕獲状況（H27–R7）,https://www.city.tateyama.chiba.jp/files/300368997.pdf,0,,1,館山市,,イノシシ幼獣,捕獲頭数,2,頭,
tateyama_capture_species,館山市 市内捕獲状況（H27–R7）,https://www.city.tateyama.chiba.jp/files/300368997.pdf,0,,2,館山市,,イノシシ幼獣,捕獲頭数,7,頭,
tateyama_capture_species,館山市 市内捕獲状況（H27–R7）,https://www.city.tateyama.chiba.jp/files/300368997.pdf,0,,3,館山市,,イノシシ幼獣,捕獲頭数,7,頭,
tateyama_capture_species,館山市 市内捕獲状況（H27–R7）,https://www.city.tateyama.chiba.jp/files/300368997.pdf,0,,4,館山市,,シカ,捕獲頭数,6,頭,
tateyama_capture_species,館山市 市内捕獲状況（H27–R7）,https://www.city.tateyama.chiba.jp/files/300368997.pdf,0,,5,館山市,,シカ,捕獲頭数,3,頭,
tateyama_capture_species,館山市 市内捕獲状況（H27–R7）,https://www.city.tateyama.chiba.jp/files/300368997.pdf,0,,6,館山市,,シカ,捕獲頭数,1,頭,
tateyama_capture_species,館山市 市内捕獲状況（H27–R7）,https://www.city.tateyama.chiba.jp/files/300368997.pdf,0,,7,館山市,,シカ,捕獲頭数,2,頭,
tateyama_capture_species,館山市 市内捕獲状況（H27–R7）,https://www.city.tateyama.chiba.jp/files/300368997.pdf,0,,8,館山市,,シカ,捕獲頭数,0,頭,
tateyama_capture_species,館山市 市内捕獲状況（H27–R7）,https://www.city.tateyama.chiba.jp/files/300368997.pdf,0,,9,館山市,,シカ,捕獲頭数,1,頭,
tateyama_capture_species,館山市 市内捕獲状況（H27–R7）,https://www.city.tateyama.chiba.jp/files/300368997.pdf,0,,10,館山市,,シカ,捕獲頭数,0,頭,
tateyama_capture_species,館山市 市内捕獲状況（H27–R7）,https://www.city.tateyama.chiba.jp/files/300368997.pdf,0,,11,館山市,,シカ,捕獲頭数,1,頭,
tateyama_capture_species,館山市 市内捕獲状況（H27–R7）,https://www.city.tateyama.chiba.jp/files/300368997.pdf,0,,12,館山市,,シカ,捕獲頭数,2,頭,
tateyama_capture_species,館山市 市内捕獲状況（H27–R7）,https://www.city.tateyama.chiba.jp/files/300368997.pdf,0,,1,館山市,,シカ,捕獲頭数,0,頭,
tateyama_capture_species,館山市 市内捕獲状況（H27–R7）,https://www.city.tateyama.chiba.jp/files/300368997.pdf,0,,2,館山市,,シカ,捕獲頭数,0,頭,
tateyama_capture_species,館山市 市内捕獲状況（H27–R7）,https://www.city.tateyama.chiba.jp/files/300368997.pdf,0,,3,館山市,,シカ,捕獲頭数,2,頭,
tateyama_capture_species,館山市 市内捕獲状況（H27–R7）,https://www.city.tateyama.chiba.jp/files/300368997.pdf,0,,4,館山市,,キョン,捕獲頭数,3,頭,
tateyama_capture_species,館山市 市内捕獲状況（H27–R7）,https://www.city.tateyama.chiba.jp/files/300368997.pdf,0,,5,館山市,,キョン,捕獲頭数,5,頭,
tateyama_capture_species,館山市 市内捕獲状況（H27–R7）,https://www.city.tateyama.chiba.jp/files/300368997.pdf,0,,6,館山市,,キョン,捕獲頭数,2,頭,
tateyama_capture_species,館山市 市内捕獲状況（H27–R7）,https://www.city.tateyama.chiba.jp/files/300368997.pdf,0,,7,館山市,,キョン,捕獲頭数,1,頭,
tateyama_capture_species,館山市 市内捕獲状況（H27–R7）,https://www.city.tateyama.chiba.jp/files/300368997.pdf,0,,8,館山市,,キョン,捕獲頭数,3,頭,
tateyama_capture_species,館山市 市内捕獲状況（H27–R7）,https://www.city.tateyama.chiba.jp/files/300368997.pdf,0,,9,館山市,,キョン,捕獲頭数,0,頭,
tateyama_capture_species,館山市 市内捕獲状況（H27–R7）,https://www.city.tateyama.chiba.jp/files/300368997.pdf,0,,10,館山市,,キョン,捕獲頭数,3,頭,
tateyama_capture_species,館山市 市内捕獲状況（H27–R7）,https://www.city.tateyama.chiba.jp/files/300368997.pdf,0,,11,館山市,,キョン,捕獲頭数,4,頭,
tateyama_capture_species,館山市 市内捕獲状況（H27–R7）,https://www.city.tateyama.chiba.jp/files/300368997.pdf,0,,12,館山市,,キョン,捕獲頭数,2,頭,
tateyama_capture_species,館山市 市内捕獲状況（H27–R7）,https://www.city.tateyama.chiba.jp/files/300368997.pdf,0,,1,館山市,,キョン,捕獲頭数,4,頭,
tateyama_capture_species,館山市 市内捕獲状況（H27–R7）,https://www.city.tateyama.chiba.jp/files/300368997.pdf,0,,2,館山市,,キョン,捕獲頭数,1,頭,
tateyama_capture_species,館山市 市内捕獲状況（H27–R7）,https://www.city.tateyama.chiba.jp/files/300368997.pdf,0,,3,館山市,,キョン,捕獲頭数,2,頭,
tateyama_capture_species,館山市 市内捕獲状況（H27–R7）,https://www.city.tateyama.chiba.jp/files/300368997.pdf,0,,4,館山市,,サル,捕獲頭数,0,頭,
tateyama_capture_species,館山市 市内捕獲状況（H27–R7）,https://www.city.tateyama.chiba.jp/files/300368997.pdf,0,,5,館山市,,サル,捕獲頭数,0,頭,
tateyama_capture_species,館山市 市内捕獲状況（H27–R7）,https://www.city.tateyama.chiba.jp/files/300368997.pdf,0,,6,館山市,,サル,捕獲頭数,0,頭,
tateyama_capture_species,館山市 市内捕獲状況（H27–R7）,https://www.city.tateyama.chiba.jp/files/300368997.pdf,0,,7,館山市,,サル,捕獲頭数,0,頭,
tateyama_capture_species,館山市 市内捕獲状況（H27–R7）,https://www.city.tateyama.chiba.jp/files/300368997.pdf,0,,8,館山市,,サル,捕獲頭数,0,頭,
tateyama_capture_species,館山市 市内捕獲状況（H27–R7）,https://www.city.tateyama.chiba.jp/files/300368997.pdf,0,,9,館山市,,サル,捕獲頭数,0,頭,
tateyama_capture_species,館山市 市内捕獲状況（H27–R7）,https://www.city.tateyama.chiba.jp/files/300368997.pdf,0,,10,館山市,,サル,捕獲頭数,0,頭,
tateyama_capture_species,館山市 市内捕獲状況（H27–R7）,https://www.city.tateyama.chiba.jp/files/300368997.pdf,0,,11,館山市,,サル,捕獲頭数,0,頭,
tateyama_capture_species,館山市 市内捕獲状況（H27–R7）,https://www.city.tateyama.chiba.jp/files/300368997.pdf,0,,12,館山市,,サル,捕獲頭数,0,頭,
tateyama_capture_species,館山市 市内捕獲状況（H27–R7）,https://www.city.tateyama.chiba.jp/files/300368997.pdf,0,,1,館山市,,サル,捕獲頭数,0,頭,
tateyama_capture_species,館山市 市内捕獲状況（H27–R7）,https://www.city.tateyama.chiba.jp/files/300368997.pdf,0,,2,館山市,,サル,捕獲頭数,2,頭,
tateyama_capture_species,館山市 市内捕獲状況（H27–R7）,https://www.city.tateyama.chiba.jp/files/300368997.pdf,0,,3,館山市,,サル,捕獲頭数,3,頭,
tateyama_capture_species,館山市 市内捕獲状況（H27–R7）,https://www.city.tateyama.chiba.jp/files/300368997.pdf,0,,4,館山市,,アライグマ,捕獲頭数,1,頭,
tateyama_capture_species,館山市 市内捕獲状況（H27–R7）,https://www.city.tateyama.chiba.jp/files/300368997.pdf,0,,5,館山市,,アライグマ,捕獲頭数,1,頭,
tateyama_capture_species,館山市 市内捕獲状況（H27–R7）,https://www.city.tateyama.chiba.jp/files/300368997.pdf,0,,6,館山市,,アライグマ,捕獲頭数,3,頭,
tateyama_capture_species,館山市 市内捕獲状況（H27–R7）,https://www.city.tateyama.chiba.jp/files/300368997.pdf,0,,7,館山市,,アライグマ,捕獲頭数,1,頭,
tateyama_capture_species,館山市 市内捕獲状況（H27–R7）,https://www.city.tateyama.chiba.jp/files/300368997.pdf,0,,8,館山市,,アライグマ,捕獲頭数,8,頭,
tateyama_capture_species,館山市 市内捕獲状況（H27–R7）,https://www.city.tateyama.chiba.jp/files/300368997.pdf,0,,9,館山市,,アライグマ,捕獲頭数,3,頭,
tateyama_capture_species,館山市 市内捕獲状況（H27–R7）,https://www.city.tateyama.chiba.jp/files/300368997.pdf,0,,10,館山市,,アライグマ,捕獲頭数,4,頭,
tateyama_capture_species,館山市 市内捕獲状況（H27–R7）,https://www.city.tateyama.chiba.jp/files/300368997.pdf,0,,11,館山市,,アライグマ,捕獲頭数,10,頭,
tateyama_capture_species,館山市 市内捕獲状況（H27–R7）,https://www.city.tateyama.chiba.jp/files/300368997.pdf,0,,12,館山市,,アライグマ,捕獲頭数,3,頭,
tateyama_capture_species,館山市 市内捕獲状況（H27–R7）,https://www.city.tateyama.chiba.jp/files/300368997.pdf,0,,1,館山市,,アライグマ,捕獲頭数,4,頭,
tateyama_capture_species,館山市 市内捕獲状況（H27–R7）,https://www.city.tateyama.chiba.jp/files/300368997.pdf,0,,2,館山市,,アライグマ,捕獲頭数,2,頭,
tateyama_capture_species,館山市 市内捕獲状況（H27–R7）,https://www.city.tateyama.chiba.jp/files/300368997.pdf,0,,3,館山市,,アライグマ,捕獲頭数,2,頭,
tateyama_capture_species,館山市 市内捕獲状況（H27–R7）,https://www.city.tateyama.chiba.jp/files/300368997.pdf,0,,4,館山市,,ハクビシン,捕獲頭数,16,頭,
tateyama_capture_species,館山市 市内捕獲状況（H27–R7）,https://www.city.tateyama.chiba.jp/files/300368997.pdf,0,,5,館山市,,ハクビシン,捕獲頭数,6,頭,
tateyama_capture_species,館山市 市内捕獲状況（H27–R7）,https://www.city.tateyama.chiba.jp/files/300368997.pdf,0,,6,館山市,,ハクビシン,捕獲頭数,5,頭,
tateyama_capture_species,館山市 市内捕獲状況（H27–R7）,https://www.city.tateyama.chiba.jp/files/300368997.pdf,0,,7,館山市,,ハクビシン,捕獲頭数,9,頭,
tateyama_capture_species,館山市 市内捕獲状況（H27–R7）,https://www.city.tateyama.chiba.jp/files/300368997.pdf,0,,8,館山市,,ハクビシン,捕獲頭数,3,頭,
tateyama_capture_species,館山市 市内捕獲状況（H27–R7）,https://www.city.tateyama.chiba.jp/files/300368997.pdf,0,,9,館山市,,ハクビシン,捕獲頭数,5,頭,
tateyama_capture_species,館山市 市内捕獲状況（H27–R7）,https://www.city.tateyama.chiba.jp/files/300368997.pdf,0,,10,館山市,,ハクビシン,捕獲頭数,2,頭,
tateyama_capture_species,館山市 市内捕獲状況（H27–R7）,https://www.city.tateyama.chiba.jp/files/300368997.pdf,0,,11,館山市,,ハクビシン,捕獲頭数,5,頭,
tateyama_capture_species,館山市 市内捕獲状況（H27–R7）,https://www.city.tateyama.chiba.jp/files/300368997.pdf,0,,12,館山市,,ハクビシン,捕獲頭数,12,頭,
tateyama_capture_species,館山市 市内捕獲状況（H27–R7）,https://www.city.tateyama.chiba.jp/files/300368997.pdf,0,,1,館山市,,ハクビシン,捕獲頭数,1,頭,
tateyama_capture_species,館山市 市内捕獲状況（H27–R7）,https://www.city.tateyama.chiba.jp/files/300368997.pdf,0,,2,館山市,,ハクビシン,捕獲頭数,7,頭,
tateyama_capture_species,館山市 市内捕獲状況（H27–R7）,https://www.city.tateyama.chiba.jp/files/300368997.pdf,0,,3,館山市,,ハクビシン,捕獲頭数,8,頭,
tateyama_capture_species,館山市 市内捕獲状況（H27–R7）,https://www.city.tateyama.chiba.jp/files/300368997.pdf,0,,4,館山市,,タヌキ,捕獲頭数,9,頭,
tateyama_capture_species,館山市 市内捕獲状況（H27–R7）,https://www.city.tateyama.chiba.jp/files/300368997.pdf,0,,5,館山市,,タヌキ,捕獲頭数,9,頭,
tateyama_capture_species,館山市 市内捕獲状況（H27–R7）,https://www.city.tateyama.chiba.jp/files/300368997.pdf,0,,6,館山市,,タヌキ,捕獲頭数,4,頭,
tateyama_capture_species,館山市 市内捕獲状況（H27–R7）,https://www.city.tateyama.chiba.jp/files/300368997.pdf,0,,7,館山市,,タヌキ,捕獲頭数,10,頭,
tateyama_capture_species,館山市 市内捕獲状況（H27–R7）,https://www.city.tateyama.chiba.jp/files/300368997.pdf,0,,8,館山市,,タヌキ,捕獲頭数,17,頭,
tateyama_capture_species,館山市 市内捕獲状況（H27–R7）,https://www.city.tateyama.chiba.jp/files/300368997.pdf,0,,9,館山市,,タヌキ,捕獲頭数,20,頭,
tateyama_capture_species,館山市 市内捕獲状況（H27–R7）,https://www.city.tateyama.chiba.jp/files/300368997.pdf,0,,10,館山市,,タヌキ,捕獲頭数,34,頭,
tateyama_capture_species,館山市 市内捕獲状況（H27–R7）,https://www.city.tateyama.chiba.jp/files/300368997.pdf,0,,11,館山市,,タヌキ,捕獲頭数,38,頭,
tateyama_capture_species,館山市 市内捕獲状況（H27–R7）,https://www.city.tateyama.chiba.jp/files/300368997.pdf,0,,12,館山市,,タヌキ,捕獲頭数,43,頭,
tateyama_capture_species,館山市 市内捕獲状況（H27–R7）,https://www.city.tateyama.chiba.jp/files/300368997.pdf,0,,1,館山市,,タヌキ,捕獲頭数,46,頭,
tateyama_capture_species,館山市 市内捕獲状況（H27–R7）,https://www.city.tateyama.chiba.jp/files/300368997.pdf,0,,2,館山市,,タヌキ,捕獲頭数,26,頭,
tateyama_capture_species,館山市 市内捕獲状況（H27–R7）,https://www.city.tateyama.chiba.jp/files/300368997.pdf,0,,3,館山市,,タヌキ,捕獲頭数,20,頭,
tateyama_capture_species,館山市 市内捕獲状況（H27–R7）,https://www.city.tateyama.chiba.jp/files/300368997.pdf,0,,4,館山市,,アナグマ,捕獲頭数,0,頭,
tateyama_capture_species,館山市 市内捕獲状況（H27–R7）,https://www.city.tateyama.chiba.jp/files/300368997.pdf,0,,5,館山市,,アナグマ,捕獲頭数,0,頭,
tateyama_capture_species,館山市 市内捕獲状況（H27–R7）,https://www.city.tateyama.chiba.jp/files/300368997.pdf,0,,6,館山市,,アナグマ,捕獲頭数,0,頭,
tateyama_capture_species,館山市 市内捕獲状況（H27–R7）,https://www.city.tateyama.chiba.jp/files/300368997.pdf,0,,7,館山市,,アナグマ,捕獲頭数,0,頭,
tateyama_capture_species,館山市 市内捕獲状況（H27–R7）,https://www.city.tateyama.chiba.jp/files/300368997.pdf,0,,8,館山市,,アナグマ,捕獲頭数,7,頭,
tateyama_capture_species,館山市 市内捕獲状況（H27–R7）,https://www.city.tateyama.chiba.jp/files/300368997.pdf,0,,9,館山市,,アナグマ,捕獲頭数,7,頭,
tateyama_capture_species,館山市 市内捕獲状況（H27–R7）,https://www.city.tateyama.chiba.jp/files/300368997.pdf,0,,10,館山市,,アナグマ,捕獲頭数,0,頭,
tateyama_capture_species,館山市 市内捕獲状況（H27–R7）,https://www.city.tateyama.chiba.jp/files/300368997.pdf,0,,11,館山市,,アナグマ,捕獲頭数,0,頭,
tateyama_capture_species,館山市 市内捕獲状況（H27–R7）,https://www.city.tateyama.chiba.jp/files/300368997.pdf,0,,12,館山市,,アナグマ,捕獲頭数,0,頭,
tateyama_capture_species,館山市 市内捕獲状況（H27–R7）,https://www.city.tateyama.chiba.jp/files/300368997.pdf,0,,1,館山市,,アナグマ,捕獲頭数,0,頭,
tateyama_capture_species,館山市 市内捕獲状況（H27–R7）,https://www.city.tateyama.chiba.jp/files/300368997.pdf,0,,2,館山市,,アナグマ,捕獲頭数,0,頭,
tateyama_capture_species,館山市 市内捕獲状況（H27–R7）,https://www.city.tateyama.chiba.jp/files/300368997.pdf,0,,3,館山市,,アナグマ,捕獲頭数,0,頭,
tateyama_capture_species,館山市 市内捕獲状況（H27–R7）,https://www.city.tateyama.chiba.jp/files/300368997.pdf,0,,4,館山市,,ノウサギ,捕獲頭数,0,頭,
tateyama_capture_species,館山市 市内捕獲状況（H27–R7）,https://www.city.tateyama.chiba.jp/files/300368997.pdf,0,,5,館山市,,ノウサギ,捕獲頭数,2,頭,
tateyama_capture_species,館山市 市内捕獲状況（H27–R7）,https://www.city.tateyama.chiba.jp/files/300368997.pdf,0,,6,館山市,,ノウサギ,捕獲頭数,0,頭,
tateyama_capture_species,館山市 市内捕獲状況（H27–R7）,https://www.city.tateyama.chiba.jp/files/300368997.pdf,0,,7,館山市,,ノウサギ,捕獲頭数,0,頭,
tateyama_capture_species,館山市 市内捕獲状況（H27–R7）,https://www.city.tateyama.chiba.jp/files/300368997.pdf,0,,8,館山市,,ノウサギ,捕獲頭数,0,頭,
tateyama_capture_species,館山市 市内捕獲状況（H27–R7）,https://www.city.tateyama.chiba.jp/files/300368997.pdf,0,,9,館山市,,ノウサギ,捕獲頭数,0,頭,
tateyama_capture_species,館山市 市内捕獲状況（H27–R7）,https://www.city.tateyama.chiba.jp/files/300368997.pdf,0,,10,館山市,,ノウサギ,捕獲頭数,2,頭,
tateyama_capture_species,館山市 市内捕獲状況（H27–R7）,https://www.city.tateyama.chiba.jp/files/300368997.pdf,0,,11,館山市,,ノウサギ,捕獲頭数,1,頭,
tateyama_capture_species,館山市 市内捕獲状況（H27–R7）,https://www.city.tateyama.chiba.jp/files/300368997.pdf,0,,12,館山市,,ノウサギ,捕獲頭数,1,頭,
tateyama_capture_species,館山市 市内捕獲状況（H27–R7）,https://www.city.tateyama.chiba.jp/files/300368997.pdf,0,,1,館山市,,ノウサギ,捕獲頭数,1,頭,
tateyama_capture_species,館山市 市内捕獲状況（H27–R7）,https://www.city.tateyama.chiba.jp/files/300368997.pdf,0,,2,館山市,,ノウサギ,捕獲頭数,1,頭,
tateyama_capture_species,館山市 市内捕獲状況（H27–R7）,https://www.city.tateyama.chiba.jp/files/300368997.pdf,0,,3,館山市,,ノウサギ,捕獲頭数,0,頭,
tateyama_capture_species,館山市 市内捕獲状況（H27–R7）,https://www.city.tateyama.chiba.jp/files/300368997.pdf,1,,4,館山市,,イノシシ,捕獲頭数,84,頭,
tateyama_capture_species,館山市 市内捕獲状況（H27–R7）,https://www.city.tateyama.chiba.jp/files/300368997.pdf,1,,5,館山市,,イノシシ,捕獲頭数,62,頭,
tateyama_capture_species,館山市 市内捕獲状況（H27–R7）,https://www.city.tateyama.chiba.jp/files/300368997.pdf,1,,6,館山市,,イノシシ,捕獲頭数,44,頭,
tateyama_capture_species,館山市 市内捕獲状況（H27–R7）,https://www.city.tateyama.chiba.jp/files/300368997.pdf,1,,7,館山市,,イノシシ,捕獲頭数,63,頭,
tateyama_capture_species,館山市 市内捕獲状況（H27–R7）,https://www.city.tateyama.chiba.jp/files/300368997.pdf,1,,8,館山市,,イノシシ,捕獲頭数,162,頭,
tateyama_capture_species,館山市 市内捕獲状況（H27–R7）,https://www.city.tateyama.chiba.jp/files/300368997.pdf,1,,9,館山市,,イノシシ,捕獲頭数,50,頭,
tateyama_capture_species,館山市 市内捕獲状況（H27–R7）,https://www.city.tateyama.chiba.jp/files/300368997.pdf,1,,10,館山市,,イノシシ,捕獲頭数,41,頭,
tateyama_capture_species,館山市 市内捕獲状況（H27–R7）,https://www.city.tateyama.chiba.jp/files/300368997.pdf,1,,11,館山市,,イノシシ,捕獲頭数,63,頭,
tateyama_capture_species,館山市 市内捕獲状況（H27–R7）,https://www.city.tateyama.chiba.jp/files/300368997.pdf,1,,12,館山市,,イノシシ,捕獲頭数,92,頭,
tateyama_capture_species,館山市 市内捕獲状況（H27–R7）,https://www.city.tateyama.chiba.jp/files/300368997.pdf,1,,1,館山市,,イノシシ,捕獲頭数,86,頭,
tateyama_capture_species,館山市 市内捕獲状況（H27–R7）,https://www.city.tateyama.chiba.jp/files/300368997.pdf,1,,2,館山市,,イノシシ,捕獲頭数,80,頭,
tateyama_capture_species,館山市 市内捕獲状況（H27–R7）,https://www.city.tateyama.chiba.jp/files/300368997.pdf,1,,3,館山市,,イノシシ,捕獲頭数,72,頭,
tateyama_capture_species,館山市 市内捕獲状況（H27–R7）,https://www.city.tateyama.chiba.jp/files/300368997.pdf,1,,4,館山市,,イノシシ幼獣,捕獲頭数,7,頭,
tateyama_capture_species,館山市 市内捕獲状況（H27–R7）,https://www.city.tateyama.chiba.jp/files/300368997.pdf,1,,5,館山市,,イノシシ幼獣,捕獲頭数,6,頭,
tateyama_capture_species,館山市 市内捕獲状況（H27–R7）,https://www.city.tateyama.chiba.jp/files/300368997.pdf,1,,6,館山市,,イノシシ幼獣,捕獲頭数,2,頭,
tateyama_capture_species,館山市 市内捕獲状況（H27–R7）,https://www.city.tateyama.chiba.jp/files/300368997.pdf,1,,7,館山市,,イノシシ幼獣,捕獲頭数,15,頭,
tateyama_capture_species,館山市 市内捕獲状況（H27–R7）,https://www.city.tateyama.chiba.jp/files/300368997.pdf,1,,8,館山市,,イノシシ幼獣,捕獲頭数,67,頭,
tateyama_capture_species,館山市 市内捕獲状況（H27–R7）,https://www.city.tateyama.chiba.jp/files/300368997.pdf,1,,9,館山市,,イノシシ幼獣,捕獲頭数,9,頭,
tateyama_capture_species,館山市 市内捕獲状況（H27–R7）,https://www.city.tateyama.chiba.jp/files/300368997.pdf,1,,10,館山市,,イノシシ幼獣,捕獲頭数,1,頭,
tateyama_capture_species,館山市 市内捕獲状況（H27–R7）,https://www.city.tateyama.chiba.jp/files/300368997.pdf,1,,11,館山市,,イノシシ幼獣,捕獲頭数,0,頭,
tateyama_capture_species,館山市 市内捕獲状況（H27–R7）,https://www.city.tateyama.chiba.jp/files/300368997.pdf,1,,12,館山市,,イノシシ幼獣,捕獲頭数,0,頭,
tateyama_capture_species,館山市 市内捕獲状況（H27–R7）,https://www.city.tateyama.chiba.jp/files/300368997.pdf,1,,1,館山市,,イノシシ幼獣,捕獲頭数,3,頭,
tateyama_capture_species,館山市 市内捕獲状況（H27–R7）,https://www.city.tateyama.chiba.jp/files/300368997.pdf,1,,2,館山市,,イノシシ幼獣,捕獲頭数,5,頭,
tateyama_capture_species,館山市 市内捕獲状況（H27–R7）,https://www.city.tateyama.chiba.jp/files/300368997.pdf,1,,3,館山市,,イノシシ幼獣,捕獲頭数,1,頭,
tateyama_capture_species,館山市 市内捕獲状況（H27–R7）,https://www.city.tateyama.chiba.jp/files/300368997.pdf,1,,4,館山市,,シカ,捕獲頭数,4,頭,
tateyama_capture_species,館山市 市内捕獲状況（H27–R7）,https://www.city.tateyama.chiba.jp/files/300368997.pdf,1,,5,館山市,,シカ,捕獲頭数,1,頭,
tateyama_capture_species,館山市 市内捕獲状況（H27–R7）,https://www.city.tateyama.chiba.jp/files/300368997.pdf,1,,6,館山市,,シカ,捕獲頭数,0,頭,
tateyama_capture_species,館山市 市内捕獲状況（H27–R7）,https://www.city.tateyama.chiba.jp/files/300368997.pdf,1,,7,館山市,,シカ,捕獲頭数,1,頭,
tateyama_capture_species,館山市 市内捕獲状況（H27–R7）,https://www.city.tateyama.chiba.jp/files/300368997.pdf,1,,8,館山市,,シカ,捕獲頭数,0,頭,
tateyama_capture_species,館山市 市内捕獲状況（H27–R7）,https://www.city.tateyama.chiba.jp/files/300368997.pdf,1,,9,館山市,,シカ,捕獲頭数,1,頭,
tateyama_capture_species,館山市 市内捕獲状況（H27–R7）,https://www.city.tateyama.chiba.jp/files/300368997.pdf,1,,10,館山市,,シカ,捕獲頭数,0,頭,
tateyama_capture_species,館山市 市内捕獲状況（H27–R7）,https://www.city.tateyama.chiba.jp/files/300368997.pdf,1,,11,館山市,,シカ,捕獲頭数,2,頭,
tateyama_capture_species,館山市 市内捕獲状況（H27–R7）,https://www.city.tateyama.chiba.jp/files/300368997.pdf,1,,12,館山市,,シカ,捕獲頭数,1,頭,
tateyama_capture_species,館山市 市内捕獲状況（H27–R7）,https://www.city.tateyama.chiba.jp/files/300368997.pdf,1,,1,館山市,,シカ,捕獲頭数,0,頭,
tateyama_capture_species,館山市 市内捕獲状況（H27–R7）,https://www.city.tateyama.chiba.jp/files/300368997.pdf,1,,2,館山市,,シカ,捕獲頭数,0,頭,
tateyama_capture_species,館山市 市内捕獲状況（H27–R7）,https://www.city.tateyama.chiba.jp/files/300368997.pdf,1,,3,館山市,,シカ,捕獲頭数,4,頭,
tateyama_capture_species,館山市 市内捕獲状況（H27–R7）,https://www.city.tateyama.chiba.jp/files/300368997.pdf,1,,4,館山市,,キョン,捕獲頭数,4,頭,
tateyama_capture_species,館山市 市内捕獲状況（H27–R7）,https://www.city.tateyama.chiba.jp/files/300368997.pdf,1,,5,館山市,,キョン,捕獲頭数,6,頭,
tateyama_capture_species,館山市 市内捕獲状況（H27–R7）,https://www.city.tateyama.chiba.jp/files/300368997.pdf,1,,6,館山市,,キョン,捕獲頭数,1,頭,
tateyama_capture_species,館山市 市内捕獲状況（H27–R7）,https://www.city.tateyama.chiba.jp/files/300368997.pdf,1,,7,館山市,,キョン,捕獲頭数,4,頭,
tateyama_capture_species,館山市 市内捕獲状況（H27–R7）,https://www.city.tateyama.chiba.jp/files/300368997.pdf,1,,8,館山市,,キョン,捕獲頭数,5,頭,
tateyama_capture_species,館山市 市内捕獲状況（H27–R7）,https://www.city.tateyama.chiba.jp/files/300368997.pdf,1,,9,館山市,,キョン,捕獲頭数,1,頭,
tateyama_capture_species,館山市 市内捕獲状況（H27–R7）,https://www.city.tateyama.chiba.jp/files/300368997.pdf,1,,10,館山市,,キョン,捕獲頭数,4,頭,
tateyama_capture_species,館山市 市内捕獲状況（H27–R7）,https://www.city.tateyama.chiba.jp/files/300368997.pdf,1,,11,館山市,,キョン,捕獲頭数,5,頭,
tateyama_capture_species,館山市 市内捕獲状況（H27–R7）,https://www.city.tateyama.chiba.jp/files/300368997.pdf,1,,12,館山市,,キョン,捕獲頭数,7,頭,
tateyama_capture_species,館山市 市内捕獲状況（H27–R7）,https://www.city.tateyama.chiba.jp/files/300368997.pdf,1,,1,館山市,,キョン,捕獲頭数,8,頭,
tateyama_capture_species,館山市 市内捕獲状況（H27–R7）,https://www.city.tateyama.chiba.jp/files/300368997.pdf,1,,2,館山市,,キョン,捕獲頭数,2,頭,
tateyama_capture_species,館山市 市内捕獲状況（H27–R7）,https://www.city.tateyama.chiba.jp/files/300368997.pdf,1,,3,館山市,,キョン,捕獲頭数,4,頭,
tateyama_capture_species,館山市 市内捕獲状況（H27–R7）,https://www.city.tateyama.chiba.jp/files/300368997.pdf,1,,4,館山市,,サル,捕獲頭数,0,頭,
tateyama_capture_species,館山市 市内捕獲状況（H27–R7）,https://www.city.tateyama.chiba.jp/files/300368997.pdf,1,,5,館山市,,サル,捕獲頭数,0,頭,
tateyama_capture_species,館山市 市内捕獲状況（H27–R7）,https://www.city.tateyama.chiba.jp/files/300368997.pdf,1,,6,館山市,,サル,捕獲頭数,0,頭,
tateyama_capture_species,館山市 市内捕獲状況（H27–R7）,https://www.city.tateyama.chiba.jp/files/300368997.pdf,1,,7,館山市,,サル,捕獲頭数,0,頭,
tateyama_capture_species,館山市 市内捕獲状況（H27–R7）,https://www.city.tateyama.chiba.jp/files/300368997.pdf,1,,8,館山市,,サル,捕獲頭数,1,頭,
tateyama_capture_species,館山市 市内捕獲状況（H27–R7）,https://www.city.tateyama.chiba.jp/files/300368997.pdf,1,,9,館山市,,サル,捕獲頭数,0,頭,
tateyama_capture_species,館山市 市内捕獲状況（H27–R7）,https://www.city.tateyama.chiba.jp/files/300368997.pdf,1,,10,館山市,,サル,捕獲頭数,0,頭,
tateyama_capture_species,館山市 市内捕獲状況（H27–R7）,https://www.city.tateyama.chiba.jp/files/300368997.pdf,1,,11,館山市,,サル,捕獲頭数,0,頭,
tateyama_capture_species,館山市 市内捕獲状況（H27–R7）,https://www.city.tateyama.chiba.jp/files/300368997.pdf,1,,12,館山市,,サル,捕獲頭数,0,頭,
tateyama_capture_species,館山市 市内捕獲状況（H27–R7）,https://www.city.tateyama.chiba.jp/files/300368997.pdf,1,,1,館山市,,サル,捕獲頭数,1,頭,
tateyama_capture_species,館山市 市内捕獲状況（H27–R7）,https://www.city.tateyama.chiba.jp/files/300368997.pdf,1,,2,館山市,,サル,捕獲頭数,0,頭,
tateyama_capture_species,館山市 市内捕獲状況（H27–R7）,https://www.city.tateyama.chiba.jp/files/300368997.pdf,1,,3,館山市,,サル,捕獲頭数,0,頭,
tateyama_capture_species,館山市 市内捕獲状況（H27–R7）,https://www.city.tateyama.chiba.jp/files/300368997.pdf,1,,4,館山市,,アライグマ,捕獲頭数,2,頭,
tateyama_capture_species,館山市 市内捕獲状況（H27–R7）,https://www.city.tateyama.chiba.jp/files/300368997.pdf,1,,5,館山市,,アライグマ,捕獲頭数,1,頭,
tateyama_capture_species,館山市 市内捕獲状況（H27–R7）,https://www.city.tateyama.chiba.jp/files/300368997.pdf,1,,6,館山市,,アライグマ,捕獲頭数,1,頭,
tateyama_capture_species,館山市 市内捕獲状況（H27–R7）,https://www.city.tateyama.chiba.jp/files/300368997.pdf,1,,7,館山市,,アライグマ,捕獲頭数,2,頭,
tateyama_capture_species,館山市 市内捕獲状況（H27–R7）,https://www.city.tateyama.chiba.jp/files/300368997.pdf,1,,8,館山市,,アライグマ,捕獲頭数,6,頭,
tateyama_capture_species,館山市 市内捕獲状況（H27–R7）,https://www.city.tateyama.chiba.jp/files/300368997.pdf,1,,9,館山市,,アライグマ,捕獲頭数,2,頭,
tateyama_capture_species,館山市 市内捕獲状況（H27–R7）,https://www.city.tateyama.chiba.jp/files/300368997.pdf,1,,10,館山市,,アライグマ,捕獲頭数,2,頭,
tateyama_capture_species,館山市 市内捕獲状況（H27–R7）,https://www.city.tateyama.chiba.jp/files/300368997.pdf,1,,11,館山市,,アライグマ,捕獲頭数,12,頭,
tateyama_capture_species,館山市 市内捕獲状況（H27–R7）,https://www.city.tateyama.chiba.jp/files/300368997.pdf,1,,12,館山市,,アライグマ,捕獲頭数,9,頭,
tateyama_capture_species,館山市 市内捕獲状況（H27–R7）,https://www.city.tateyama.chiba.jp/files/300368997.pdf,1,,1,館山市,,アライグマ,捕獲頭数,3,頭,
tateyama_capture_species,館山市 市内捕獲状況（H27–R7）,https://www.city.tateyama.chiba.jp/files/300368997.pdf,1,,2,館山市,,アライグマ,捕獲頭数,2,頭,
tateyama_capture_species,館山市 市内捕獲状況（H27–R7）,https://www.city.tateyama.chiba.jp/files/300368997.pdf,1,,3,館山市,,アライグマ,捕獲頭数,8,頭,
tateyama_capture_species,館山市 市内捕獲状況（H27–R7）,https://www.city.tateyama.chiba.jp/files/300368997.pdf,1,,4,館山市,,ハクビシン,捕獲頭数,10,頭,
tateyama_capture_species,館山市 市内捕獲状況（H27–R7）,https://www.city.tateyama.chiba.jp/files/300368997.pdf,1,,5,館山市,,ハクビシン,捕獲頭数,8,頭,
tateyama_capture_species,館山市 市内捕獲状況（H27–R7）,https://www.city.tateyama.chiba.jp/files/300368997.pdf,1,,6,館山市,,ハクビシン,捕獲頭数,4,頭,
tateyama_capture_species,館山市 市内捕獲状況（H27–R7）,https://www.city.tateyama.chiba.jp/files/300368997.pdf,1,,7,館山市,,ハクビシン,捕獲頭数,11,頭,
tateyama_capture_species,館山市 市内捕獲状況（H27–R7）,https://www.city.tateyama.chiba.jp/files/300368997.pdf,1,,8,館山市,,ハクビシン,捕獲頭数,5,頭,
tateyama_capture_species,館山市 市内捕獲状況（H27–R7）,https://www.city.tateyama.chiba.jp/files/300368997.pdf,1,,9,館山市,,ハクビシン,捕獲頭数,2,頭,
tateyama_capture_species,館山市 市内捕獲状況（H27–R7）,https://www.city.tateyama.chiba.jp/files/300368997.pdf,1,,10,館山市,,ハクビシン,捕獲頭数,4,頭,
tateyama_capture_species,館山市 市内捕獲状況（H27–R7）,https://www.city.tateyama.chiba.jp/files/300368997.pdf,1,,11,館山市,,ハクビシン,捕獲頭数,6,頭,
tateyama_capture_species,館山市 市内捕獲状況（H27–R7）,https://www.city.tateyama.chiba.jp/files/300368997.pdf,1,,12,館山市,,ハクビシン,捕獲頭数,5,頭,
tateyama_capture_species,館山市 市内捕獲状況（H27–R7）,https://www.city.tateyama.chiba.jp/files/300368997.pdf,1,,1,館山市,,ハクビシン,捕獲頭数,4,頭,
tateyama_capture_species,館山市 市内捕獲状況（H27–R7）,https://www.city.tateyama.chiba.jp/files/300368997.pdf,1,,2,館山市,,ハクビシン,捕獲頭数,0,頭,
tateyama_capture_species,館山市 市内捕獲状況（H27–R7）,https://www.city.tateyama.chiba.jp/files/300368997.pdf,1,,3,館山市,,ハクビシン,捕獲頭数,3,頭,
tateyama_capture_species,館山市 市内捕獲状況（H27–R7）,https://www.city.tateyama.chiba.jp/files/300368997.pdf,1,,4,館山市,,タヌキ,捕獲頭数,19,頭,
tateyama_capture_species,館山市 市内捕獲状況（H27–R7）,https://www.city.tateyama.chiba.jp/files/300368997.pdf,1,,5,館山市,,タヌキ,捕獲頭数,18,頭,
tateyama_capture_species,館山市 市内捕獲状況（H27–R7）,https://www.city.tateyama.chiba.jp/files/300368997.pdf,1,,6,館山市,,タヌキ,捕獲頭数,8,頭,
tateyama_capture_species,館山市 市内捕獲状況（H27–R7）,https://www.city.tateyama.chiba.jp/files/300368997.pdf,1,,7,館山市,,タヌキ,捕獲頭数,15,頭,
tateyama_capture_species,館山市 市内捕獲状況（H27–R7）,https://www.city.tateyama.chiba.jp/files/300368997.pdf,1,,8,館山市,,タヌキ,捕獲頭数,22,頭,
tateyama_capture_species,館山市 市内捕獲状況（H27–R7）,https://www.city.tateyama.chiba.jp/files/300368997.pdf,1,,9,館山市,,タヌキ,捕獲頭数,18,頭,
tateyama_capture_species,館山市 市内捕獲状況（H27–R7）,https://www.city.tateyama.chiba.jp/files/300368997.pdf,1,,10,館山市,,タヌキ,捕獲頭数,24,頭,
tateyama_capture_species,館山市 市内捕獲状況（H27–R7）,https://www.city.tateyama.chiba.jp/files/300368997.pdf,1,,11,館山市,,タヌキ,捕獲頭数,33,頭,
tateyama_capture_species,館山市 市内捕獲状況（H27–R7）,https://www.city.tateyama.chiba.jp/files/300368997.pdf,1,,12,館山市,,タヌキ,捕獲頭数,24,頭,
tateyama_capture_species,館山市 市内捕獲状況（H27–R7）,https://www.city.tateyama.chiba.jp/files/300368997.pdf,1,,1,館山市,,タヌキ,捕獲頭数,37,頭,
tateyama_capture_species,館山市 市内捕獲状況（H27–R7）,https://www.city.tateyama.chiba.jp/files/300368997.pdf,1,,2,館山市,,タヌキ,捕獲頭数,17,頭,
tateyama_capture_species,館山市 市内捕獲状況（H27–R7）,https://www.city.tateyama.chiba.jp/files/300368997.pdf,1,,3,館山市,,タヌキ,捕獲頭数,40,頭,
tateyama_capture_species,館山市 市内捕獲状況（H27–R7）,https://www.city.tateyama.chiba.jp/files/300368997.pdf,1,,4,館山市,,アナグマ,捕獲頭数,0,頭,
tateyama_capture_species,館山市 市内捕獲状況（H27–R7）,https://www.city.tateyama.chiba.jp/files/300368997.pdf,1,,5,館山市,,アナグマ,捕獲頭数,0,頭,
tateyama_capture_species,館山市 市内捕獲状況（H27–R7）,https://www.city.tateyama.chiba.jp/files/300368997.pdf,1,,6,館山市,,アナグマ,捕獲頭数,0,頭,
tateyama_capture_species,館山市 市内捕獲状況（H27–R7）,https://www.city.tateyama.chiba.jp/files/300368997.pdf,1,,7,館山市,,アナグマ,捕獲頭数,4,頭,
tateyama_capture_species,館山市 市内捕獲状況（H27–R7）,https://www.city.tateyama.chiba.jp/files/300368997.pdf,1,,8,館山市,,アナグマ,捕獲頭数,10,頭,
tateyama_capture_species,館山市 市内捕獲状況（H27–R7）,https://www.city.tateyama.chiba.jp/files/300368997.pdf,1,,9,館山市,,アナグマ,捕獲頭数,0,頭,
tateyama_capture_species,館山市 市内捕獲状況（H27–R7）,https://www.city.tateyama.chiba.jp/files/300368997.pdf,1,,10,館山市,,アナグマ,捕獲頭数,0,頭,
tateyama_capture_species,館山市 市内捕獲状況（H27–R7）,https://www.city.tateyama.chiba.jp/files/300368997.pdf,1,,11,館山市,,アナグマ,捕獲頭数,0,頭,
tateyama_capture_species,館山市 市内捕獲状況（H27–R7）,https://www.city.tateyama.chiba.jp/files/300368997.pdf,1,,12,館山市,,アナグマ,捕獲頭数,0,頭,
tateyama_capture_species,館山市 市内捕獲状況（H27–R7）,https://www.city.tateyama.chiba.jp/files/300368997.pdf,1,,1,館山市,,アナグマ,捕獲頭数,0,頭,
tateyama_capture_species,館山市 市内捕獲状況（H27–R7）,https://www.city.tateyama.chiba.jp/files/300368997.pdf,1,,2,館山市,,アナグマ,捕獲頭数,0,頭,
tateyama_capture_species,館山市 市内捕獲状況（H27–R7）,https://www.city.tateyama.chiba.jp/files/300368997.pdf,1,,3,館山市,,アナグマ,捕獲頭数,0,頭,
tateyama_capture_species,館山市 市内捕獲状況（H27–R7）,https://www.city.tateyama.chiba.jp/files/300368997.pdf,1,,4,館山市,,ノウサギ,捕獲頭数,2,頭,
tateyama_capture_species,館山市 市内捕獲状況（H27–R7）,https://www.city.tateyama.chiba.jp/files/300368997.pdf,1,,5,館山市,,ノウサギ,捕獲頭数,1,頭,
tateyama_capture_species,館山市 市内捕獲状況（H27–R7）,https://www.city.tateyama.chiba.jp/files/300368997.pdf,1,,6,館山市,,ノウサギ,捕獲頭数,0,頭,
tateyama_capture_species,館山市 市内捕獲状況（H27–R7）,https://www.city.tateyama.chiba.jp/files/300368997.pdf,1,,7,館山市,,ノウサギ,捕獲頭数,1,頭,
tateyama_capture_species,館山市 市内捕獲状況（H27–R7）,https://www.city.tateyama.chiba.jp/files/300368997.pdf,1,,8,館山市,,ノウサギ,捕獲頭数,0,頭,
tateyama_capture_species,館山市 市内捕獲状況（H27–R7）,https://www.city.tateyama.chiba.jp/files/300368997.pdf,1,,9,館山市,,ノウサギ,捕獲頭数,1,頭,
tateyama_capture_species,館山市 市内捕獲状況（H27–R7）,https://www.city.tateyama.chiba.jp/files/300368997.pdf,1,,10,館山市,,ノウサギ,捕獲頭数,0,頭,
tateyama_capture_species,館山市 市内捕獲状況（H27–R7）,https://www.city.tateyama.chiba.jp/files/300368997.pdf,1,,11,館山市,,ノウサギ,捕獲頭数,1,頭,
tateyama_capture_species,館山市 市内捕獲状況（H27–R7）,https://www.city.tateyama.chiba.jp/files/300368997.pdf,1,,12,館山市,,ノウサギ,捕獲頭数,0,頭,
tateyama_capture_species,館山市 市内捕獲状況（H27–R7）,https://www.city.tateyama.chiba.jp/files/300368997.pdf,1,,1,館山市,,ノウサギ,捕獲頭数,2,頭,
tateyama_capture_species,館山市 市内捕獲状況（H27–R7）,https://www.city.tateyama.chiba.jp/files/300368997.pdf,1,,2,館山市,,ノウサギ,捕獲頭数,1,頭,
tateyama_capture_species,館山市 市内捕獲状況（H27–R7）,https://www.city.tateyama.chiba.jp/files/300368997.pdf,1,,3,館山市,,ノウサギ,捕獲頭数,1,頭,
tateyama_capture_species,館山市 市内捕獲状況（H27–R7）,https://www.city.tateyama.chiba.jp/files/300368997.pdf,2,,4,館山市,,イノシシ,捕獲頭数,70,頭,
tateyama_capture_species,館山市 市内捕獲状況（H27–R7）,https://www.city.tateyama.chiba.jp/files/300368997.pdf,2,,5,館山市,,イノシシ,捕獲頭数,116,頭,
tateyama_capture_species,館山市 市内捕獲状況（H27–R7）,https://www.city.tateyama.chiba.jp/files/300368997.pdf,2,,6,館山市,,イノシシ,捕獲頭数,118,頭,
tateyama_capture_species,館山市 市内捕獲状況（H27–R7）,https://www.city.tateyama.chiba.jp/files/300368997.pdf,2,,7,館山市,,イノシシ,捕獲頭数,202,頭,
tateyama_capture_species,館山市 市内捕獲状況（H27–R7）,https://www.city.tateyama.chiba.jp/files/300368997.pdf,2,,8,館山市,,イノシシ,捕獲頭数,296,頭,
tateyama_capture_species,館山市 市内捕獲状況（H27–R7）,https://www.city.tateyama.chiba.jp/files/300368997.pdf,2,,9,館山市,,イノシシ,捕獲頭数,309,頭,
tateyama_capture_species,館山市 市内捕獲状況（H27–R7）,https://www.city.tateyama.chiba.jp/files/300368997.pdf,2,,10,館山市,,イノシシ,捕獲頭数,443,頭,
tateyama_capture_species,館山市 市内捕獲状況（H27–R7）,https://www.city.tateyama.chiba.jp/files/300368997.pdf,2,,11,館山市,,イノシシ,捕獲頭数,310,頭,
tateyama_capture_species,館山市 市内捕獲状況（H27–R7）,https://www.city.tateyama.chiba.jp/files/300368997.pdf,2,,12,館山市,,イノシシ,捕獲頭数,220,頭,
tateyama_capture_species,館山市 市内捕獲状況（H27–R7）,https://www.city.tateyama.chiba.jp/files/300368997.pdf,2,,1,館山市,,イノシシ,捕獲頭数,108,頭,
tateyama_capture_species,館山市 市内捕獲状況（H27–R7）,https://www.city.tateyama.chiba.jp/files/300368997.pdf,2,,2,館山市,,イノシシ,捕獲頭数,104,頭,
tateyama_capture_species,館山市 市内捕獲状況（H27–R7）,https://www.city.tateyama.chiba.jp/files/300368997.pdf,2,,3,館山市,,イノシシ,捕獲頭数,61,頭,
tateyama_capture_species,館山市 市内捕獲状況（H27–R7）,https://www.city.tateyama.chiba.jp/files/300368997.pdf,2,,4,館山市,,イノシシ幼獣,捕獲頭数,2,頭,
tateyama_capture_species,館山市 市内捕獲状況（H27–R7）,https://www.city.tateyama.chiba.jp/files/300368997.pdf,2,,5,館山市,,イノシシ幼獣,捕獲頭数,19,頭,
tateyama_capture_species,館山市 市内捕獲状況（H27–R7）,https://www.city.tateyama.chiba.jp/files/300368997.pdf,2,,6,館山市,,イノシシ幼獣,捕獲頭数,32,頭,
tateyama_capture_species,館山市 市内捕獲状況（H27–R7）,https://www.city.tateyama.chiba.jp/files/300368997.pdf,2,,7,館山市,,イノシシ幼獣,捕獲頭数,93,頭,
tateyama_capture_species,館山市 市内捕獲状況（H27–R7）,https://www.city.tateyama.chiba.jp/files/300368997.pdf,2,,8,館山市,,イノシシ幼獣,捕獲頭数,102,頭,
tateyama_capture_species,館山市 市内捕獲状況（H27–R7）,https://www.city.tateyama.chiba.jp/files/300368997.pdf,2,,9,館山市,,イノシシ幼獣,捕獲頭数,23,頭,
tateyama_capture_species,館山市 市内捕獲状況（H27–R7）,https://www.city.tateyama.chiba.jp/files/300368997.pdf,2,,10,館山市,,イノシシ幼獣,捕獲頭数,12,頭,
tateyama_capture_species,館山市 市内捕獲状況（H27–R7）,https://www.city.tateyama.chiba.jp/files/300368997.pdf,2,,11,館山市,,イノシシ幼獣,捕獲頭数,4,頭,
tateyama_capture_species,館山市 市内捕獲状況（H27–R7）,https://www.city.tateyama.chiba.jp/files/300368997.pdf,2,,12,館山市,,イノシシ幼獣,捕獲頭数,1,頭,
tateyama_capture_species,館山市 市内捕獲状況（H27–R7）,https://www.city.tateyama.chiba.jp/files/300368997.pdf,2,,1,館山市,,イノシシ幼獣,捕獲頭数,0,頭,
tateyama_capture_species,館山市 市内捕獲状況（H27–R7）,https://www.city.tateyama.chiba.jp/files/300368997.pdf,2,,2,館山市,,イノシシ幼獣,捕獲頭数,0,頭,
tateyama_capture_species,館山市 市内捕獲状況（H27–R7）,https://www.city.tateyama.chiba.jp/files/300368997.pdf,2,,3,館山市,,イノシシ幼獣,捕獲頭数,0,頭,
tateyama_capture_species,館山市 市内捕獲状況（H27–R7）,https://www.city.tateyama.chiba.jp/files/300368997.pdf,2,,4,館山市,,シカ,捕獲頭数,2,頭,
tateyama_capture_species,館山市 市内捕獲状況（H27–R7）,https://www.city.tateyama.chiba.jp/files/300368997.pdf,2,,5,館山市,,シカ,捕獲頭数,3,頭,
tateyama_capture_species,館山市 市内捕獲状況（H27–R7）,https://www.city.tateyama.chiba.jp/files/300368997.pdf,2,,6,館山市,,シカ,捕獲頭数,1,頭,
tateyama_capture_species,館山市 市内捕獲状況（H27–R7）,https://www.city.tateyama.chiba.jp/files/300368997.pdf,2,,7,館山市,,シカ,捕獲頭数,0,頭,
tateyama_capture_species,館山市 市内捕獲状況（H27–R7）,https://www.city.tateyama.chiba.jp/files/300368997.pdf,2,,8,館山市,,シカ,捕獲頭数,0,頭,
tateyama_capture_species,館山市 市内捕獲状況（H27–R7）,https://www.city.tateyama.chiba.jp/files/300368997.pdf,2,,9,館山市,,シカ,捕獲頭数,0,頭,
tateyama_capture_species,館山市 市内捕獲状況（H27–R7）,https://www.city.tateyama.chiba.jp/files/300368997.pdf,2,,10,館山市,,シカ,捕獲頭数,3,頭,
tateyama_capture_species,館山市 市内捕獲状況（H27–R7）,https://www.city.tateyama.chiba.jp/files/300368997.pdf,2,,11,館山市,,シカ,捕獲頭数,1,頭,
tateyama_capture_species,館山市 市内捕獲状況（H27–R7）,https://www.city.tateyama.chiba.jp/files/300368997.pdf,2,,12,館山市,,シカ,捕獲頭数,1,頭,
tateyama_capture_species,館山市 市内捕獲状況（H27–R7）,https://www.city.tateyama.chiba.jp/files/300368997.pdf,2,,1,館山市,,シカ,捕獲頭数,0,頭,
tateyama_capture_species,館山市 市内捕獲状況（H27–R7）,https://www.city.tateyama.chiba.jp/files/300368997.pdf,2,,2,館山市,,シカ,捕獲頭数,0,頭,
tateyama_capture_species,館山市 市内捕獲状況（H27–R7）,https://www.city.tateyama.chiba.jp/files/300368997.pdf,2,,3,館山市,,シカ,捕獲頭数,3,頭,
tateyama_capture_species,館山市 市内捕獲状況（H27–R7）,https://www.city.tateyama.chiba.jp/files/300368997.pdf,2,,4,館山市,,キョン,捕獲頭数,6,頭,
tateyama_capture_species,館山市 市内捕獲状況（H27–R7）,https://www.city.tateyama.chiba.jp/files/300368997.pdf,2,,5,館山市,,キョン,捕獲頭数,6,頭,
tateyama_capture_species,館山市 市内捕獲状況（H27–R7）,https://www.city.tateyama.chiba.jp/files/300368997.pdf,2,,6,館山市,,キョン,捕獲頭数,12,頭,
tateyama_capture_species,館山市 市内捕獲状況（H27–R7）,https://www.city.tateyama.chiba.jp/files/300368997.pdf,2,,7,館山市,,キョン,捕獲頭数,4,頭,
tateyama_capture_species,館山市 市内捕獲状況（H27–R7）,https://www.city.tateyama.chiba.jp/files/300368997.pdf,2,,8,館山市,,キョン,捕獲頭数,7,頭,
tateyama_capture_species,館山市 市内捕獲状況（H27–R7）,https://www.city.tateyama.chiba.jp/files/300368997.pdf,2,,9,館山市,,キョン,捕獲頭数,4,頭,
tateyama_capture_species,館山市 市内捕獲状況（H27–R7）,https://www.city.tateyama.chiba.jp/files/300368997.pdf,2,,10,館山市,,キョン,捕獲頭数,4,頭,
tateyama_capture_species,館山市 市内捕獲状況（H27–R7）,https://www.city.tateyama.chiba.jp/files/300368997.pdf,2,,11,館山市,,キョン,捕獲頭数,6,頭,
tateyama_capture_species,館山市 市内捕獲状況（H27–R7）,https://www.city.tateyama.chiba.jp/files/300368997.pdf,2,,12,館山市,,キョン,捕獲頭数,7,頭,
tateyama_capture_species,館山市 市内捕獲状況（H27–R7）,https://www.city.tateyama.chiba.jp/files/300368997.pdf,2,,1,館山市,,キョン,捕獲頭数,6,頭,
tateyama_capture_species,館山市 市内捕獲状況（H27–R7）,https://www.city.tateyama.chiba.jp/files/300368997.pdf,2,,2,館山市,,キョン,捕獲頭数,7,頭,
tateyama_capture_species,館山市 市内捕獲状況（H27–R7）,https://www.city.tateyama.chiba.jp/files/300368997.pdf,2,,3,館山市,,キョン,捕獲頭数,10,頭,
tateyama_capture_species,館山市 市内捕獲状況（H27–R7）,https://www.city.tateyama.chiba.jp/files/300368997.pdf,2,,4,館山市,,サル,捕獲頭数,1,頭,
tateyama_capture_species,館山市 市内捕獲状況（H27–R7）,https://www.city.tateyama.chiba.jp/files/300368997.pdf,2,,5,館山市,,サル,捕獲頭数,1,頭,
tateyama_capture_species,館山市 市内捕獲状況（H27–R7）,https://www.city.tateyama.chiba.jp/files/300368997.pdf,2,,6,館山市,,サル,捕獲頭数,1,頭,
tateyama_capture_species,館山市 市内捕獲状況（H27–R7）,https://www.city.tateyama.chiba.jp/files/300368997.pdf,2,,7,館山市,,サル,捕獲頭数,0,頭,
tateyama_capture_species,館山市 市内捕獲状況（H27–R7）,https://www.city.tateyama.chiba.jp/files/300368997.pdf,2,,8,館山市,,サル,捕獲頭数,1,頭,
tateyama_capture_species,館山市 市内捕獲状況（H27–R7）,https://www.city.tateyama.chiba.jp/files/300368997.pdf,2,,9,館山市,,サル,捕獲頭数,0,頭,
tateyama_capture_species,館山市 市内捕獲状況（H27–R7）,https://www.city.tateyama.chiba.jp/files/300368997.pdf,2,,10,館山市,,サル,捕獲頭数,0,頭,
tateyama_capture_species,館山市 市内捕獲状況（H27–R7）,https://www.city.tateyama.chiba.jp/files/300368997.pdf,2,,11,館山市,,サル,捕獲頭数,1,頭,
tateyama_capture_species,館山市 市内捕獲状況（H27–R7）,https://www.city.tateyama.chiba.jp/files/300368997.pdf,2,,12,館山市,,サル,捕獲頭数,4,頭,
tateyama_capture_species,館山市 市内捕獲状況（H27–R7）,https://www.city.tateyama.chiba.jp/files/300368997.pdf,2,,1,館山市,,サル,捕獲頭数,3,頭,
tateyama_capture_species,館山市 市内捕獲状況（H27–R7）,https://www.city.tateyama.chiba.jp/files/300368997.pdf,2,,2,館山市,,サル,捕獲頭数,1,頭,
tateyama_capture_species,館山市 市内捕獲状況（H27–R7）,https://www.city.tateyama.chiba.jp/files/300368997.pdf,2,,3,館山市,,サル,捕獲頭数,0,頭,
tateyama_capture_species,館山市 市内捕獲状況（H27–R7）,https://www.city.tateyama.chiba.jp/files/300368997.pdf,2,,4,館山市,,アライグマ,捕獲頭数,2,頭,
tateyama_capture_species,館山市 市内捕獲状況（H27–R7）,https://www.city.tateyama.chiba.jp/files/300368997.pdf,2,,5,館山市,,アライグマ,捕獲頭数,5,頭,
tateyama_capture_species,館山市 市内捕獲状況（H27–R7）,https://www.city.tateyama.chiba.jp/files/300368997.pdf,2,,6,館山市,,アライグマ,捕獲頭数,8,頭,
tateyama_capture_species,館山市 市内捕獲状況（H27–R7）,https://www.city.tateyama.chiba.jp/files/300368997.pdf,2,,7,館山市,,アライグマ,捕獲頭数,2,頭,
tateyama_capture_species,館山市 市内捕獲状況（H27–R7）,https://www.city.tateyama.chiba.jp/files/300368997.pdf,2,,8,館山市,,アライグマ,捕獲頭数,4,頭,
tateyama_capture_species,館山市 市内捕獲状況（H27–R7）,https://www.city.tateyama.chiba.jp/files/300368997.pdf,2,,9,館山市,,アライグマ,捕獲頭数,7,頭,
tateyama_capture_species,館山市 市内捕獲状況（H27–R7）,https://www.city.tateyama.chiba.jp/files/300368997.pdf,2,,10,館山市,,アライグマ,捕獲頭数,18,頭,
tateyama_capture_species,館山市 市内捕獲状況（H27–R7）,https://www.city.tateyama.chiba.jp/files/300368997.pdf,2,,11,館山市,,アライグマ,捕獲頭数,19,頭,
tateyama_capture_species,館山市 市内捕獲状況（H27–R7）,https://www.city.tateyama.chiba.jp/files/300368997.pdf,2,,12,館山市,,アライグマ,捕獲頭数,7,頭,
tateyama_capture_species,館山市 市内捕獲状況（H27–R7）,https://www.city.tateyama.chiba.jp/files/300368997.pdf,2,,1,館山市,,アライグマ,捕獲頭数,6,頭,
tateyama_capture_species,館山市 市内捕獲状況（H27–R7）,https://www.city.tateyama.chiba.jp/files/300368997.pdf,2,,2,館山市,,アライグマ,捕獲頭数,2,頭,
tateyama_capture_species,館山市 市内捕獲状況（H27–R7）,https://www.city.tateyama.chiba.jp/files/300368997.pdf,2,,3,館山市,,アライグマ,捕獲頭数,3,頭,
tateyama_capture_species,館山市 市内捕獲状況（H27–R7）,https://www.city.tateyama.chiba.jp/files/300368997.pdf,2,,4,館山市,,ハクビシン,捕獲頭数,9,頭,
tateyama_capture_species,館山市 市内捕獲状況（H27–R7）,https://www.city.tateyama.chiba.jp/files/300368997.pdf,2,,5,館山市,,ハクビシン,捕獲頭数,9,頭,
tateyama_capture_species,館山市 市内捕獲状況（H27–R7）,https://www.city.tateyama.chiba.jp/files/300368997.pdf,2,,6,館山市,,ハクビシン,捕獲頭数,14,頭,
tateyama_capture_species,館山市 市内捕獲状況（H27–R7）,https://www.city.tateyama.chiba.jp/files/300368997.pdf,2,,7,館山市,,ハクビシン,捕獲頭数,23,頭,
tateyama_capture_species,館山市 市内捕獲状況（H27–R7）,https://www.city.tateyama.chiba.jp/files/300368997.pdf,2,,8,館山市,,ハクビシン,捕獲頭数,6,頭,
tateyama_capture_species,館山市 市内捕獲状況（H27–R7）,https://www.city.tateyama.chiba.jp/files/300368997.pdf,2,,9,館山市,,ハクビシン,捕獲頭数,4,頭,
tateyama_capture_species,館山市 市内捕獲状況（H27–R7）,https://www.city.tateyama.chiba.jp/files/300368997.pdf,2,,10,館山市,,ハクビシン,捕獲頭数,2,頭,
tateyama_capture_species,館山市 市内捕獲状況（H27–R7）,https://www.city.tateyama.chiba.jp/files/300368997.pdf,2,,11,館山市,,ハクビシン,捕獲頭数,2,頭,
tateyama_capture_species,館山市 市内捕獲状況（H27–R7）,https://www.city.tateyama.chiba.jp/files/300368997.pdf,2,,12,館山市,,ハクビシン,捕獲頭数,2,頭,
tateyama_capture_species,館山市 市内捕獲状況（H27–R7）,https://www.city.tateyama.chiba.jp/files/300368997.pdf,2,,1,館山市,,ハクビシン,捕獲頭数,1,頭,
tateyama_capture_species,館山市 市内捕獲状況（H27–R7）,https://www.city.tateyama.chiba.jp/files/300368997.pdf,2,,2,館山市,,ハクビシン,捕獲頭数,4,頭,
tateyama_capture_species,館山市 市内捕獲状況（H27–R7）,https://www.city.tateyama.chiba.jp/files/300368997.pdf,2,,3,館山市,,ハクビシン,捕獲頭数,8,頭,
tateyama_capture_species,館山市 市内捕獲状況（H27–R7）,https://www.city.tateyama.chiba.jp/files/300368997.pdf,2,,4,館山市,,タヌキ,捕獲頭数,23,頭,
tateyama_capture_species,館山市 市内捕獲状況（H27–R7）,https://www.city.tateyama.chiba.jp/files/300368997.pdf,2,,5,館山市,,タヌキ,捕獲頭数,36,頭,
tateyama_capture_species,館山市 市内捕獲状況（H27–R7）,https://www.city.tateyama.chiba.jp/files/300368997.pdf,2,,6,館山市,,タヌキ,捕獲頭数,26,頭,
tateyama_capture_species,館山市 市内捕獲状況（H27–R7）,https://www.city.tateyama.chiba.jp/files/300368997.pdf,2,,7,館山市,,タヌキ,捕獲頭数,20,頭,
tateyama_capture_species,館山市 市内捕獲状況（H27–R7）,https://www.city.tateyama.chiba.jp/files/300368997.pdf,2,,8,館山市,,タヌキ,捕獲頭数,34,頭,
tateyama_capture_species,館山市 市内捕獲状況（H27–R7）,https://www.city.tateyama.chiba.jp/files/300368997.pdf,2,,9,館山市,,タヌキ,捕獲頭数,50,頭,
tateyama_capture_species,館山市 市内捕獲状況（H27–R7）,https://www.city.tateyama.chiba.jp/files/300368997.pdf,2,,10,館山市,,タヌキ,捕獲頭数,100,頭,
tateyama_capture_species,館山市 市内捕獲状況（H27–R7）,https://www.city.tateyama.chiba.jp/files/300368997.pdf,2,,11,館山市,,タヌキ,捕獲頭数,113,頭,
tateyama_capture_species,館山市 市内捕獲状況（H27–R7）,https://www.city.tateyama.chiba.jp/files/300368997.pdf,2,,12,館山市,,タヌキ,捕獲頭数,50,頭,
tateyama_capture_species,館山市 市内捕獲状況（H27–R7）,https://www.city.tateyama.chiba.jp/files/300368997.pdf,2,,1,館山市,,タヌキ,捕獲頭数,32,頭,
tateyama_capture_species,館山市 市内捕獲状況（H27–R7）,https://www.city.tateyama.chiba.jp/files/300368997.pdf,2,,2,館山市,,タヌキ,捕獲頭数,26,頭,
tateyama_capture_species,館山市 市内捕獲状況（H27–R7）,https://www.city.tateyama.chiba.jp/files/300368997.pdf,2,,3,館山市,,タヌキ,捕獲頭数,31,頭,
tateyama_capture_species,館山市 市内捕獲状況（H27–R7）,https://www.city.tateyama.chiba.jp/files/300368997.pdf,2,,4,館山市,,アナグマ,捕獲頭数,0,頭,
tateyama_capture_species,館山市 市内捕獲状況（H27–R7）,https://www.city.tateyama.chiba.jp/files/300368997.pdf,2,,5,館山市,,アナグマ,捕獲頭数,0,頭,
tateyama_capture_species,館山市 市内捕獲状況（H27–R7）,https://www.city.tateyama.chiba.jp/files/300368997.pdf,2,,6,館山市,,アナグマ,捕獲頭数,0,頭,
tateyama_capture_species,館山市 市内捕獲状況（H27–R7）,https://www.city.tateyama.chiba.jp/files/300368997.pdf,2,,7,館山市,,アナグマ,捕獲頭数,7,頭,
tateyama_capture_species,館山市 市内捕獲状況（H27–R7）,https://www.city.tateyama.chiba.jp/files/300368997.pdf,2,,8,館山市,,アナグマ,捕獲頭数,11,頭,
tateyama_capture_species,館山市 市内捕獲状況（H27–R7）,https://www.city.tateyama.chiba.jp/files/300368997.pdf,2,,9,館山市,,アナグマ,捕獲頭数,18,頭,
tateyama_capture_species,館山市 市内捕獲状況（H27–R7）,https://www.city.tateyama.chiba.jp/files/300368997.pdf,2,,10,館山市,,アナグマ,捕獲頭数,0,頭,
tateyama_capture_species,館山市 市内捕獲状況（H27–R7）,https://www.city.tateyama.chiba.jp/files/300368997.pdf,2,,11,館山市,,アナグマ,捕獲頭数,0,頭,
tateyama_capture_species,館山市 市内捕獲状況（H27–R7）,https://www.city.tateyama.chiba.jp/files/300368997.pdf,2,,12,館山市,,アナグマ,捕獲頭数,0,頭,
tateyama_capture_species,館山市 市内捕獲状況（H27–R7）,https://www.city.tateyama.chiba.jp/files/300368997.pdf,2,,1,館山市,,アナグマ,捕獲頭数,0,頭,
tateyama_capture_species,館山市 市内捕獲状況（H27–R7）,https://www.city.tateyama.chiba.jp/files/300368997.pdf,2,,2,館山市,,アナグマ,捕獲頭数,0,頭,
tateyama_capture_species,館山市 市内捕獲状況（H27–R7）,https://www.city.tateyama.chiba.jp/files/300368997.pdf,2,,3,館山市,,アナグマ,捕獲頭数,0,頭,
tateyama_capture_species,館山市 市内捕獲状況（H27–R7）,https://www.city.tateyama.chiba.jp/files/300368997.pdf,2,,4,館山市,,ノウサギ,捕獲頭数,1,頭,
tateyama_capture_species,館山市 市内捕獲状況（H27–R7）,https://www.city.tateyama.chiba.jp/files/300368997.pdf,2,,5,館山市,,ノウサギ,捕獲頭数,0,頭,
tateyama_capture_species,館山市 市内捕獲状況（H27–R7）,https://www.city.tateyama.chiba.jp/files/300368997.pdf,2,,6,館山市,,ノウサギ,捕獲頭数,0,頭,
tateyama_capture_species,館山市 市内捕獲状況（H27–R7）,https://www.city.tateyama.chiba.jp/files/300368997.pdf,2,,7,館山市,,ノウサギ,捕獲頭数,0,頭,
tateyama_capture_species,館山市 市内捕獲状況（H27–R7）,https://www.city.tateyama.chiba.jp/files/300368997.pdf,2,,8,館山市,,ノウサギ,捕獲頭数,0,頭,
tateyama_capture_species,館山市 市内捕獲状況（H27–R7）,https://www.city.tateyama.chiba.jp/files/300368997.pdf,2,,9,館山市,,ノウサギ,捕獲頭数,0,頭,
tateyama_capture_species,館山市 市内捕獲状況（H27–R7）,https://www.city.tateyama.chiba.jp/files/300368997.pdf,2,,10,館山市,,ノウサギ,捕獲頭数,0,頭,
tateyama_capture_species,館山市 市内捕獲状況（H27–R7）,https://www.city.tateyama.chiba.jp/files/300368997.pdf,2,,11,館山市,,ノウサギ,捕獲頭数,0,頭,
tateyama_capture_species,館山市 市内捕獲状況（H27–R7）,https://www.city.tateyama.chiba.jp/files/300368997.pdf,2,,12,館山市,,ノウサギ,捕獲頭数,0,頭,
tateyama_capture_species,館山市 市内捕獲状況（H27–R7）,https://www.city.tateyama.chiba.jp/files/300368997.pdf,2,,1,館山市,,ノウサギ,捕獲頭数,0,頭,
tateyama_capture_species,館山市 市内捕獲状況（H27–R7）,https://www.city.tateyama.chiba.jp/files/300368997.pdf,2,,2,館山市,,ノウサギ,捕獲頭数,0,頭,
tateyama_capture_species,館山市 市内捕獲状況（H27–R7）,https://www.city.tateyama.chiba.jp/files/300368997.pdf,2,,3,館山市,,ノウサギ,捕獲頭数,0,頭,
tateyama_capture_species,館山市 市内捕獲状況（H27–R7）,https://www.city.tateyama.chiba.jp/files/300368997.pdf,3,,4,館山市,,イノシシ,捕獲頭数,47,頭,
tateyama_capture_species,館山市 市内捕獲状況（H27–R7）,https://www.city.tateyama.chiba.jp/files/300368997.pdf,3,,5,館山市,,イノシシ,捕獲頭数,48,頭,
tateyama_capture_species,館山市 市内捕獲状況（H27–R7）,https://www.city.tateyama.chiba.jp/files/300368997.pdf,3,,6,館山市,,イノシシ,捕獲頭数,26,頭,
tateyama_capture_species,館山市 市内捕獲状況（H27–R7）,https://www.city.tateyama.chiba.jp/files/300368997.pdf,3,,7,館山市,,イノシシ,捕獲頭数,43,頭,
tateyama_capture_species,館山市 市内捕獲状況（H27–R7）,https://www.city.tateyama.chiba.jp/files/300368997.pdf,3,,8,館山市,,イノシシ,捕獲頭数,97,頭,
tateyama_capture_species,館山市 市内捕獲状況（H27–R7）,https://www.city.tateyama.chiba.jp/files/300368997.pdf,3,,9,館山市,,イノシシ,捕獲頭数,107,頭,
tateyama_capture_species,館山市 市内捕獲状況（H27–R7）,https://www.city.tateyama.chiba.jp/files/300368997.pdf,3,,10,館山市,,イノシシ,捕獲頭数,150,頭,
tateyama_capture_species,館山市 市内捕獲状況（H27–R7）,https://www.city.tateyama.chiba.jp/files/300368997.pdf,3,,11,館山市,,イノシシ,捕獲頭数,198,頭,
tateyama_capture_species,館山市 市内捕獲状況（H27–R7）,https://www.city.tateyama.chiba.jp/files/300368997.pdf,3,,12,館山市,,イノシシ,捕獲頭数,150,頭,
tateyama_capture_species,館山市 市内捕獲状況（H27–R7）,https://www.city.tateyama.chiba.jp/files/300368997.pdf,3,,1,館山市,,イノシシ,捕獲頭数,147,頭,
tateyama_capture_species,館山市 市内捕獲状況（H27–R7）,https://www.city.tateyama.chiba.jp/files/300368997.pdf,3,,2,館山市,,イノシシ,捕獲頭数,93,頭,
tateyama_capture_species,館山市 市内捕獲状況（H27–R7）,https://www.city.tateyama.chiba.jp/files/300368997.pdf,3,,3,館山市,,イノシシ,捕獲頭数,127,頭,
tateyama_capture_species,館山市 市内捕獲状況（H27–R7）,https://www.city.tateyama.chiba.jp/files/300368997.pdf,3,,4,館山市,,イノシシ幼獣,捕獲頭数,0,頭,
tateyama_capture_species,館山市 市内捕獲状況（H27–R7）,https://www.city.tateyama.chiba.jp/files/300368997.pdf,3,,5,館山市,,イノシシ幼獣,捕獲頭数,0,頭,
tateyama_capture_species,館山市 市内捕獲状況（H27–R7）,https://www.city.tateyama.chiba.jp/files/300368997.pdf,3,,6,館山市,,イノシシ幼獣,捕獲頭数,0,頭,
tateyama_capture_species,館山市 市内捕獲状況（H27–R7）,https://www.city.tateyama.chiba.jp/files/300368997.pdf,3,,7,館山市,,イノシシ幼獣,捕獲頭数,8,頭,
tateyama_capture_species,館山市 市内捕獲状況（H27–R7）,https://www.city.tateyama.chiba.jp/files/300368997.pdf,3,,8,館山市,,イノシシ幼獣,捕獲頭数,40,頭,
tateyama_capture_species,館山市 市内捕獲状況（H27–R7）,https://www.city.tateyama.chiba.jp/files/300368997.pdf,3,,9,館山市,,イノシシ幼獣,捕獲頭数,30,頭,
tateyama_capture_species,館山市 市内捕獲状況（H27–R7）,https://www.city.tateyama.chiba.jp/files/300368997.pdf,3,,10,館山市,,イノシシ幼獣,捕獲頭数,2,頭,
tateyama_capture_species,館山市 市内捕獲状況（H27–R7）,https://www.city.tateyama.chiba.jp/files/300368997.pdf,3,,11,館山市,,イノシシ幼獣,捕獲頭数,1,頭,
tateyama_capture_species,館山市 市内捕獲状況（H27–R7）,https://www.city.tateyama.chiba.jp/files/300368997.pdf,3,,12,館山市,,イノシシ幼獣,捕獲頭数,0,頭,
tateyama_capture_species,館山市 市内捕獲状況（H27–R7）,https://www.city.tateyama.chiba.jp/files/300368997.pdf,3,,1,館山市,,イノシシ幼獣,捕獲頭数,6,頭,
tateyama_capture_species,館山市 市内捕獲状況（H27–R7）,https://www.city.tateyama.chiba.jp/files/300368997.pdf,3,,2,館山市,,イノシシ幼獣,捕獲頭数,6,頭,
tateyama_capture_species,館山市 市内捕獲状況（H27–R7）,https://www.city.tateyama.chiba.jp/files/300368997.pdf,3,,3,館山市,,イノシシ幼獣,捕獲頭数,5,頭,
tateyama_capture_species,館山市 市内捕獲状況（H27–R7）,https://www.city.tateyama.chiba.jp/files/300368997.pdf,3,,4,館山市,,シカ,捕獲頭数,3,頭,
tateyama_capture_species,館山市 市内捕獲状況（H27–R7）,https://www.city.tateyama.chiba.jp/files/300368997.pdf,3,,5,館山市,,シカ,捕獲頭数,2,頭,
tateyama_capture_species,館山市 市内捕獲状況（H27–R7）,https://www.city.tateyama.chiba.jp/files/300368997.pdf,3,,6,館山市,,シカ,捕獲頭数,2,頭,
tateyama_capture_species,館山市 市内捕獲状況（H27–R7）,https://www.city.tateyama.chiba.jp/files/300368997.pdf,3,,7,館山市,,シカ,捕獲頭数,0,頭,
tateyama_capture_species,館山市 市内捕獲状況（H27–R7）,https://www.city.tateyama.chiba.jp/files/300368997.pdf,3,,8,館山市,,シカ,捕獲頭数,0,頭,
tateyama_capture_species,館山市 市内捕獲状況（H27–R7）,https://www.city.tateyama.chiba.jp/files/300368997.pdf,3,,9,館山市,,シカ,捕獲頭数,1,頭,
tateyama_capture_species,館山市 市内捕獲状況（H27–R7）,https://www.city.tateyama.chiba.jp/files/300368997.pdf,3,,10,館山市,,シカ,捕獲頭数,3,頭,
tateyama_capture_species,館山市 市内捕獲状況（H27–R7）,https://www.city.tateyama.chiba.jp/files/300368997.pdf,3,,11,館山市,,シカ,捕獲頭数,2,頭,
tateyama_capture_species,館山市 市内捕獲状況（H27–R7）,https://www.city.tateyama.chiba.jp/files/300368997.pdf,3,,12,館山市,,シカ,捕獲頭数,2,頭,
tateyama_capture_species,館山市 市内捕獲状況（H27–R7）,https://www.city.tateyama.chiba.jp/files/300368997.pdf,3,,1,館山市,,シカ,捕獲頭数,0,頭,
tateyama_capture_species,館山市 市内捕獲状況（H27–R7）,https://www.city.tateyama.chiba.jp/files/300368997.pdf,3,,2,館山市,,シカ,捕獲頭数,0,頭,
tateyama_capture_species,館山市 市内捕獲状況（H27–R7）,https://www.city.tateyama.chiba.jp/files/300368997.pdf,3,,3,館山市,,シカ,捕獲頭数,1,頭,
tateyama_capture_species,館山市 市内捕獲状況（H27–R7）,https://www.city.tateyama.chiba.jp/files/300368997.pdf,3,,4,館山市,,キョン,捕獲頭数,4,頭,
tateyama_capture_species,館山市 市内捕獲状況（H27–R7）,https://www.city.tateyama.chiba.jp/files/300368997.pdf,3,,5,館山市,,キョン,捕獲頭数,8,頭,
tateyama_capture_species,館山市 市内捕獲状況（H27–R7）,https://www.city.tateyama.chiba.jp/files/300368997.pdf,3,,6,館山市,,キョン,捕獲頭数,7,頭,
tateyama_capture_species,館山市 市内捕獲状況（H27–R7）,https://www.city.tateyama.chiba.jp/files/300368997.pdf,3,,7,館山市,,キョン,捕獲頭数,9,頭,
tateyama_capture_species,館山市 市内捕獲状況（H27–R7）,https://www.city.tateyama.chiba.jp/files/300368997.pdf,3,,8,館山市,,キョン,捕獲頭数,5,頭,
tateyama_capture_species,館山市 市内捕獲状況（H27–R7）,https://www.city.tateyama.chiba.jp/files/300368997.pdf,3,,9,館山市,,キョン,捕獲頭数,5,頭,
tateyama_capture_species,館山市 市内捕獲状況（H27–R7）,https://www.city.tateyama.chiba.jp/files/300368997.pdf,3,,10,館山市,,キョン,捕獲頭数,5,頭,
tateyama_capture_species,館山市 市内捕獲状況（H27–R7）,https://www.city.tateyama.chiba.jp/files/300368997.pdf,3,,11,館山市,,キョン,捕獲頭数,4,頭,
tateyama_capture_species,館山市 市内捕獲状況（H27–R7）,https://www.city.tateyama.chiba.jp/files/300368997.pdf,3,,12,館山市,,キョン,捕獲頭数,10,頭,
tateyama_capture_species,館山市 市内捕獲状況（H27–R7）,https://www.city.tateyama.chiba.jp/files/300368997.pdf,3,,1,館山市,,キョン,捕獲頭数,6,頭,
tateyama_capture_species,館山市 市内捕獲状況（H27–R7）,https://www.city.tateyama.chiba.jp/files/300368997.pdf,3,,2,館山市,,キョン,捕獲頭数,3,頭,
tateyama_capture_species,館山市 市内捕獲状況（H27–R7）,https://www.city.tateyama.chiba.jp/files/300368997.pdf,3,,3,館山市,,キョン,捕獲頭数,13,頭,
tateyama_capture_species,館山市 市内捕獲状況（H27–R7）,https://www.city.tateyama.chiba.jp/files/300368997.pdf,3,,4,館山市,,サル,捕獲頭数,1,頭,
tateyama_capture_species,館山市 市内捕獲状況（H27–R7）,https://www.city.tateyama.chiba.jp/files/300368997.pdf,3,,5,館山市,,サル,捕獲頭数,0,頭,
tateyama_capture_species,館山市 市内捕獲状況（H27–R7）,https://www.city.tateyama.chiba.jp/files/300368997.pdf,3,,6,館山市,,サル,捕獲頭数,1,頭,
tateyama_capture_species,館山市 市内捕獲状況（H27–R7）,https://www.city.tateyama.chiba.jp/files/300368997.pdf,3,,7,館山市,,サル,捕獲頭数,0,頭,
tateyama_capture_species,館山市 市内捕獲状況（H27–R7）,https://www.city.tateyama.chiba.jp/files/300368997.pdf,3,,8,館山市,,サル,捕獲頭数,0,頭,
tateyama_capture_species,館山市 市内捕獲状況（H27–R7）,https://www.city.tateyama.chiba.jp/files/300368997.pdf,3,,9,館山市,,サル,捕獲頭数,0,頭,
tateyama_capture_species,館山市 市内捕獲状況（H27–R7）,https://www.city.tateyama.chiba.jp/files/300368997.pdf,3,,10,館山市,,サル,捕獲頭数,0,頭,
tateyama_capture_species,館山市 市内捕獲状況（H27–R7）,https://www.city.tateyama.chiba.jp/files/300368997.pdf,3,,11,館山市,,サル,捕獲頭数,0,頭,
tateyama_capture_species,館山市 市内捕獲状況（H27–R7）,https://www.city.tateyama.chiba.jp/files/300368997.pdf,3,,12,館山市,,サル,捕獲頭数,1,頭,
tateyama_capture_species,館山市 市内捕獲状況（H27–R7）,https://www.city.tateyama.chiba.jp/files/300368997.pdf,3,,1,館山市,,サル,捕獲頭数,1,頭,
tateyama_capture_species,館山市 市内捕獲状況（H27–R7）,https://www.city.tateyama.chiba.jp/files/300368997.pdf,3,,2,館山市,,サル,捕獲頭数,0,頭,
tateyama_capture_species,館山市 市内捕獲状況（H27–R7）,https://www.city.tateyama.chiba.jp/files/300368997.pdf,3,,3,館山市,,サル,捕獲頭数,0,頭,
tateyama_capture_species,館山市 市内捕獲状況（H27–R7）,https://www.city.tateyama.chiba.jp/files/300368997.pdf,3,,4,館山市,,アライグマ,捕獲頭数,8,頭,
tateyama_capture_species,館山市 市内捕獲状況（H27–R7）,https://www.city.tateyama.chiba.jp/files/300368997.pdf,3,,5,館山市,,アライグマ,捕獲頭数,3,頭,
tateyama_capture_species,館山市 市内捕獲状況（H27–R7）,https://www.city.tateyama.chiba.jp/files/300368997.pdf,3,,6,館山市,,アライグマ,捕獲頭数,3,頭,
tateyama_capture_species,館山市 市内捕獲状況（H27–R7）,https://www.city.tateyama.chiba.jp/files/300368997.pdf,3,,7,館山市,,アライグマ,捕獲頭数,3,頭,
tateyama_capture_species,館山市 市内捕獲状況（H27–R7）,https://www.city.tateyama.chiba.jp/files/300368997.pdf,3,,8,館山市,,アライグマ,捕獲頭数,2,頭,
tateyama_capture_species,館山市 市内捕獲状況（H27–R7）,https://www.city.tateyama.chiba.jp/files/300368997.pdf,3,,9,館山市,,アライグマ,捕獲頭数,12,頭,
tateyama_capture_species,館山市 市内捕獲状況（H27–R7）,https://www.city.tateyama.chiba.jp/files/300368997.pdf,3,,10,館山市,,アライグマ,捕獲頭数,20,頭,
tateyama_capture_species,館山市 市内捕獲状況（H27–R7）,https://www.city.tateyama.chiba.jp/files/300368997.pdf,3,,11,館山市,,アライグマ,捕獲頭数,13,頭,
tateyama_capture_species,館山市 市内捕獲状況（H27–R7）,https://www.city.tateyama.chiba.jp/files/300368997.pdf,3,,12,館山市,,アライグマ,捕獲頭数,14,頭,
tateyama_capture_species,館山市 市内捕獲状況（H27–R7）,https://www.city.tateyama.chiba.jp/files/300368997.pdf,3,,1,館山市,,アライグマ,捕獲頭数,13,頭,
tateyama_capture_species,館山市 市内捕獲状況（H27–R7）,https://www.city.tateyama.chiba.jp/files/300368997.pdf,3,,2,館山市,,アライグマ,捕獲頭数,9,頭,
tateyama_capture_species,館山市 市内捕獲状況（H27–R7）,https://www.city.tateyama.chiba.jp/files/300368997.pdf,3,,3,館山市,,アライグマ,捕獲頭数,5,頭,
tateyama_capture_species,館山市 市内捕獲状況（H27–R7）,https://www.city.tateyama.chiba.jp/files/300368997.pdf,3,,4,館山市,,ハクビシン,捕獲頭数,10,頭,
tateyama_capture_species,館山市 市内捕獲状況（H27–R7）,https://www.city.tateyama.chiba.jp/files/300368997.pdf,3,,5,館山市,,ハクビシン,捕獲頭数,11,頭,
tateyama_capture_species,館山市 市内捕獲状況（H27–R7）,https://www.city.tateyama.chiba.jp/files/300368997.pdf,3,,6,館山市,,ハクビシン,捕獲頭数,8,頭,
tateyama_capture_species,館山市 市内捕獲状況（H27–R7）,https://www.city.tateyama.chiba.jp/files/300368997.pdf,3,,7,館山市,,ハクビシン,捕獲頭数,6,頭,
tateyama_capture_species,館山市 市内捕獲状況（H27–R7）,https://www.city.tateyama.chiba.jp/files/300368997.pdf,3,,8,館山市,,ハクビシン,捕獲頭数,5,頭,
tateyama_capture_species,館山市 市内捕獲状況（H27–R7）,https://www.city.tateyama.chiba.jp/files/300368997.pdf,3,,9,館山市,,ハクビシン,捕獲頭数,6,頭,
tateyama_capture_species,館山市 市内捕獲状況（H27–R7）,https://www.city.tateyama.chiba.jp/files/300368997.pdf,3,,10,館山市,,ハクビシン,捕獲頭数,5,頭,
tateyama_capture_species,館山市 市内捕獲状況（H27–R7）,https://www.city.tateyama.chiba.jp/files/300368997.pdf,3,,11,館山市,,ハクビシン,捕獲頭数,3,頭,
tateyama_capture_species,館山市 市内捕獲状況（H27–R7）,https://www.city.tateyama.chiba.jp/files/300368997.pdf,3,,12,館山市,,ハクビシン,捕獲頭数,3,頭,
tateyama_capture_species,館山市 市内捕獲状況（H27–R7）,https://www.city.tateyama.chiba.jp/files/300368997.pdf,3,,1,館山市,,ハクビシン,捕獲頭数,2,頭,
tateyama_capture_species,館山市 市内捕獲状況（H27–R7）,https://www.city.tateyama.chiba.jp/files/300368997.pdf,3,,2,館山市,,ハクビシン,捕獲頭数,4,頭,
tateyama_capture_species,館山市 市内捕獲状況（H27–R7）,https://www.city.tateyama.chiba.jp/files/300368997.pdf,3,,3,館山市,,ハクビシン,捕獲頭数,14,頭,
tateyama_capture_species,館山市 市内捕獲状況（H27–R7）,https://www.city.tateyama.chiba.jp/files/300368997.pdf,3,,4,館山市,,タヌキ,捕獲頭数,23,頭,
tateyama_capture_species,館山市 市内捕獲状況（H27–R7）,https://www.city.tateyama.chiba.jp/files/300368997.pdf,3,,5,館山市,,タヌキ,捕獲頭数,34,頭,
tateyama_capture_species,館山市 市内捕獲状況（H27–R7）,https://www.city.tateyama.chiba.jp/files/300368997.pdf,3,,6,館山市,,タヌキ,捕獲頭数,14,頭,
tateyama_capture_species,館山市 市内捕獲状況（H27–R7）,https://www.city.tateyama.chiba.jp/files/300368997.pdf,3,,7,館山市,,タヌキ,捕獲頭数,14,頭,
tateyama_capture_species,館山市 市内捕獲状況（H27–R7）,https://www.city.tateyama.chiba.jp/files/300368997.pdf,3,,8,館山市,,タヌキ,捕獲頭数,17,頭,
tateyama_capture_species,館山市 市内捕獲状況（H27–R7）,https://www.city.tateyama.chiba.jp/files/300368997.pdf,3,,9,館山市,,タヌキ,捕獲頭数,31,頭,
tateyama_capture_species,館山市 市内捕獲状況（H27–R7）,https://www.city.tateyama.chiba.jp/files/300368997.pdf,3,,10,館山市,,タヌキ,捕獲頭数,56,頭,
tateyama_capture_species,館山市 市内捕獲状況（H27–R7）,https://www.city.tateyama.chiba.jp/files/300368997.pdf,3,,11,館山市,,タヌキ,捕獲頭数,46,頭,
tateyama_capture_species,館山市 市内捕獲状況（H27–R7）,https://www.city.tateyama.chiba.jp/files/300368997.pdf,3,,12,館山市,,タヌキ,捕獲頭数,45,頭,
tateyama_capture_species,館山市 市内捕獲状況（H27–R7）,https://www.city.tateyama.chiba.jp/files/300368997.pdf,3,,1,館山市,,タヌキ,捕獲頭数,25,頭,
tateyama_capture_species,館山市 市内捕獲状況（H27–R7）,https://www.city.tateyama.chiba.jp/files/300368997.pdf,3,,2,館山市,,タヌキ,捕獲頭数,35,頭,
tateyama_capture_species,館山市 市内捕獲状況（H27–R7）,https://www.city.tateyama.chiba.jp/files/300368997.pdf,3,,3,館山市,,タヌキ,捕獲頭数,27,頭,
tateyama_capture_species,館山市 市内捕獲状況（H27–R7）,https://www.city.tateyama.chiba.jp/files/300368997.pdf,3,,4,館山市,,アナグマ,捕獲頭数,0,頭,
tateyama_capture_species,館山市 市内捕獲状況（H27–R7）,https://www.city.tateyama.chiba.jp/files/300368997.pdf,3,,5,館山市,,アナグマ,捕獲頭数,0,頭,
tateyama_capture_species,館山市 市内捕獲状況（H27–R7）,https://www.city.tateyama.chiba.jp/files/300368997.pdf,3,,6,館山市,,アナグマ,捕獲頭数,0,頭,
tateyama_capture_species,館山市 市内捕獲状況（H27–R7）,https://www.city.tateyama.chiba.jp/files/300368997.pdf,3,,7,館山市,,アナグマ,捕獲頭数,0,頭,
tateyama_capture_species,館山市 市内捕獲状況（H27–R7）,https://www.city.tateyama.chiba.jp/files/300368997.pdf,3,,8,館山市,,アナグマ,捕獲頭数,0,頭,
tateyama_capture_species,館山市 市内捕獲状況（H27–R7）,https://www.city.tateyama.chiba.jp/files/300368997.pdf,3,,9,館山市,,アナグマ,捕獲頭数,0,頭,
tateyama_capture_species,館山市 市内捕獲状況（H27–R7）,https://www.city.tateyama.chiba.jp/files/300368997.pdf,3,,10,館山市,,アナグマ,捕獲頭数,0,頭,
tateyama_capture_species,館山市 市内捕獲状況（H27–R7）,https://www.city.tateyama.chiba.jp/files/300368997.pdf,3,,11,館山市,,アナグマ,捕獲頭数,6,頭,
tateyama_capture_species,館山市 市内捕獲状況（H27–R7）,https://www.city.tateyama.chiba.jp/files/300368997.pdf,3,,12,館山市,,アナグマ,捕獲頭数,2,頭,
tateyama_capture_species,館山市 市内捕獲状況（H27–R7）,https://www.city.tateyama.chiba.jp/files/300368997.pdf,3,,1,館山市,,アナグマ,捕獲頭数,0,頭,
tateyama_capture_species,館山市 市内捕獲状況（H27–R7）,https://www.city.tateyama.chiba.jp/files/300368997.pdf,3,,2,館山市,,アナグマ,捕獲頭数,0,頭,
tateyama_capture_species,館山市 市内捕獲状況（H27–R7）,https://www.city.tateyama.chiba.jp/files/300368997.pdf,3,,3,館山市,,アナグマ,捕獲頭数,0,頭,
tateyama_capture_species,館山市 市内捕獲状況（H27–R7）,https://www.city.tateyama.chiba.jp/files/300368997.pdf,3,,4,館山市,,ノウサギ,捕獲頭数,0,頭,
tateyama_capture_species,館山市 市内捕獲状況（H27–R7）,https://www.city.tateyama.chiba.jp/files/300368997.pdf,3,,5,館山市,,ノウサギ,捕獲頭数,0,頭,
tateyama_capture_species,館山市 市内捕獲状況（H27–R7）,https://www.city.tateyama.chiba.jp/files/300368997.pdf,3,,6,館山市,,ノウサギ,捕獲頭数,0,頭,
tateyama_capture_species,館山市 市内捕獲状況（H27–R7）,https://www.city.tateyama.chiba.jp/files/300368997.pdf,3,,7,館山市,,ノウサギ,捕獲頭数,0,頭,
tateyama_capture_species,館山市 市内捕獲状況（H27–R7）,https://www.city.tateyama.chiba.jp/files/300368997.pdf,3,,8,館山市,,ノウサギ,捕獲頭数,0,頭,
tateyama_capture_species,館山市 市内捕獲状況（H27–R7）,https://www.city.tateyama.chiba.jp/files/300368997.pdf,3,,9,館山市,,ノウサギ,捕獲頭数,0,頭,
tateyama_capture_species,館山市 市内捕獲状況（H27–R7）,https://www.city.tateyama.chiba.jp/files/300368997.pdf,3,,10,館山市,,ノウサギ,捕獲頭数,0,頭,
tateyama_capture_species,館山市 市内捕獲状況（H27–R7）,https://www.city.tateyama.chiba.jp/files/300368997.pdf,3,,11,館山市,,ノウサギ,捕獲頭数,0,頭,
tateyama_capture_species,館山市 市内捕獲状況（H27–R7）,https://www.city.tateyama.chiba.jp/files/300368997.pdf,3,,12,館山市,,ノウサギ,捕獲頭数,0,頭,
tateyama_capture_species,館山市 市内捕獲状況（H27–R7）,https://www.city.tateyama.chiba.jp/files/300368997.pdf,3,,1,館山市,,ノウサギ,捕獲頭数,0,頭,
tateyama_capture_species,館山市 市内捕獲状況（H27–R7）,https://www.city.tateyama.chiba.jp/files/300368997.pdf,3,,2,館山市,,ノウサギ,捕獲頭数,1,頭,
tateyama_capture_species,館山市 市内捕獲状況（H27–R7）,https://www.city.tateyama.chiba.jp/files/300368997.pdf,3,,3,館山市,,ノウサギ,捕獲頭数,1,頭,
tateyama_capture_species,館山市 市内捕獲状況（H27–R7）,https://www.city.tateyama.chiba.jp/files/300368997.pdf,4,,4,館山市,,イノシシ,捕獲頭数,76,頭,
tateyama_capture_species,館山市 市内捕獲状況（H27–R7）,https://www.city.tateyama.chiba.jp/files/300368997.pdf,4,,5,館山市,,イノシシ,捕獲頭数,69,頭,
tateyama_capture_species,館山市 市内捕獲状況（H27–R7）,https://www.city.tateyama.chiba.jp/files/300368997.pdf,4,,6,館山市,,イノシシ,捕獲頭数,52,頭,
tateyama_capture_species,館山市 市内捕獲状況（H27–R7）,https://www.city.tateyama.chiba.jp/files/300368997.pdf,4,,7,館山市,,イノシシ,捕獲頭数,65,頭,
tateyama_capture_species,館山市 市内捕獲状況（H27–R7）,https://www.city.tateyama.chiba.jp/files/300368997.pdf,4,,8,館山市,,イノシシ,捕獲頭数,166,頭,
tateyama_capture_species,館山市 市内捕獲状況（H27–R7）,https://www.city.tateyama.chiba.jp/files/300368997.pdf,4,,9,館山市,,イノシシ,捕獲頭数,95,頭,
tateyama_capture_species,館山市 市内捕獲状況（H27–R7）,https://www.city.tateyama.chiba.jp/files/300368997.pdf,4,,10,館山市,,イノシシ,捕獲頭数,129,頭,
tateyama_capture_species,館山市 市内捕獲状況（H27–R7）,https://www.city.tateyama.chiba.jp/files/300368997.pdf,4,,11,館山市,,イノシシ,捕獲頭数,111,頭,
tateyama_capture_species,館山市 市内捕獲状況（H27–R7）,https://www.city.tateyama.chiba.jp/files/300368997.pdf,4,,12,館山市,,イノシシ,捕獲頭数,113,頭,
tateyama_capture_species,館山市 市内捕獲状況（H27–R7）,https://www.city.tateyama.chiba.jp/files/300368997.pdf,4,,1,館山市,,イノシシ,捕獲頭数,92,頭,
tateyama_capture_species,館山市 市内捕獲状況（H27–R7）,https://www.city.tateyama.chiba.jp/files/300368997.pdf,4,,2,館山市,,イノシシ,捕獲頭数,94,頭,
tateyama_capture_species,館山市 市内捕獲状況（H27–R7）,https://www.city.tateyama.chiba.jp/files/300368997.pdf,4,,3,館山市,,イノシシ,捕獲頭数,76,頭,
tateyama_capture_species,館山市 市内捕獲状況（H27–R7）,https://www.city.tateyama.chiba.jp/files/300368997.pdf,4,,4,館山市,,イノシシ幼獣,捕獲頭数,4,頭,
tateyama_capture_species,館山市 市内捕獲状況（H27–R7）,https://www.city.tateyama.chiba.jp/files/300368997.pdf,4,,5,館山市,,イノシシ幼獣,捕獲頭数,1,頭,
tateyama_capture_species,館山市 市内捕獲状況（H27–R7）,https://www.city.tateyama.chiba.jp/files/300368997.pdf,4,,6,館山市,,イノシシ幼獣,捕獲頭数,0,頭,
tateyama_capture_species,館山市 市内捕獲状況（H27–R7）,https://www.city.tateyama.chiba.jp/files/300368997.pdf,4,,7,館山市,,イノシシ幼獣,捕獲頭数,7,頭,
tateyama_capture_species,館山市 市内捕獲状況（H27–R7）,https://www.city.tateyama.chiba.jp/files/300368997.pdf,4,,8,館山市,,イノシシ幼獣,捕獲頭数,65,頭,
tateyama_capture_species,館山市 市内捕獲状況（H27–R7）,https://www.city.tateyama.chiba.jp/files/300368997.pdf,4,,9,館山市,,イノシシ幼獣,捕獲頭数,12,頭,
tateyama_capture_species,館山市 市内捕獲状況（H27–R7）,https://www.city.tateyama.chiba.jp/files/300368997.pdf,4,,10,館山市,,イノシシ幼獣,捕獲頭数,0,頭,
tateyama_capture_species,館山市 市内捕獲状況（H27–R7）,https://www.city.tateyama.chiba.jp/files/300368997.pdf,4,,11,館山市,,イノシシ幼獣,捕獲頭数,0,頭,
tateyama_capture_species,館山市 市内捕獲状況（H27–R7）,https://www.city.tateyama.chiba.jp/files/300368997.pdf,4,,12,館山市,,イノシシ幼獣,捕獲頭数,0,頭,
tateyama_capture_species,館山市 市内捕獲状況（H27–R7）,https://www.city.tateyama.chiba.jp/files/300368997.pdf,4,,1,館山市,,イノシシ幼獣,捕獲頭数,4,頭,
tateyama_capture_species,館山市 市内捕獲状況（H27–R7）,https://www.city.tateyama.chiba.jp/files/300368997.pdf,4,,2,館山市,,イノシシ幼獣,捕獲頭数,5,頭,
tateyama_capture_species,館山市 市内捕獲状況（H27–R7）,https://www.city.tateyama.chiba.jp/files/300368997.pdf,4,,3,館山市,,イノシシ幼獣,捕獲頭数,3,頭,
tateyama_capture_species,館山市 市内捕獲状況（H27–R7）,https://www.city.tateyama.chiba.jp/files/300368997.pdf,4,,4,館山市,,シカ,捕獲頭数,4,頭,
tateyama_capture_species,館山市 市内捕獲状況（H27–R7）,https://www.city.tateyama.chiba.jp/files/300368997.pdf,4,,5,館山市,,シカ,捕獲頭数,3,頭,
tateyama_capture_species,館山市 市内捕獲状況（H27–R7）,https://www.city.tateyama.chiba.jp/files/300368997.pdf,4,,6,館山市,,シカ,捕獲頭数,2,頭,
tateyama_capture_species,館山市 市内捕獲状況（H27–R7）,https://www.city.tateyama.chiba.jp/files/300368997.pdf,4,,7,館山市,,シカ,捕獲頭数,0,頭,
tateyama_capture_species,館山市 市内捕獲状況（H27–R7）,https://www.city.tateyama.chiba.jp/files/300368997.pdf,4,,8,館山市,,シカ,捕獲頭数,0,頭,
tateyama_capture_species,館山市 市内捕獲状況（H27–R7）,https://www.city.tateyama.chiba.jp/files/300368997.pdf,4,,9,館山市,,シカ,捕獲頭数,0,頭,
tateyama_capture_species,館山市 市内捕獲状況（H27–R7）,https://www.city.tateyama.chiba.jp/files/300368997.pdf,4,,10,館山市,,シカ,捕獲頭数,3,頭,
tateyama_capture_species,館山市 市内捕獲状況（H27–R7）,https://www.city.tateyama.chiba.jp/files/300368997.pdf,4,,11,館山市,,シカ,捕獲頭数,2,頭,
tateyama_capture_species,館山市 市内捕獲状況（H27–R7）,https://www.city.tateyama.chiba.jp/files/300368997.pdf,4,,12,館山市,,シカ,捕獲頭数,0,頭,
tateyama_capture_species,館山市 市内捕獲状況（H27–R7）,https://www.city.tateyama.chiba.jp/files/300368997.pdf,4,,1,館山市,,シカ,捕獲頭数,2,頭,
tateyama_capture_species,館山市 市内捕獲状況（H27–R7）,https://www.city.tateyama.chiba.jp/files/300368997.pdf,4,,2,館山市,,シカ,捕獲頭数,2,頭,
tateyama_capture_species,館山市 市内捕獲状況（H27–R7）,https://www.city.tateyama.chiba.jp/files/300368997.pdf,4,,3,館山市,,シカ,捕獲頭数,6,頭,
tateyama_capture_species,館山市 市内捕獲状況（H27–R7）,https://www.city.tateyama.chiba.jp/files/300368997.pdf,4,,4,館山市,,キョン,捕獲頭数,4,頭,
tateyama_capture_species,館山市 市内捕獲状況（H27–R7）,https://www.city.tateyama.chiba.jp/files/300368997.pdf,4,,5,館山市,,キョン,捕獲頭数,10,頭,
tateyama_capture_species,館山市 市内捕獲状況（H27–R7）,https://www.city.tateyama.chiba.jp/files/300368997.pdf,4,,6,館山市,,キョン,捕獲頭数,8,頭,
tateyama_capture_species,館山市 市内捕獲状況（H27–R7）,https://www.city.tateyama.chiba.jp/files/300368997.pdf,4,,7,館山市,,キョン,捕獲頭数,6,頭,
tateyama_capture_species,館山市 市内捕獲状況（H27–R7）,https://www.city.tateyama.chiba.jp/files/300368997.pdf,4,,8,館山市,,キョン,捕獲頭数,2,頭,
tateyama_capture_species,館山市 市内捕獲状況（H27–R7）,https://www.city.tateyama.chiba.jp/files/300368997.pdf,4,,9,館山市,,キョン,捕獲頭数,5,頭,
tateyama_capture_species,館山市 市内捕獲状況（H27–R7）,https://www.city.tateyama.chiba.jp/files/300368997.pdf,4,,10,館山市,,キョン,捕獲頭数,5,頭,
tateyama_capture_species,館山市 市内捕獲状況（H27–R7）,https://www.city.tateyama.chiba.jp/files/300368997.pdf,4,,11,館山市,,キョン,捕獲頭数,7,頭,
tateyama_capture_species,館山市 市内捕獲状況（H27–R7）,https://www.city.tateyama.chiba.jp/files/300368997.pdf,4,,12,館山市,,キョン,捕獲頭数,8,頭,
tateyama_capture_species,館山市 市内捕獲状況（H27–R7）,https://www.city.tateyama.chiba.jp/files/300368997.pdf,4,,1,館山市,,キョン,捕獲頭数,11,頭,
tateyama_capture_species,館山市 市内捕獲状況（H27–R7）,https://www.city.tateyama.chiba.jp/files/300368997.pdf,4,,2,館山市,,キョン,捕獲頭数,10,頭,
tateyama_capture_species,館山市 市内捕獲状況（H27–R7）,https://www.city.tateyama.chiba.jp/files/300368997.pdf,4,,3,館山市,,キョン,捕獲頭数,6,頭,
tateyama_capture_species,館山市 市内捕獲状況（H27–R7）,https://www.city.tateyama.chiba.jp/files/300368997.pdf,4,,4,館山市,,サル,捕獲頭数,0,頭,
tateyama_capture_species,館山市 市内捕獲状況（H27–R7）,https://www.city.tateyama.chiba.jp/files/300368997.pdf,4,,5,館山市,,サル,捕獲頭数,0,頭,
tateyama_capture_species,館山市 市内捕獲状況（H27–R7）,https://www.city.tateyama.chiba.jp/files/300368997.pdf,4,,6,館山市,,サル,捕獲頭数,0,頭,
tateyama_capture_species,館山市 市内捕獲状況（H27–R7）,https://www.city.tateyama.chiba.jp/files/300368997.pdf,4,,7,館山市,,サル,捕獲頭数,0,頭,
tateyama_capture_species,館山市 市内捕獲状況（H27–R7）,https://www.city.tateyama.chiba.jp/files/300368997.pdf,4,,8,館山市,,サル,捕獲頭数,0,頭,
tateyama_capture_species,館山市 市内捕獲状況（H27–R7）,https://www.city.tateyama.chiba.jp/files/300368997.pdf,4,,9,館山市,,サル,捕獲頭数,0,頭,
tateyama_capture_species,館山市 市内捕獲状況（H27–R7）,https://www.city.tateyama.chiba.jp/files/300368997.pdf,4,,10,館山市,,サル,捕獲頭数,1,頭,
tateyama_capture_species,館山市 市内捕獲状況（H27–R7）,https://www.city.tateyama.chiba.jp/files/300368997.pdf,4,,11,館山市,,サル,捕獲頭数,0,頭,
tateyama_capture_species,館山市 市内捕獲状況（H27–R7）,https://www.city.tateyama.chiba.jp/files/300368997.pdf,4,,12,館山市,,サル,捕獲頭数,1,頭,
tateyama_capture_species,館山市 市内捕獲状況（H27–R7）,https://www.city.tateyama.chiba.jp/files/300368997.pdf,4,,1,館山市,,サル,捕獲頭数,0,頭,
tateyama_capture_species,館山市 市内捕獲状況（H27–R7）,https://www.city.tateyama.chiba.jp/files/300368997.pdf,4,,2,館山市,,サル,捕獲頭数,0,頭,
tateyama_capture_species,館山市 市内捕獲状況（H27–R7）,https://www.city.tateyama.chiba.jp/files/300368997.pdf,4,,3,館山市,,サル,捕獲頭数,0,頭,
tateyama_capture_species,館山市 市内捕獲状況（H27–R7）,https://www.city.tateyama.chiba.jp/files/300368997.pdf,4,,4,館山市,,アライグマ,捕獲頭数,9,頭,
tateyama_capture_species,館山市 市内捕獲状況（H27–R7）,https://www.city.tateyama.chiba.jp/files/300368997.pdf,4,,5,館山市,,アライグマ,捕獲頭数,4,頭,
tateyama_capture_species,館山市 市内捕獲状況（H27–R7）,https://www.city.tateyama.chiba.jp/files/300368997.pdf,4,,6,館山市,,アライグマ,捕獲頭数,5,頭,
tateyama_capture_species,館山市 市内捕獲状況（H27–R7）,https://www.city.tateyama.chiba.jp/files/300368997.pdf,4,,7,館山市,,アライグマ,捕獲頭数,11,頭,
tateyama_capture_species,館山市 市内捕獲状況（H27–R7）,https://www.city.tateyama.chiba.jp/files/300368997.pdf,4,,8,館山市,,アライグマ,捕獲頭数,12,頭,
tateyama_capture_species,館山市 市内捕獲状況（H27–R7）,https://www.city.tateyama.chiba.jp/files/300368997.pdf,4,,9,館山市,,アライグマ,捕獲頭数,9,頭,
tateyama_capture_species,館山市 市内捕獲状況（H27–R7）,https://www.city.tateyama.chiba.jp/files/300368997.pdf,4,,10,館山市,,アライグマ,捕獲頭数,13,頭,
tateyama_capture_species,館山市 市内捕獲状況（H27–R7）,https://www.city.tateyama.chiba.jp/files/300368997.pdf,4,,11,館山市,,アライグマ,捕獲頭数,29,頭,
tateyama_capture_species,館山市 市内捕獲状況（H27–R7）,https://www.city.tateyama.chiba.jp/files/300368997.pdf,4,,12,館山市,,アライグマ,捕獲頭数,14,頭,
tateyama_capture_species,館山市 市内捕獲状況（H27–R7）,https://www.city.tateyama.chiba.jp/files/300368997.pdf,4,,1,館山市,,アライグマ,捕獲頭数,11,頭,
tateyama_capture_species,館山市 市内捕獲状況（H27–R7）,https://www.city.tateyama.chiba.jp/files/300368997.pdf,4,,2,館山市,,アライグマ,捕獲頭数,8,頭,
tateyama_capture_species,館山市 市内捕獲状況（H27–R7）,https://www.city.tateyama.chiba.jp/files/300368997.pdf,4,,3,館山市,,アライグマ,捕獲頭数,7,頭,
tateyama_capture_species,館山市 市内捕獲状況（H27–R7）,https://www.city.tateyama.chiba.jp/files/300368997.pdf,4,,4,館山市,,ハクビシン,捕獲頭数,12,頭,
tateyama_capture_species,館山市 市内捕獲状況（H27–R7）,https://www.city.tateyama.chiba.jp/files/300368997.pdf,4,,5,館山市,,ハクビシン,捕獲頭数,9,頭,
tateyama_capture_species,館山市 市内捕獲状況（H27–R7）,https://www.city.tateyama.chiba.jp/files/300368997.pdf,4,,6,館山市,,ハクビシン,捕獲頭数,6,頭,
tateyama_capture_species,館山市 市内捕獲状況（H27–R7）,https://www.city.tateyama.chiba.jp/files/300368997.pdf,4,,7,館山市,,ハクビシン,捕獲頭数,12,頭,
tateyama_capture_species,館山市 市内捕獲状況（H27–R7）,https://www.city.tateyama.chiba.jp/files/300368997.pdf,4,,8,館山市,,ハクビシン,捕獲頭数,3,頭,
tateyama_capture_species,館山市 市内捕獲状況（H27–R7）,https://www.city.tateyama.chiba.jp/files/300368997.pdf,4,,9,館山市,,ハクビシン,捕獲頭数,2,頭,
tateyama_capture_species,館山市 市内捕獲状況（H27–R7）,https://www.city.tateyama.chiba.jp/files/300368997.pdf,4,,10,館山市,,ハクビシン,捕獲頭数,2,頭,
tateyama_capture_species,館山市 市内捕獲状況（H27–R7）,https://www.city.tateyama.chiba.jp/files/300368997.pdf,4,,11,館山市,,ハクビシン,捕獲頭数,4,頭,
tateyama_capture_species,館山市 市内捕獲状況（H27–R7）,https://www.city.tateyama.chiba.jp/files/300368997.pdf,4,,12,館山市,,ハクビシン,捕獲頭数,5,頭,
tateyama_capture_species,館山市 市内捕獲状況（H27–R7）,https://www.city.tateyama.chiba.jp/files/300368997.pdf,4,,1,館山市,,ハクビシン,捕獲頭数,4,頭,
tateyama_capture_species,館山市 市内捕獲状況（H27–R7）,https://www.city.tateyama.chiba.jp/files/300368997.pdf,4,,2,館山市,,ハクビシン,捕獲頭数,1,頭,
tateyama_capture_species,館山市 市内捕獲状況（H27–R7）,https://www.city.tateyama.chiba.jp/files/300368997.pdf,4,,3,館山市,,ハクビシン,捕獲頭数,8,頭,
tateyama_capture_species,館山市 市内捕獲状況（H27–R7）,https://www.city.tateyama.chiba.jp/files/300368997.pdf,4,,4,館山市,,タヌキ,捕獲頭数,21,頭,
tateyama_capture_species,館山市 市内捕獲状況（H27–R7）,https://www.city.tateyama.chiba.jp/files/300368997.pdf,4,,5,館山市,,タヌキ,捕獲頭数,18,頭,
tateyama_capture_species,館山市 市内捕獲状況（H27–R7）,https://www.city.tateyama.chiba.jp/files/300368997.pdf,4,,6,館山市,,タヌキ,捕獲頭数,15,頭,
tateyama_capture_species,館山市 市内捕獲状況（H27–R7）,https://www.city.tateyama.chiba.jp/files/300368997.pdf,4,,7,館山市,,タヌキ,捕獲頭数,7,頭,
tateyama_capture_species,館山市 市内捕獲状況（H27–R7）,https://www.city.tateyama.chiba.jp/files/300368997.pdf,4,,8,館山市,,タヌキ,捕獲頭数,12,頭,
tateyama_capture_species,館山市 市内捕獲状況（H27–R7）,https://www.city.tateyama.chiba.jp/files/300368997.pdf,4,,9,館山市,,タヌキ,捕獲頭数,21,頭,
tateyama_capture_species,館山市 市内捕獲状況（H27–R7）,https://www.city.tateyama.chiba.jp/files/300368997.pdf,4,,10,館山市,,タヌキ,捕獲頭数,37,頭,
tateyama_capture_species,館山市 市内捕獲状況（H27–R7）,https://www.city.tateyama.chiba.jp/files/300368997.pdf,4,,11,館山市,,タヌキ,捕獲頭数,52,頭,
tateyama_capture_species,館山市 市内捕獲状況（H27–R7）,https://www.city.tateyama.chiba.jp/files/300368997.pdf,4,,12,館山市,,タヌキ,捕獲頭数,29,頭,
tateyama_capture_species,館山市 市内捕獲状況（H27–R7）,https://www.city.tateyama.chiba.jp/files/300368997.pdf,4,,1,館山市,,タヌキ,捕獲頭数,40,頭,
tateyama_capture_species,館山市 市内捕獲状況（H27–R7）,https://www.city.tateyama.chiba.jp/files/300368997.pdf,4,,2,館山市,,タヌキ,捕獲頭数,17,頭,
tateyama_capture_species,館山市 市内捕獲状況（H27–R7）,https://www.city.tateyama.chiba.jp/files/300368997.pdf,4,,3,館山市,,タヌキ,捕獲頭数,33,頭,
tateyama_capture_species,館山市 市内捕獲状況（H27–R7）,https://www.city.tateyama.chiba.jp/files/300368997.pdf,4,,4,館山市,,アナグマ,捕獲頭数,0,頭,
tateyama_capture_species,館山市 市内捕獲状況（H27–R7）,https://www.city.tateyama.chiba.jp/files/300368997.pdf,4,,5,館山市,,アナグマ,捕獲頭数,0,頭,
tateyama_capture_species,館山市 市内捕獲状況（H27–R7）,https://www.city.tateyama.chiba.jp/files/300368997.pdf,4,,6,館山市,,アナグマ,捕獲頭数,0,頭,
tateyama_capture_species,館山市 市内捕獲状況（H27–R7）,https://www.city.tateyama.chiba.jp/files/300368997.pdf,4,,7,館山市,,アナグマ,捕獲頭数,0,頭,
tateyama_capture_species,館山市 市内捕獲状況（H27–R7）,https://www.city.tateyama.chiba.jp/files/300368997.pdf,4,,8,館山市,,アナグマ,捕獲頭数,6,頭,
tateyama_capture_species,館山市 市内捕獲状況（H27–R7）,https://www.city.tateyama.chiba.jp/files/300368997.pdf,4,,9,館山市,,アナグマ,捕獲頭数,8,頭,
tateyama_capture_species,館山市 市内捕獲状況（H27–R7）,https://www.city.tateyama.chiba.jp/files/300368997.pdf,4,,10,館山市,,アナグマ,捕獲頭数,2,頭,
tateyama_capture_species,館山市 市内捕獲状況（H27–R7）,https://www.city.tateyama.chiba.jp/files/300368997.pdf,4,,11,館山市,,アナグマ,捕獲頭数,0,頭,
tateyama_capture_species,館山市 市内捕獲状況（H27–R7）,https://www.city.tateyama.chiba.jp/files/300368997.pdf,4,,12,館山市,,アナグマ,捕獲頭数,0,頭,
tateyama_capture_species,館山市 市内捕獲状況（H27–R7）,https://www.city.tateyama.chiba.jp/files/300368997.pdf,4,,1,館山市,,アナグマ,捕獲頭数,0,頭,
tateyama_capture_species,館山市 市内捕獲状況（H27–R7）,https://www.city.tateyama.chiba.jp/files/300368997.pdf,4,,2,館山市,,アナグマ,捕獲頭数,0,頭,
tateyama_capture_species,館山市 市内捕獲状況（H27–R7）,https://www.city.tateyama.chiba.jp/files/300368997.pdf,4,,3,館山市,,アナグマ,捕獲頭数,0,頭,
tateyama_capture_species,館山市 市内捕獲状況（H27–R7）,https://www.city.tateyama.chiba.jp/files/300368997.pdf,4,,4,館山市,,ノウサギ,捕獲頭数,1,頭,
tateyama_capture_species,館山市 市内捕獲状況（H27–R7）,https://www.city.tateyama.chiba.jp/files/300368997.pdf,4,,5,館山市,,ノウサギ,捕獲頭数,1,頭,
tateyama_capture_species,館山市 市内捕獲状況（H27–R7）,https://www.city.tateyama.chiba.jp/files/300368997.pdf,4,,6,館山市,,ノウサギ,捕獲頭数,0,頭,
tateyama_capture_species,館山市 市内捕獲状況（H27–R7）,https://www.city.tateyama.chiba.jp/files/300368997.pdf,4,,7,館山市,,ノウサギ,捕獲頭数,1,頭,
tateyama_capture_species,館山市 市内捕獲状況（H27–R7）,https://www.city.tateyama.chiba.jp/files/300368997.pdf,4,,8,館山市,,ノウサギ,捕獲頭数,0,頭,
tateyama_capture_species,館山市 市内捕獲状況（H27–R7）,https://www.city.tateyama.chiba.jp/files/300368997.pdf,4,,9,館山市,,ノウサギ,捕獲頭数,0,頭,
tateyama_capture_species,館山市 市内捕獲状況（H27–R7）,https://www.city.tateyama.chiba.jp/files/300368997.pdf,4,,10,館山市,,ノウサギ,捕獲頭数,0,頭,
tateyama_capture_species,館山市 市内捕獲状況（H27–R7）,https://www.city.tateyama.chiba.jp/files/300368997.pdf,4,,11,館山市,,ノウサギ,捕獲頭数,0,頭,
tateyama_capture_species,館山市 市内捕獲状況（H27–R7）,https://www.city.tateyama.chiba.jp/files/300368997.pdf,4,,12,館山市,,ノウサギ,捕獲頭数,1,頭,
tateyama_capture_species,館山市 市内捕獲状況（H27–R7）,https://www.city.tateyama.chiba.jp/files/300368997.pdf,4,,1,館山市,,ノウサギ,捕獲頭数,2,頭,
tateyama_capture_species,館山市 市内捕獲状況（H27–R7）,https://www.city.tateyama.chiba.jp/files/300368997.pdf,4,,2,館山市,,ノウサギ,捕獲頭数,1,頭,
tateyama_capture_species,館山市 市内捕獲状況（H27–R7）,https://www.city.tateyama.chiba.jp/files/300368997.pdf,4,,3,館山市,,ノウサギ,捕獲頭数,2,頭,
tateyama_capture_species,館山市 市内捕獲状況（H27–R7）,https://www.city.tateyama.chiba.jp/files/300368997.pdf,5,,4,館山市,,イノシシ,捕獲頭数,77,頭,
tateyama_capture_species,館山市 市内捕獲状況（H27–R7）,https://www.city.tateyama.chiba.jp/files/300368997.pdf,5,,5,館山市,,イノシシ,捕獲頭数,102,頭,
tateyama_capture_species,館山市 市内捕獲状況（H27–R7）,https://www.city.tateyama.chiba.jp/files/300368997.pdf,5,,6,館山市,,イノシシ,捕獲頭数,95,頭,
tateyama_capture_species,館山市 市内捕獲状況（H27–R7）,https://www.city.tateyama.chiba.jp/files/300368997.pdf,5,,7,館山市,,イノシシ,捕獲頭数,185,頭,
tateyama_capture_species,館山市 市内捕獲状況（H27–R7）,https://www.city.tateyama.chiba.jp/files/300368997.pdf,5,,8,館山市,,イノシシ,捕獲頭数,187,頭,
tateyama_capture_species,館山市 市内捕獲状況（H27–R7）,https://www.city.tateyama.chiba.jp/files/300368997.pdf,5,,9,館山市,,イノシシ,捕獲頭数,160,頭,
tateyama_capture_species,館山市 市内捕獲状況（H27–R7）,https://www.city.tateyama.chiba.jp/files/300368997.pdf,5,,10,館山市,,イノシシ,捕獲頭数,360,頭,
tateyama_capture_species,館山市 市内捕獲状況（H27–R7）,https://www.city.tateyama.chiba.jp/files/300368997.pdf,5,,11,館山市,,イノシシ,捕獲頭数,316,頭,
tateyama_capture_species,館山市 市内捕獲状況（H27–R7）,https://www.city.tateyama.chiba.jp/files/300368997.pdf,5,,12,館山市,,イノシシ,捕獲頭数,261,頭,
tateyama_capture_species,館山市 市内捕獲状況（H27–R7）,https://www.city.tateyama.chiba.jp/files/300368997.pdf,5,,1,館山市,,イノシシ,捕獲頭数,217,頭,
tateyama_capture_species,館山市 市内捕獲状況（H27–R7）,https://www.city.tateyama.chiba.jp/files/300368997.pdf,5,,2,館山市,,イノシシ,捕獲頭数,136,頭,
tateyama_capture_species,館山市 市内捕獲状況（H27–R7）,https://www.city.tateyama.chiba.jp/files/300368997.pdf,5,,3,館山市,,イノシシ,捕獲頭数,96,頭,
tateyama_capture_species,館山市 市内捕獲状況（H27–R7）,https://www.city.tateyama.chiba.jp/files/300368997.pdf,5,,4,館山市,,イノシシ幼獣,捕獲頭数,4,頭,
tateyama_capture_species,館山市 市内捕獲状況（H27–R7）,https://www.city.tateyama.chiba.jp/files/300368997.pdf,5,,5,館山市,,イノシシ幼獣,捕獲頭数,20,頭,
tateyama_capture_species,館山市 市内捕獲状況（H27–R7）,https://www.city.tateyama.chiba.jp/files/300368997.pdf,5,,6,館山市,,イノシシ幼獣,捕獲頭数,22,頭,
tateyama_capture_species,館山市 市内捕獲状況（H27–R7）,https://www.city.tateyama.chiba.jp/files/300368997.pdf,5,,7,館山市,,イノシシ幼獣,捕獲頭数,55,頭,
tateyama_capture_species,館山市 市内捕獲状況（H27–R7）,https://www.city.tateyama.chiba.jp/files/300368997.pdf,5,,8,館山市,,イノシシ幼獣,捕獲頭数,48,頭,
tateyama_capture_species,館山市 市内捕獲状況（H27–R7）,https://www.city.tateyama.chiba.jp/files/300368997.pdf,5,,9,館山市,,イノシシ幼獣,捕獲頭数,9,頭,
tateyama_capture_species,館山市 市内捕獲状況（H27–R7）,https://www.city.tateyama.chiba.jp/files/300368997.pdf,5,,10,館山市,,イノシシ幼獣,捕獲頭数,15,頭,
tateyama_capture_species,館山市 市内捕獲状況（H27–R7）,https://www.city.tateyama.chiba.jp/files/300368997.pdf,5,,11,館山市,,イノシシ幼獣,捕獲頭数,27,頭,
tateyama_capture_species,館山市 市内捕獲状況（H27–R7）,https://www.city.tateyama.chiba.jp/files/300368997.pdf,5,,12,館山市,,イノシシ幼獣,捕獲頭数,39,頭,
tateyama_capture_species,館山市 市内捕獲状況（H27–R7）,https://www.city.tateyama.chiba.jp/files/300368997.pdf,5,,1,館山市,,イノシシ幼獣,捕獲頭数,29,頭,
tateyama_capture_species,館山市 市内捕獲状況（H27–R7）,https://www.city.tateyama.chiba.jp/files/300368997.pdf,5,,2,館山市,,イノシシ幼獣,捕獲頭数,17,頭,
tateyama_capture_species,館山市 市内捕獲状況（H27–R7）,https://www.city.tateyama.chiba.jp/files/300368997.pdf,5,,3,館山市,,イノシシ幼獣,捕獲頭数,6,頭,
tateyama_capture_species,館山市 市内捕獲状況（H27–R7）,https://www.city.tateyama.chiba.jp/files/300368997.pdf,5,,4,館山市,,シカ,捕獲頭数,1,頭,
tateyama_capture_species,館山市 市内捕獲状況（H27–R7）,https://www.city.tateyama.chiba.jp/files/300368997.pdf,5,,5,館山市,,シカ,捕獲頭数,2,頭,
tateyama_capture_species,館山市 市内捕獲状況（H27–R7）,https://www.city.tateyama.chiba.jp/files/300368997.pdf,5,,6,館山市,,シカ,捕獲頭数,0,頭,
tateyama_capture_species,館山市 市内捕獲状況（H27–R7）,https://www.city.tateyama.chiba.jp/files/300368997.pdf,5,,7,館山市,,シカ,捕獲頭数,4,頭,
tateyama_capture_species,館山市 市内捕獲状況（H27–R7）,https://www.city.tateyama.chiba.jp/files/300368997.pdf,5,,8,館山市,,シカ,捕獲頭数,0,頭,
tateyama_capture_species,館山市 市内捕獲状況（H27–R7）,https://www.city.tateyama.chiba.jp/files/300368997.pdf,5,,9,館山市,,シカ,捕獲頭数,2,頭,
tateyama_capture_species,館山市 市内捕獲状況（H27–R7）,https://www.city.tateyama.chiba.jp/files/300368997.pdf,5,,10,館山市,,シカ,捕獲頭数,5,頭,
tateyama_capture_species,館山市 市内捕獲状況（H27–R7）,https://www.city.tateyama.chiba.jp/files/300368997.pdf,5,,11,館山市,,シカ,捕獲頭数,2,頭,
tateyama_capture_species,館山市 市内捕獲状況（H27–R7）,https://www.city.tateyama.chiba.jp/files/300368997.pdf,5,,12,館山市,,シカ,捕獲頭数,2,頭,
tateyama_capture_species,館山市 市内捕獲状況（H27–R7）,https://www.city.tateyama.chiba.jp/files/300368997.pdf,5,,1,館山市,,シカ,捕獲頭数,1,頭,
tateyama_capture_species,館山市 市内捕獲状況（H27–R7）,https://www.city.tateyama.chiba.jp/files/300368997.pdf,5,,2,館山市,,シカ,捕獲頭数,1,頭,
tateyama_capture_species,館山市 市内捕獲状況（H27–R7）,https://www.city.tateyama.chiba.jp/files/300368997.pdf,5,,3,館山市,,シカ,捕獲頭数,4,頭,
tateyama_capture_species,館山市 市内捕獲状況（H27–R7）,https://www.city.tateyama.chiba.jp/files/300368997.pdf,5,,4,館山市,,キョン,捕獲頭数,7,頭,
tateyama_capture_species,館山市 市内捕獲状況（H27–R7）,https://www.city.tateyama.chiba.jp/files/300368997.pdf,5,,5,館山市,,キョン,捕獲頭数,8,頭,
tateyama_capture_species,館山市 市内捕獲状況（H27–R7）,https://www.city.tateyama.chiba.jp/files/300368997.pdf,5,,6,館山市,,キョン,捕獲頭数,12,頭,
tateyama_capture_species,館山市 市内捕獲状況（H27–R7）,https://www.city.tateyama.chiba.jp/files/300368997.pdf,5,,7,館山市,,キョン,捕獲頭数,11,頭,
tateyama_capture_species,館山市 市内捕獲状況（H27–R7）,https://www.city.tateyama.chiba.jp/files/300368997.pdf,5,,8,館山市,,キョン,捕獲頭数,8,頭,
tateyama_capture_species,館山市 市内捕獲状況（H27–R7）,https://www.city.tateyama.chiba.jp/files/300368997.pdf,5,,9,館山市,,キョン,捕獲頭数,4,頭,
tateyama_capture_species,館山市 市内捕獲状況（H27–R7）,https://www.city.tateyama.chiba.jp/files/300368997.pdf,5,,10,館山市,,キョン,捕獲頭数,4,頭,
tateyama_capture_species,館山市 市内捕獲状況（H27–R7）,https://www.city.tateyama.chiba.jp/files/300368997.pdf,5,,11,館山市,,キョン,捕獲頭数,11,頭,
tateyama_capture_species,館山市 市内捕獲状況（H27–R7）,https://www.city.tateyama.chiba.jp/files/300368997.pdf,5,,12,館山市,,キョン,捕獲頭数,10,頭,
tateyama_capture_species,館山市 市内捕獲状況（H27–R7）,https://www.city.tateyama.chiba.jp/files/300368997.pdf,5,,1,館山市,,キョン,捕獲頭数,6,頭,
tateyama_capture_species,館山市 市内捕獲状況（H27–R7）,https://www.city.tateyama.chiba.jp/files/300368997.pdf,5,,2,館山市,,キョン,捕獲頭数,9,頭,
tateyama_capture_species,館山市 市内捕獲状況（H27–R7）,https://www.city.tateyama.chiba.jp/files/300368997.pdf,5,,3,館山市,,キョン,捕獲頭数,11,頭,
tateyama_capture_species,館山市 市内捕獲状況（H27–R7）,https://www.city.tateyama.chiba.jp/files/300368997.pdf,5,,4,館山市,,サル,捕獲頭数,1,頭,
tateyama_capture_species,館山市 市内捕獲状況（H27–R7）,https://www.city.tateyama.chiba.jp/files/300368997.pdf,5,,5,館山市,,サル,捕獲頭数,0,頭,
tateyama_capture_species,館山市 市内捕獲状況（H27–R7）,https://www.city.tateyama.chiba.jp/files/300368997.pdf,5,,6,館山市,,サル,捕獲頭数,1,頭,
tateyama_capture_species,館山市 市内捕獲状況（H27–R7）,https://www.city.tateyama.chiba.jp/files/300368997.pdf,5,,7,館山市,,サル,捕獲頭数,0,頭,
tateyama_capture_species,館山市 市内捕獲状況（H27–R7）,https://www.city.tateyama.chiba.jp/files/300368997.pdf,5,,8,館山市,,サル,捕獲頭数,0,頭,
tateyama_capture_species,館山市 市内捕獲状況（H27–R7）,https://www.city.tateyama.chiba.jp/files/300368997.pdf,5,,9,館山市,,サル,捕獲頭数,0,頭,
tateyama_capture_species,館山市 市内捕獲状況（H27–R7）,https://www.city.tateyama.chiba.jp/files/300368997.pdf,5,,10,館山市,,サル,捕獲頭数,0,頭,
tateyama_capture_species,館山市 市内捕獲状況（H27–R7）,https://www.city.tateyama.chiba.jp/files/300368997.pdf,5,,11,館山市,,サル,捕獲頭数,0,頭,
tateyama_capture_species,館山市 市内捕獲状況（H27–R7）,https://www.city.tateyama.chiba.jp/files/300368997.pdf,5,,12,館山市,,サル,捕獲頭数,1,頭,
tateyama_capture_species,館山市 市内捕獲状況（H27–R7）,https://www.city.tateyama.chiba.jp/files/300368997.pdf,5,,1,館山市,,サル,捕獲頭数,2,頭,
tateyama_capture_species,館山市 市内捕獲状況（H27–R7）,https://www.city.tateyama.chiba.jp/files/300368997.pdf,5,,2,館山市,,サル,捕獲頭数,3,頭,
tateyama_capture_species,館山市 市内捕獲状況（H27–R7）,https://www.city.tateyama.chiba.jp/files/300368997.pdf,5,,3,館山市,,サル,捕獲頭数,1,頭,
tateyama_capture_species,館山市 市内捕獲状況（H27–R7）,https://www.city.tateyama.chiba.jp/files/300368997.pdf,5,,4,館山市,,アライグマ,捕獲頭数,9,頭,
tateyama_capture_species,館山市 市内捕獲状況（H27–R7）,https://www.city.tateyama.chiba.jp/files/300368997.pdf,5,,5,館山市,,アライグマ,捕獲頭数,6,頭,
tateyama_capture_species,館山市 市内捕獲状況（H27–R7）,https://www.city.tateyama.chiba.jp/files/300368997.pdf,5,,6,館山市,,アライグマ,捕獲頭数,9,頭,
tateyama_capture_species,館山市 市内捕獲状況（H27–R7）,https://www.city.tateyama.chiba.jp/files/300368997.pdf,5,,7,館山市,,アライグマ,捕獲頭数,11,頭,
tateyama_capture_species,館山市 市内捕獲状況（H27–R7）,https://www.city.tateyama.chiba.jp/files/300368997.pdf,5,,8,館山市,,アライグマ,捕獲頭数,17,頭,
tateyama_capture_species,館山市 市内捕獲状況（H27–R7）,https://www.city.tateyama.chiba.jp/files/300368997.pdf,5,,9,館山市,,アライグマ,捕獲頭数,11,頭,
tateyama_capture_species,館山市 市内捕獲状況（H27–R7）,https://www.city.tateyama.chiba.jp/files/300368997.pdf,5,,10,館山市,,アライグマ,捕獲頭数,24,頭,
tateyama_capture_species,館山市 市内捕獲状況（H27–R7）,https://www.city.tateyama.chiba.jp/files/300368997.pdf,5,,11,館山市,,アライグマ,捕獲頭数,21,頭,
tateyama_capture_species,館山市 市内捕獲状況（H27–R7）,https://www.city.tateyama.chiba.jp/files/300368997.pdf,5,,12,館山市,,アライグマ,捕獲頭数,5,頭,
tateyama_capture_species,館山市 市内捕獲状況（H27–R7）,https://www.city.tateyama.chiba.jp/files/300368997.pdf,5,,1,館山市,,アライグマ,捕獲頭数,13,頭,
tateyama_capture_species,館山市 市内捕獲状況（H27–R7）,https://www.city.tateyama.chiba.jp/files/300368997.pdf,5,,2,館山市,,アライグマ,捕獲頭数,18,頭,
tateyama_capture_species,館山市 市内捕獲状況（H27–R7）,https://www.city.tateyama.chiba.jp/files/300368997.pdf,5,,3,館山市,,アライグマ,捕獲頭数,6,頭,
tateyama_capture_species,館山市 市内捕獲状況（H27–R7）,https://www.city.tateyama.chiba.jp/files/300368997.pdf,5,,4,館山市,,ハクビシン,捕獲頭数,19,頭,
tateyama_capture_species,館山市 市内捕獲状況（H27–R7）,https://www.city.tateyama.chiba.jp/files/300368997.pdf,5,,5,館山市,,ハクビシン,捕獲頭数,11,頭,
tateyama_capture_species,館山市 市内捕獲状況（H27–R7）,https://www.city.tateyama.chiba.jp/files/300368997.pdf,5,,6,館山市,,ハクビシン,捕獲頭数,12,頭,
tateyama_capture_species,館山市 市内捕獲状況（H27–R7）,https://www.city.tateyama.chiba.jp/files/300368997.pdf,5,,7,館山市,,ハクビシン,捕獲頭数,17,頭,
tateyama_capture_species,館山市 市内捕獲状況（H27–R7）,https://www.city.tateyama.chiba.jp/files/300368997.pdf,5,,8,館山市,,ハクビシン,捕獲頭数,7,頭,
tateyama_capture_species,館山市 市内捕獲状況（H27–R7）,https://www.city.tateyama.chiba.jp/files/300368997.pdf,5,,9,館山市,,ハクビシン,捕獲頭数,4,頭,
tateyama_capture_species,館山市 市内捕獲状況（H27–R7）,https://www.city.tateyama.chiba.jp/files/300368997.pdf,5,,10,館山市,,ハクビシン,捕獲頭数,10,頭,
tateyama_capture_species,館山市 市内捕獲状況（H27–R7）,https://www.city.tateyama.chiba.jp/files/300368997.pdf,5,,11,館山市,,ハクビシン,捕獲頭数,6,頭,
tateyama_capture_species,館山市 市内捕獲状況（H27–R7）,https://www.city.tateyama.chiba.jp/files/300368997.pdf,5,,12,館山市,,ハクビシン,捕獲頭数,4,頭,
tateyama_capture_species,館山市 市内捕獲状況（H27–R7）,https://www.city.tateyama.chiba.jp/files/300368997.pdf,5,,1,館山市,,ハクビシン,捕獲頭数,1,頭,
tateyama_capture_species,館山市 市内捕獲状況（H27–R7）,https://www.city.tateyama.chiba.jp/files/300368997.pdf,5,,2,館山市,,ハクビシン,捕獲頭数,1,頭,
tateyama_capture_species,館山市 市内捕獲状況（H27–R7）,https://www.city.tateyama.chiba.jp/files/300368997.pdf,5,,3,館山市,,ハクビシン,捕獲頭数,6,頭,
tateyama_capture_species,館山市 市内捕獲状況（H27–R7）,https://www.city.tateyama.chiba.jp/files/300368997.pdf,5,,4,館山市,,タヌキ,捕獲頭数,38,頭,
tateyama_capture_species,館山市 市内捕獲状況（H27–R7）,https://www.city.tateyama.chiba.jp/files/300368997.pdf,5,,5,館山市,,タヌキ,捕獲頭数,11,頭,
tateyama_capture_species,館山市 市内捕獲状況（H27–R7）,https://www.city.tateyama.chiba.jp/files/300368997.pdf,5,,6,館山市,,タヌキ,捕獲頭数,12,頭,
tateyama_capture_species,館山市 市内捕獲状況（H27–R7）,https://www.city.tateyama.chiba.jp/files/300368997.pdf,5,,7,館山市,,タヌキ,捕獲頭数,26,頭,
tateyama_capture_species,館山市 市内捕獲状況（H27–R7）,https://www.city.tateyama.chiba.jp/files/300368997.pdf,5,,8,館山市,,タヌキ,捕獲頭数,32,頭,
tateyama_capture_species,館山市 市内捕獲状況（H27–R7）,https://www.city.tateyama.chiba.jp/files/300368997.pdf,5,,9,館山市,,タヌキ,捕獲頭数,35,頭,
tateyama_capture_species,館山市 市内捕獲状況（H27–R7）,https://www.city.tateyama.chiba.jp/files/300368997.pdf,5,,10,館山市,,タヌキ,捕獲頭数,84,頭,
tateyama_capture_species,館山市 市内捕獲状況（H27–R7）,https://www.city.tateyama.chiba.jp/files/300368997.pdf,5,,11,館山市,,タヌキ,捕獲頭数,48,頭,
tateyama_capture_species,館山市 市内捕獲状況（H27–R7）,https://www.city.tateyama.chiba.jp/files/300368997.pdf,5,,12,館山市,,タヌキ,捕獲頭数,66,頭,
tateyama_capture_species,館山市 市内捕獲状況（H27–R7）,https://www.city.tateyama.chiba.jp/files/300368997.pdf,5,,1,館山市,,タヌキ,捕獲頭数,30,頭,
tateyama_capture_species,館山市 市内捕獲状況（H27–R7）,https://www.city.tateyama.chiba.jp/files/300368997.pdf,5,,2,館山市,,タヌキ,捕獲頭数,22,頭,
tateyama_capture_species,館山市 市内捕獲状況（H27–R7）,https://www.city.tateyama.chiba.jp/files/300368997.pdf,5,,3,館山市,,タヌキ,捕獲頭数,24,頭,
tateyama_capture_species,館山市 市内捕獲状況（H27–R7）,https://www.city.tateyama.chiba.jp/files/300368997.pdf,5,,4,館山市,,アナグマ,捕獲頭数,0,頭,
tateyama_capture_species,館山市 市内捕獲状況（H27–R7）,https://www.city.tateyama.chiba.jp/files/300368997.pdf,5,,5,館山市,,アナグマ,捕獲頭数,0,頭,
tateyama_capture_species,館山市 市内捕獲状況（H27–R7）,https://www.city.tateyama.chiba.jp/files/300368997.pdf,5,,6,館山市,,アナグマ,捕獲頭数,0,頭,
tateyama_capture_species,館山市 市内捕獲状況（H27–R7）,https://www.city.tateyama.chiba.jp/files/300368997.pdf,5,,7,館山市,,アナグマ,捕獲頭数,0,頭,
tateyama_capture_species,館山市 市内捕獲状況（H27–R7）,https://www.city.tateyama.chiba.jp/files/300368997.pdf,5,,8,館山市,,アナグマ,捕獲頭数,0,頭,
tateyama_capture_species,館山市 市内捕獲状況（H27–R7）,https://www.city.tateyama.chiba.jp/files/300368997.pdf,5,,9,館山市,,アナグマ,捕獲頭数,0,頭,
tateyama_capture_species,館山市 市内捕獲状況（H27–R7）,https://www.city.tateyama.chiba.jp/files/300368997.pdf,5,,10,館山市,,アナグマ,捕獲頭数,0,頭,
tateyama_capture_species,館山市 市内捕獲状況（H27–R7）,https://www.city.tateyama.chiba.jp/files/300368997.pdf,5,,11,館山市,,アナグマ,捕獲頭数,0,頭,
tateyama_capture_species,館山市 市内捕獲状況（H27–R7）,https://www.city.tateyama.chiba.jp/files/300368997.pdf,5,,12,館山市,,アナグマ,捕獲頭数,0,頭,
tateyama_capture_species,館山市 市内捕獲状況（H27–R7）,https://www.city.tateyama.chiba.jp/files/300368997.pdf,5,,1,館山市,,アナグマ,捕獲頭数,0,頭,
tateyama_capture_species,館山市 市内捕獲状況（H27–R7）,https://www.city.tateyama.chiba.jp/files/300368997.pdf,5,,2,館山市,,アナグマ,捕獲頭数,0,頭,
tateyama_capture_species,館山市 市内捕獲状況（H27–R7）,https://www.city.tateyama.chiba.jp/files/300368997.pdf,5,,3,館山市,,アナグマ,捕獲頭数,0,頭,
tateyama_capture_species,館山市 市内捕獲状況（H27–R7）,https://www.city.tateyama.chiba.jp/files/300368997.pdf,5,,4,館山市,,ノウサギ,捕獲頭数,0,頭,
tateyama_capture_species,館山市 市内捕獲状況（H27–R7）,https://www.city.tateyama.chiba.jp/files/300368997.pdf,5,,5,館山市,,ノウサギ,捕獲頭数,3,頭,
tateyama_capture_species,館山市 市内捕獲状況（H27–R7）,https://www.city.tateyama.chiba.jp/files/300368997.pdf,5,,6,館山市,,ノウサギ,捕獲頭数,0,頭,
tateyama_capture_species,館山市 市内捕獲状況（H27–R7）,https://www.city.tateyama.chiba.jp/files/300368997.pdf,5,,7,館山市,,ノウサギ,捕獲頭数,0,頭,
tateyama_capture_species,館山市 市内捕獲状況（H27–R7）,https://www.city.tateyama.chiba.jp/files/300368997.pdf,5,,8,館山市,,ノウサギ,捕獲頭数,1,頭,
tateyama_capture_species,館山市 市内捕獲状況（H27–R7）,https://www.city.tateyama.chiba.jp/files/300368997.pdf,5,,9,館山市,,ノウサギ,捕獲頭数,0,頭,
tateyama_capture_species,館山市 市内捕獲状況（H27–R7）,https://www.city.tateyama.chiba.jp/files/300368997.pdf,5,,10,館山市,,ノウサギ,捕獲頭数,1,頭,
tateyama_capture_species,館山市 市内捕獲状況（H27–R7）,https://www.city.tateyama.chiba.jp/files/300368997.pdf,5,,11,館山市,,ノウサギ,捕獲頭数,1,頭,
tateyama_capture_species,館山市 市内捕獲状況（H27–R7）,https://www.city.tateyama.chiba.jp/files/300368997.pdf,5,,12,館山市,,ノウサギ,捕獲頭数,2,頭,
tateyama_capture_species,館山市 市内捕獲状況（H27–R7）,https://www.city.tateyama.chiba.jp/files/300368997.pdf,5,,1,館山市,,ノウサギ,捕獲頭数,2,頭,
tateyama_capture_species,館山市 市内捕獲状況（H27–R7）,https://www.city.tateyama.chiba.jp/files/300368997.pdf,5,,2,館山市,,ノウサギ,捕獲頭数,1,頭,
tateyama_capture_species,館山市 市内捕獲状況（H27–R7）,https://www.city.tateyama.chiba.jp/files/300368997.pdf,5,,3,館山市,,ノウサギ,捕獲頭数,2,頭,
tateyama_capture_species,館山市 市内捕獲状況（H27–R7）,https://www.city.tateyama.chiba.jp/files/300368997.pdf,6,,4,館山市,,イノシシ,捕獲頭数,94,頭,
tateyama_capture_species,館山市 市内捕獲状況（H27–R7）,https://www.city.tateyama.chiba.jp/files/300368997.pdf,6,,5,館山市,,イノシシ,捕獲頭数,93,頭,
tateyama_capture_species,館山市 市内捕獲状況（H27–R7）,https://www.city.tateyama.chiba.jp/files/300368997.pdf,6,,6,館山市,,イノシシ,捕獲頭数,87,頭,
tateyama_capture_species,館山市 市内捕獲状況（H27–R7）,https://www.city.tateyama.chiba.jp/files/300368997.pdf,6,,7,館山市,,イノシシ,捕獲頭数,101,頭,
tateyama_capture_species,館山市 市内捕獲状況（H27–R7）,https://www.city.tateyama.chiba.jp/files/300368997.pdf,6,,8,館山市,,イノシシ,捕獲頭数,176,頭,
tateyama_capture_species,館山市 市内捕獲状況（H27–R7）,https://www.city.tateyama.chiba.jp/files/300368997.pdf,6,,9,館山市,,イノシシ,捕獲頭数,112,頭,
tateyama_capture_species,館山市 市内捕獲状況（H27–R7）,https://www.city.tateyama.chiba.jp/files/300368997.pdf,6,,10,館山市,,イノシシ,捕獲頭数,148,頭,
tateyama_capture_species,館山市 市内捕獲状況（H27–R7）,https://www.city.tateyama.chiba.jp/files/300368997.pdf,6,,11,館山市,,イノシシ,捕獲頭数,191,頭,
tateyama_capture_species,館山市 市内捕獲状況（H27–R7）,https://www.city.tateyama.chiba.jp/files/300368997.pdf,6,,12,館山市,,イノシシ,捕獲頭数,171,頭,
tateyama_capture_species,館山市 市内捕獲状況（H27–R7）,https://www.city.tateyama.chiba.jp/files/300368997.pdf,6,,1,館山市,,イノシシ,捕獲頭数,158,頭,
tateyama_capture_species,館山市 市内捕獲状況（H27–R7）,https://www.city.tateyama.chiba.jp/files/300368997.pdf,6,,2,館山市,,イノシシ,捕獲頭数,105,頭,
tateyama_capture_species,館山市 市内捕獲状況（H27–R7）,https://www.city.tateyama.chiba.jp/files/300368997.pdf,6,,3,館山市,,イノシシ,捕獲頭数,118,頭,
tateyama_capture_species,館山市 市内捕獲状況（H27–R7）,https://www.city.tateyama.chiba.jp/files/300368997.pdf,6,,4,館山市,,イノシシ幼獣,捕獲頭数,2,頭,
tateyama_capture_species,館山市 市内捕獲状況（H27–R7）,https://www.city.tateyama.chiba.jp/files/300368997.pdf,6,,5,館山市,,イノシシ幼獣,捕獲頭数,1,頭,
tateyama_capture_species,館山市 市内捕獲状況（H27–R7）,https://www.city.tateyama.chiba.jp/files/300368997.pdf,6,,6,館山市,,イノシシ幼獣,捕獲頭数,2,頭,
tateyama_capture_species,館山市 市内捕獲状況（H27–R7）,https://www.city.tateyama.chiba.jp/files/300368997.pdf,6,,7,館山市,,イノシシ幼獣,捕獲頭数,12,頭,
tateyama_capture_species,館山市 市内捕獲状況（H27–R7）,https://www.city.tateyama.chiba.jp/files/300368997.pdf,6,,8,館山市,,イノシシ幼獣,捕獲頭数,80,頭,
tateyama_capture_species,館山市 市内捕獲状況（H27–R7）,https://www.city.tateyama.chiba.jp/files/300368997.pdf,6,,9,館山市,,イノシシ幼獣,捕獲頭数,28,頭,
tateyama_capture_species,館山市 市内捕獲状況（H27–R7）,https://www.city.tateyama.chiba.jp/files/300368997.pdf,6,,10,館山市,,イノシシ幼獣,捕獲頭数,9,頭,
tateyama_capture_species,館山市 市内捕獲状況（H27–R7）,https://www.city.tateyama.chiba.jp/files/300368997.pdf,6,,11,館山市,,イノシシ幼獣,捕獲頭数,1,頭,
tateyama_capture_species,館山市 市内捕獲状況（H27–R7）,https://www.city.tateyama.chiba.jp/files/300368997.pdf,6,,12,館山市,,イノシシ幼獣,捕獲頭数,0,頭,
tateyama_capture_species,館山市 市内捕獲状況（H27–R7）,https://www.city.tateyama.chiba.jp/files/300368997.pdf,6,,1,館山市,,イノシシ幼獣,捕獲頭数,0,頭,
tateyama_capture_species,館山市 市内捕獲状況（H27–R7）,https://www.city.tateyama.chiba.jp/files/300368997.pdf,6,,2,館山市,,イノシシ幼獣,捕獲頭数,2,頭,
tateyama_capture_species,館山市 市内捕獲状況（H27–R7）,https://www.city.tateyama.chiba.jp/files/300368997.pdf,6,,3,館山市,,イノシシ幼獣,捕獲頭数,0,頭,
tateyama_capture_species,館山市 市内捕獲状況（H27–R7）,https://www.city.tateyama.chiba.jp/files/300368997.pdf,6,,4,館山市,,シカ,捕獲頭数,5,頭,
tateyama_capture_species,館山市 市内捕獲状況（H27–R7）,https://www.city.tateyama.chiba.jp/files/300368997.pdf,6,,5,館山市,,シカ,捕獲頭数,2,頭,
tateyama_capture_species,館山市 市内捕獲状況（H27–R7）,https://www.city.tateyama.chiba.jp/files/300368997.pdf,6,,6,館山市,,シカ,捕獲頭数,1,頭,
tateyama_capture_species,館山市 市内捕獲状況（H27–R7）,https://www.city.tateyama.chiba.jp/files/300368997.pdf,6,,7,館山市,,シカ,捕獲頭数,1,頭,
tateyama_capture_species,館山市 市内捕獲状況（H27–R7）,https://www.city.tateyama.chiba.jp/files/300368997.pdf,6,,8,館山市,,シカ,捕獲頭数,2,頭,
tateyama_capture_species,館山市 市内捕獲状況（H27–R7）,https://www.city.tateyama.chiba.jp/files/300368997.pdf,6,,9,館山市,,シカ,捕獲頭数,0,頭,
tateyama_capture_species,館山市 市内捕獲状況（H27–R7）,https://www.city.tateyama.chiba.jp/files/300368997.pdf,6,,10,館山市,,シカ,捕獲頭数,3,頭,
tateyama_capture_species,館山市 市内捕獲状況（H27–R7）,https://www.city.tateyama.chiba.jp/files/300368997.pdf,6,,11,館山市,,シカ,捕獲頭数,5,頭,
tateyama_capture_species,館山市 市内捕獲状況（H27–R7）,https://www.city.tateyama.chiba.jp/files/300368997.pdf,6,,12,館山市,,シカ,捕獲頭数,4,頭,
tateyama_capture_species,館山市 市内捕獲状況（H27–R7）,https://www.city.tateyama.chiba.jp/files/300368997.pdf,6,,1,館山市,,シカ,捕獲頭数,5,頭,
tateyama_capture_species,館山市 市内捕獲状況（H27–R7）,https://www.city.tateyama.chiba.jp/files/300368997.pdf,6,,2,館山市,,シカ,捕獲頭数,4,頭,
tateyama_capture_species,館山市 市内捕獲状況（H27–R7）,https://www.city.tateyama.chiba.jp/files/300368997.pdf,6,,3,館山市,,シカ,捕獲頭数,6,頭,
tateyama_capture_species,館山市 市内捕獲状況（H27–R7）,https://www.city.tateyama.chiba.jp/files/300368997.pdf,6,,4,館山市,,キョン,捕獲頭数,16,頭,
tateyama_capture_species,館山市 市内捕獲状況（H27–R7）,https://www.city.tateyama.chiba.jp/files/300368997.pdf,6,,5,館山市,,キョン,捕獲頭数,13,頭,
tateyama_capture_species,館山市 市内捕獲状況（H27–R7）,https://www.city.tateyama.chiba.jp/files/300368997.pdf,6,,6,館山市,,キョン,捕獲頭数,1,頭,
tateyama_capture_species,館山市 市内捕獲状況（H27–R7）,https://www.city.tateyama.chiba.jp/files/300368997.pdf,6,,7,館山市,,キョン,捕獲頭数,5,頭,
tateyama_capture_species,館山市 市内捕獲状況（H27–R7）,https://www.city.tateyama.chiba.jp/files/300368997.pdf,6,,8,館山市,,キョン,捕獲頭数,5,頭,
tateyama_capture_species,館山市 市内捕獲状況（H27–R7）,https://www.city.tateyama.chiba.jp/files/300368997.pdf,6,,9,館山市,,キョン,捕獲頭数,2,頭,
tateyama_capture_species,館山市 市内捕獲状況（H27–R7）,https://www.city.tateyama.chiba.jp/files/300368997.pdf,6,,10,館山市,,キョン,捕獲頭数,10,頭,
tateyama_capture_species,館山市 市内捕獲状況（H27–R7）,https://www.city.tateyama.chiba.jp/files/300368997.pdf,6,,11,館山市,,キョン,捕獲頭数,12,頭,
tateyama_capture_species,館山市 市内捕獲状況（H27–R7）,https://www.city.tateyama.chiba.jp/files/300368997.pdf,6,,12,館山市,,キョン,捕獲頭数,15,頭,
tateyama_capture_species,館山市 市内捕獲状況（H27–R7）,https://www.city.tateyama.chiba.jp/files/300368997.pdf,6,,1,館山市,,キョン,捕獲頭数,19,頭,
tateyama_capture_species,館山市 市内捕獲状況（H27–R7）,https://www.city.tateyama.chiba.jp/files/300368997.pdf,6,,2,館山市,,キョン,捕獲頭数,18,頭,
tateyama_capture_species,館山市 市内捕獲状況（H27–R7）,https://www.city.tateyama.chiba.jp/files/300368997.pdf,6,,3,館山市,,キョン,捕獲頭数,16,頭,
tateyama_capture_species,館山市 市内捕獲状況（H27–R7）,https://www.city.tateyama.chiba.jp/files/300368997.pdf,6,,4,館山市,,サル,捕獲頭数,1,頭,
tateyama_capture_species,館山市 市内捕獲状況（H27–R7）,https://www.city.tateyama.chiba.jp/files/300368997.pdf,6,,5,館山市,,サル,捕獲頭数,1,頭,
tateyama_capture_species,館山市 市内捕獲状況（H27–R7）,https://www.city.tateyama.chiba.jp/files/300368997.pdf,6,,6,館山市,,サル,捕獲頭数,0,頭,
tateyama_capture_species,館山市 市内捕獲状況（H27–R7）,https://www.city.tateyama.chiba.jp/files/300368997.pdf,6,,7,館山市,,サル,捕獲頭数,0,頭,
tateyama_capture_species,館山市 市内捕獲状況（H27–R7）,https://www.city.tateyama.chiba.jp/files/300368997.pdf,6,,8,館山市,,サル,捕獲頭数,0,頭,
tateyama_capture_species,館山市 市内捕獲状況（H27–R7）,https://www.city.tateyama.chiba.jp/files/300368997.pdf,6,,9,館山市,,サル,捕獲頭数,0,頭,
tateyama_capture_species,館山市 市内捕獲状況（H27–R7）,https://www.city.tateyama.chiba.jp/files/300368997.pdf,6,,10,館山市,,サル,捕獲頭数,0,頭,
tateyama_capture_species,館山市 市内捕獲状況（H27–R7）,https://www.city.tateyama.chiba.jp/files/300368997.pdf,6,,11,館山市,,サル,捕獲頭数,1,頭,
tateyama_capture_species,館山市 市内捕獲状況（H27–R7）,https://www.city.tateyama.chiba.jp/files/300368997.pdf,6,,12,館山市,,サル,捕獲頭数,1,頭,
tateyama_capture_species,館山市 市内捕獲状況（H27–R7）,https://www.city.tateyama.chiba.jp/files/300368997.pdf,6,,1,館山市,,サル,捕獲頭数,0,頭,
tateyama_capture_species,館山市 市内捕獲状況（H27–R7）,https://www.city.tateyama.chiba.jp/files/300368997.pdf,6,,2,館山市,,サル,捕獲頭数,0,頭,
tateyama_capture_species,館山市 市内捕獲状況（H27–R7）,https://www.city.tateyama.chiba.jp/files/300368997.pdf,6,,3,館山市,,サル,捕獲頭数,0,頭,
tateyama_capture_species,館山市 市内捕獲状況（H27–R7）,https://www.city.tateyama.chiba.jp/files/300368997.pdf,6,,4,館山市,,アライグマ,捕獲頭数,8,頭,
tateyama_capture_species,館山市 市内捕獲状況（H27–R7）,https://www.city.tateyama.chiba.jp/files/300368997.pdf,6,,5,館山市,,アライグマ,捕獲頭数,4,頭,
tateyama_capture_species,館山市 市内捕獲状況（H27–R7）,https://www.city.tateyama.chiba.jp/files/300368997.pdf,6,,6,館山市,,アライグマ,捕獲頭数,8,頭,
tateyama_capture_species,館山市 市内捕獲状況（H27–R7）,https://www.city.tateyama.chiba.jp/files/300368997.pdf,6,,7,館山市,,アライグマ,捕獲頭数,5,頭,
tateyama_capture_species,館山市 市内捕獲状況（H27–R7）,https://www.city.tateyama.chiba.jp/files/300368997.pdf,6,,8,館山市,,アライグマ,捕獲頭数,8,頭,
tateyama_capture_species,館山市 市内捕獲状況（H27–R7）,https://www.city.tateyama.chiba.jp/files/300368997.pdf,6,,9,館山市,,アライグマ,捕獲頭数,5,頭,
tateyama_capture_species,館山市 市内捕獲状況（H27–R7）,https://www.city.tateyama.chiba.jp/files/300368997.pdf,6,,10,館山市,,アライグマ,捕獲頭数,20,頭,
tateyama_capture_species,館山市 市内捕獲状況（H27–R7）,https://www.city.tateyama.chiba.jp/files/300368997.pdf,6,,11,館山市,,アライグマ,捕獲頭数,20,頭,
tateyama_capture_species,館山市 市内捕獲状況（H27–R7）,https://www.city.tateyama.chiba.jp/files/300368997.pdf,6,,12,館山市,,アライグマ,捕獲頭数,11,頭,
tateyama_capture_species,館山市 市内捕獲状況（H27–R7）,https://www.city.tateyama.chiba.jp/files/300368997.pdf,6,,1,館山市,,アライグマ,捕獲頭数,8,頭,
tateyama_capture_species,館山市 市内捕獲状況（H27–R7）,https://www.city.tateyama.chiba.jp/files/300368997.pdf,6,,2,館山市,,アライグマ,捕獲頭数,10,頭,
tateyama_capture_species,館山市 市内捕獲状況（H27–R7）,https://www.city.tateyama.chiba.jp/files/300368997.pdf,6,,3,館山市,,アライグマ,捕獲頭数,6,頭,
tateyama_capture_species,館山市 市内捕獲状況（H27–R7）,https://www.city.tateyama.chiba.jp/files/300368997.pdf,6,,4,館山市,,ハクビシン,捕獲頭数,12,頭,
tateyama_capture_species,館山市 市内捕獲状況（H27–R7）,https://www.city.tateyama.chiba.jp/files/300368997.pdf,6,,5,館山市,,ハクビシン,捕獲頭数,9,頭,
tateyama_capture_species,館山市 市内捕獲状況（H27–R7）,https://www.city.tateyama.chiba.jp/files/300368997.pdf,6,,6,館山市,,ハクビシン,捕獲頭数,14,頭,
tateyama_capture_species,館山市 市内捕獲状況（H27–R7）,https://www.city.tateyama.chiba.jp/files/300368997.pdf,6,,7,館山市,,ハクビシン,捕獲頭数,13,頭,
tateyama_capture_species,館山市 市内捕獲状況（H27–R7）,https://www.city.tateyama.chiba.jp/files/300368997.pdf,6,,8,館山市,,ハクビシン,捕獲頭数,6,頭,
tateyama_capture_species,館山市 市内捕獲状況（H27–R7）,https://www.city.tateyama.chiba.jp/files/300368997.pdf,6,,9,館山市,,ハクビシン,捕獲頭数,2,頭,
tateyama_capture_species,館山市 市内捕獲状況（H27–R7）,https://www.city.tateyama.chiba.jp/files/300368997.pdf,6,,10,館山市,,ハクビシン,捕獲頭数,6,頭,
tateyama_capture_species,館山市 市内捕獲状況（H27–R7）,https://www.city.tateyama.chiba.jp/files/300368997.pdf,6,,11,館山市,,ハクビシン,捕獲頭数,3,頭,
tateyama_capture_species,館山市 市内捕獲状況（H27–R7）,https://www.city.tateyama.chiba.jp/files/300368997.pdf,6,,12,館山市,,ハクビシン,捕獲頭数,2,頭,
tateyama_capture_species,館山市 市内捕獲状況（H27–R7）,https://www.city.tateyama.chiba.jp/files/300368997.pdf,6,,1,館山市,,ハクビシン,捕獲頭数,2,頭,
tateyama_capture_species,館山市 市内捕獲状況（H27–R7）,https://www.city.tateyama.chiba.jp/files/300368997.pdf,6,,2,館山市,,ハクビシン,捕獲頭数,1,頭,
tateyama_capture_species,館山市 市内捕獲状況（H27–R7）,https://www.city.tateyama.chiba.jp/files/300368997.pdf,6,,3,館山市,,ハクビシン,捕獲頭数,5,頭,
tateyama_capture_species,館山市 市内捕獲状況（H27–R7）,https://www.city.tateyama.chiba.jp/files/300368997.pdf,6,,4,館山市,,タヌキ,捕獲頭数,14,頭,
tateyama_capture_species,館山市 市内捕獲状況（H27–R7）,https://www.city.tateyama.chiba.jp/files/300368997.pdf,6,,5,館山市,,タヌキ,捕獲頭数,9,頭,
tateyama_capture_species,館山市 市内捕獲状況（H27–R7）,https://www.city.tateyama.chiba.jp/files/300368997.pdf,6,,6,館山市,,タヌキ,捕獲頭数,14,頭,
tateyama_capture_species,館山市 市内捕獲状況（H27–R7）,https://www.city.tateyama.chiba.jp/files/300368997.pdf,6,,7,館山市,,タヌキ,捕獲頭数,13,頭,
tateyama_capture_species,館山市 市内捕獲状況（H27–R7）,https://www.city.tateyama.chiba.jp/files/300368997.pdf,6,,8,館山市,,タヌキ,捕獲頭数,23,頭,
tateyama_capture_species,館山市 市内捕獲状況（H27–R7）,https://www.city.tateyama.chiba.jp/files/300368997.pdf,6,,9,館山市,,タヌキ,捕獲頭数,32,頭,
tateyama_capture_species,館山市 市内捕獲状況（H27–R7）,https://www.city.tateyama.chiba.jp/files/300368997.pdf,6,,10,館山市,,タヌキ,捕獲頭数,54,頭,
tateyama_capture_species,館山市 市内捕獲状況（H27–R7）,https://www.city.tateyama.chiba.jp/files/300368997.pdf,6,,11,館山市,,タヌキ,捕獲頭数,54,頭,
tateyama_capture_species,館山市 市内捕獲状況（H27–R7）,https://www.city.tateyama.chiba.jp/files/300368997.pdf,6,,12,館山市,,タヌキ,捕獲頭数,69,頭,
tateyama_capture_species,館山市 市内捕獲状況（H27–R7）,https://www.city.tateyama.chiba.jp/files/300368997.pdf,6,,1,館山市,,タヌキ,捕獲頭数,33,頭,
tateyama_capture_species,館山市 市内捕獲状況（H27–R7）,https://www.city.tateyama.chiba.jp/files/300368997.pdf,6,,2,館山市,,タヌキ,捕獲頭数,20,頭,
tateyama_capture_species,館山市 市内捕獲状況（H27–R7）,https://www.city.tateyama.chiba.jp/files/300368997.pdf,6,,3,館山市,,タヌキ,捕獲頭数,30,頭,
tateyama_capture_species,館山市 市内捕獲状況（H27–R7）,https://www.city.tateyama.chiba.jp/files/300368997.pdf,6,,4,館山市,,アナグマ,捕獲頭数,0,頭,
tateyama_capture_species,館山市 市内捕獲状況（H27–R7）,https://www.city.tateyama.chiba.jp/files/300368997.pdf,6,,5,館山市,,アナグマ,捕獲頭数,0,頭,
tateyama_capture_species,館山市 市内捕獲状況（H27–R7）,https://www.city.tateyama.chiba.jp/files/300368997.pdf,6,,6,館山市,,アナグマ,捕獲頭数,0,頭,
tateyama_capture_species,館山市 市内捕獲状況（H27–R7）,https://www.city.tateyama.chiba.jp/files/300368997.pdf,6,,7,館山市,,アナグマ,捕獲頭数,0,頭,
tateyama_capture_species,館山市 市内捕獲状況（H27–R7）,https://www.city.tateyama.chiba.jp/files/300368997.pdf,6,,8,館山市,,アナグマ,捕獲頭数,0,頭,
tateyama_capture_species,館山市 市内捕獲状況（H27–R7）,https://www.city.tateyama.chiba.jp/files/300368997.pdf,6,,9,館山市,,アナグマ,捕獲頭数,0,頭,
tateyama_capture_species,館山市 市内捕獲状況（H27–R7）,https://www.city.tateyama.chiba.jp/files/300368997.pdf,6,,10,館山市,,アナグマ,捕獲頭数,0,頭,
tateyama_capture_species,館山市 市内捕獲状況（H27–R7）,https://www.city.tateyama.chiba.jp/files/300368997.pdf,6,,11,館山市,,アナグマ,捕獲頭数,0,頭,
tateyama_capture_species,館山市 市内捕獲状況（H27–R7）,https://www.city.tateyama.chiba.jp/files/300368997.pdf,6,,12,館山市,,アナグマ,捕獲頭数,0,頭,
tateyama_capture_species,館山市 市内捕獲状況（H27–R7）,https://www.city.tateyama.chiba.jp/files/300368997.pdf,6,,1,館山市,,アナグマ,捕獲頭数,0,頭,
tateyama_capture_species,館山市 市内捕獲状況（H27–R7）,https://www.city.tateyama.chiba.jp/files/300368997.pdf,6,,2,館山市,,アナグマ,捕獲頭数,0,頭,
tateyama_capture_species,館山市 市内捕獲状況（H27–R7）,https://www.city.tateyama.chiba.jp/files/300368997.pdf,6,,3,館山市,,アナグマ,捕獲頭数,0,頭,
tateyama_capture_species,館山市 市内捕獲状況（H27–R7）,https://www.city.tateyama.chiba.jp/files/300368997.pdf,6,,4,館山市,,ノウサギ,捕獲頭数,3,頭,
tateyama_capture_species,館山市 市内捕獲状況（H27–R7）,https://www.city.tateyama.chiba.jp/files/300368997.pdf,6,,5,館山市,,ノウサギ,捕獲頭数,1,頭,
tateyama_capture_species,館山市 市内捕獲状況（H27–R7）,https://www.city.tateyama.chiba.jp/files/300368997.pdf,6,,6,館山市,,ノウサギ,捕獲頭数,1,頭,
tateyama_capture_species,館山市 市内捕獲状況（H27–R7）,https://www.city.tateyama.chiba.jp/files/300368997.pdf,6,,7,館山市,,ノウサギ,捕獲頭数,0,頭,
tateyama_capture_species,館山市 市内捕獲状況（H27–R7）,https://www.city.tateyama.chiba.jp/files/300368997.pdf,6,,8,館山市,,ノウサギ,捕獲頭数,0,頭,
tateyama_capture_species,館山市 市内捕獲状況（H27–R7）,https://www.city.tateyama.chiba.jp/files/300368997.pdf,6,,9,館山市,,ノウサギ,捕獲頭数,1,頭,
tateyama_capture_species,館山市 市内捕獲状況（H27–R7）,https://www.city.tateyama.chiba.jp/files/300368997.pdf,6,,10,館山市,,ノウサギ,捕獲頭数,0,頭,
tateyama_capture_species,館山市 市内捕獲状況（H27–R7）,https://www.city.tateyama.chiba.jp/files/300368997.pdf,6,,11,館山市,,ノウサギ,捕獲頭数,1,頭,
tateyama_capture_species,館山市 市内捕獲状況（H27–R7）,https://www.city.tateyama.chiba.jp/files/300368997.pdf,6,,12,館山市,,ノウサギ,捕獲頭数,3,頭,
tateyama_capture_species,館山市 市内捕獲状況（H27–R7）,https://www.city.tateyama.chiba.jp/files/300368997.pdf,6,,1,館山市,,ノウサギ,捕獲頭数,6,頭,
tateyama_capture_species,館山市 市内捕獲状況（H27–R7）,https://www.city.tateyama.chiba.jp/files/300368997.pdf,6,,2,館山市,,ノウサギ,捕獲頭数,5,頭,
tateyama_capture_species,館山市 市内捕獲状況（H27–R7）,https://www.city.tateyama.chiba.jp/files/300368997.pdf,6,,3,館山市,,ノウサギ,捕獲頭数,3,頭,
tateyama_capture_species,館山市 市内捕獲状況（H27–R7）,https://www.city.tateyama.chiba.jp/files/300368997.pdf,7,,4,館山市,,イノシシ,捕獲頭数,117,頭,
tateyama_capture_species,館山市 市内捕獲状況（H27–R7）,https://www.city.tateyama.chiba.jp/files/300368997.pdf,7,,5,館山市,,イノシシ,捕獲頭数,118,頭,
tateyama_capture_species,館山市 市内捕獲状況（H27–R7）,https://www.city.tateyama.chiba.jp/files/300368997.pdf,7,,6,館山市,,イノシシ,捕獲頭数,154,頭,
tateyama_capture_species,館山市 市内捕獲状況（H27–R7）,https://www.city.tateyama.chiba.jp/files/300368997.pdf,7,,7,館山市,,イノシシ,捕獲頭数,251,頭,
tateyama_capture_species,館山市 市内捕獲状況（H27–R7）,https://www.city.tateyama.chiba.jp/files/300368997.pdf,7,,8,館山市,,イノシシ,捕獲頭数,389,頭,
tateyama_capture_species,館山市 市内捕獲状況（H27–R7）,https://www.city.tateyama.chiba.jp/files/300368997.pdf,7,,9,館山市,,イノシシ,捕獲頭数,286,頭,
tateyama_capture_species,館山市 市内捕獲状況（H27–R7）,https://www.city.tateyama.chiba.jp/files/300368997.pdf,7,,10,館山市,,イノシシ,捕獲頭数,345,頭,
tateyama_capture_species,館山市 市内捕獲状況（H27–R7）,https://www.city.tateyama.chiba.jp/files/300368997.pdf,7,,11,館山市,,イノシシ,捕獲頭数,265,頭,
tateyama_capture_species,館山市 市内捕獲状況（H27–R7）,https://www.city.tateyama.chiba.jp/files/300368997.pdf,7,,12,館山市,,イノシシ,捕獲頭数,224,頭,
tateyama_capture_species,館山市 市内捕獲状況（H27–R7）,https://www.city.tateyama.chiba.jp/files/300368997.pdf,7,,1,館山市,,イノシシ,捕獲頭数,195,頭,
tateyama_capture_species,館山市 市内捕獲状況（H27–R7）,https://www.city.tateyama.chiba.jp/files/300368997.pdf,7,,2,館山市,,イノシシ,捕獲頭数,150,頭,
tateyama_capture_species,館山市 市内捕獲状況（H27–R7）,https://www.city.tateyama.chiba.jp/files/300368997.pdf,7,,3,館山市,,イノシシ,捕獲頭数,181,頭,
tateyama_capture_species,館山市 市内捕獲状況（H27–R7）,https://www.city.tateyama.chiba.jp/files/300368997.pdf,7,,4,館山市,,イノシシ幼獣,捕獲頭数,5,頭,
tateyama_capture_species,館山市 市内捕獲状況（H27–R7）,https://www.city.tateyama.chiba.jp/files/300368997.pdf,7,,5,館山市,,イノシシ幼獣,捕獲頭数,2,頭,
tateyama_capture_species,館山市 市内捕獲状況（H27–R7）,https://www.city.tateyama.chiba.jp/files/300368997.pdf,7,,6,館山市,,イノシシ幼獣,捕獲頭数,33,頭,
tateyama_capture_species,館山市 市内捕獲状況（H27–R7）,https://www.city.tateyama.chiba.jp/files/300368997.pdf,7,,7,館山市,,イノシシ幼獣,捕獲頭数,97,頭,
tateyama_capture_species,館山市 市内捕獲状況（H27–R7）,https://www.city.tateyama.chiba.jp/files/300368997.pdf,7,,8,館山市,,イノシシ幼獣,捕獲頭数,176,頭,
tateyama_capture_species,館山市 市内捕獲状況（H27–R7）,https://www.city.tateyama.chiba.jp/files/300368997.pdf,7,,9,館山市,,イノシシ幼獣,捕獲頭数,31,頭,
tateyama_capture_species,館山市 市内捕獲状況（H27–R7）,https://www.city.tateyama.chiba.jp/files/300368997.pdf,7,,10,館山市,,イノシシ幼獣,捕獲頭数,13,頭,
tateyama_capture_species,館山市 市内捕獲状況（H27–R7）,https://www.city.tateyama.chiba.jp/files/300368997.pdf,7,,11,館山市,,イノシシ幼獣,捕獲頭数,10,頭,
tateyama_capture_species,館山市 市内捕獲状況（H27–R7）,https://www.city.tateyama.chiba.jp/files/300368997.pdf,7,,12,館山市,,イノシシ幼獣,捕獲頭数,7,頭,
tateyama_capture_species,館山市 市内捕獲状況（H27–R7）,https://www.city.tateyama.chiba.jp/files/300368997.pdf,7,,1,館山市,,イノシシ幼獣,捕獲頭数,3,頭,
tateyama_capture_species,館山市 市内捕獲状況（H27–R7）,https://www.city.tateyama.chiba.jp/files/300368997.pdf,7,,2,館山市,,イノシシ幼獣,捕獲頭数,4,頭,
tateyama_capture_species,館山市 市内捕獲状況（H27–R7）,https://www.city.tateyama.chiba.jp/files/300368997.pdf,7,,3,館山市,,イノシシ幼獣,捕獲頭数,1,頭,
tateyama_capture_species,館山市 市内捕獲状況（H27–R7）,https://www.city.tateyama.chiba.jp/files/300368997.pdf,7,,4,館山市,,シカ,捕獲頭数,5,頭,
tateyama_capture_species,館山市 市内捕獲状況（H27–R7）,https://www.city.tateyama.chiba.jp/files/300368997.pdf,7,,5,館山市,,シカ,捕獲頭数,10,頭,
tateyama_capture_species,館山市 市内捕獲状況（H27–R7）,https://www.city.tateyama.chiba.jp/files/300368997.pdf,7,,6,館山市,,シカ,捕獲頭数,2,頭,
tateyama_capture_species,館山市 市内捕獲状況（H27–R7）,https://www.city.tateyama.chiba.jp/files/300368997.pdf,7,,7,館山市,,シカ,捕獲頭数,6,頭,
tateyama_capture_species,館山市 市内捕獲状況（H27–R7）,https://www.city.tateyama.chiba.jp/files/300368997.pdf,7,,8,館山市,,シカ,捕獲頭数,3,頭,
tateyama_capture_species,館山市 市内捕獲状況（H27–R7）,https://www.city.tateyama.chiba.jp/files/300368997.pdf,7,,9,館山市,,シカ,捕獲頭数,3,頭,
tateyama_capture_species,館山市 市内捕獲状況（H27–R7）,https://www.city.tateyama.chiba.jp/files/300368997.pdf,7,,10,館山市,,シカ,捕獲頭数,7,頭,
tateyama_capture_species,館山市 市内捕獲状況（H27–R7）,https://www.city.tateyama.chiba.jp/files/300368997.pdf,7,,11,館山市,,シカ,捕獲頭数,8,頭,
tateyama_capture_species,館山市 市内捕獲状況（H27–R7）,https://www.city.tateyama.chiba.jp/files/300368997.pdf,7,,12,館山市,,シカ,捕獲頭数,7,頭,
tateyama_capture_species,館山市 市内捕獲状況（H27–R7）,https://www.city.tateyama.chiba.jp/files/300368997.pdf,7,,1,館山市,,シカ,捕獲頭数,4,頭,
tateyama_capture_species,館山市 市内捕獲状況（H27–R7）,https://www.city.tateyama.chiba.jp/files/300368997.pdf,7,,2,館山市,,シカ,捕獲頭数,4,頭,
tateyama_capture_species,館山市 市内捕獲状況（H27–R7）,https://www.city.tateyama.chiba.jp/files/300368997.pdf,7,,3,館山市,,シカ,捕獲頭数,8,頭,
tateyama_capture_species,館山市 市内捕獲状況（H27–R7）,https://www.city.tateyama.chiba.jp/files/300368997.pdf,7,,4,館山市,,キョン,捕獲頭数,8,頭,
tateyama_capture_species,館山市 市内捕獲状況（H27–R7）,https://www.city.tateyama.chiba.jp/files/300368997.pdf,7,,5,館山市,,キョン,捕獲頭数,11,頭,
tateyama_capture_species,館山市 市内捕獲状況（H27–R7）,https://www.city.tateyama.chiba.jp/files/300368997.pdf,7,,6,館山市,,キョン,捕獲頭数,11,頭,
tateyama_capture_species,館山市 市内捕獲状況（H27–R7）,https://www.city.tateyama.chiba.jp/files/300368997.pdf,7,,7,館山市,,キョン,捕獲頭数,10,頭,
tateyama_capture_species,館山市 市内捕獲状況（H27–R7）,https://www.city.tateyama.chiba.jp/files/300368997.pdf,7,,8,館山市,,キョン,捕獲頭数,15,頭,
tateyama_capture_species,館山市 市内捕獲状況（H27–R7）,https://www.city.tateyama.chiba.jp/files/300368997.pdf,7,,9,館山市,,キョン,捕獲頭数,15,頭,
tateyama_capture_species,館山市 市内捕獲状況（H27–R7）,https://www.city.tateyama.chiba.jp/files/300368997.pdf,7,,10,館山市,,キョン,捕獲頭数,21,頭,
tateyama_capture_species,館山市 市内捕獲状況（H27–R7）,https://www.city.tateyama.chiba.jp/files/300368997.pdf,7,,11,館山市,,キョン,捕獲頭数,20,頭,
tateyama_capture_species,館山市 市内捕獲状況（H27–R7）,https://www.city.tateyama.chiba.jp/files/300368997.pdf,7,,12,館山市,,キョン,捕獲頭数,21,頭,
tateyama_capture_species,館山市 市内捕獲状況（H27–R7）,https://www.city.tateyama.chiba.jp/files/300368997.pdf,7,,1,館山市,,キョン,捕獲頭数,11,頭,
tateyama_capture_species,館山市 市内捕獲状況（H27–R7）,https://www.city.tateyama.chiba.jp/files/300368997.pdf,7,,2,館山市,,キョン,捕獲頭数,12,頭,
tateyama_capture_species,館山市 市内捕獲状況（H27–R7）,https://www.city.tateyama.chiba.jp/files/300368997.pdf,7,,3,館山市,,キョン,捕獲頭数,13,頭,
tateyama_capture_species,館山市 市内捕獲状況（H27–R7）,https://www.city.tateyama.chiba.jp/files/300368997.pdf,7,,4,館山市,,サル,捕獲頭数,0,頭,
tateyama_capture_species,館山市 市内捕獲状況（H27–R7）,https://www.city.tateyama.chiba.jp/files/300368997.pdf,7,,5,館山市,,サル,捕獲頭数,0,頭,
tateyama_capture_species,館山市 市内捕獲状況（H27–R7）,https://www.city.tateyama.chiba.jp/files/300368997.pdf,7,,6,館山市,,サル,捕獲頭数,1,頭,
tateyama_capture_species,館山市 市内捕獲状況（H27–R7）,https://www.city.tateyama.chiba.jp/files/300368997.pdf,7,,7,館山市,,サル,捕獲頭数,1,頭,
tateyama_capture_species,館山市 市内捕獲状況（H27–R7）,https://www.city.tateyama.chiba.jp/files/300368997.pdf,7,,8,館山市,,サル,捕獲頭数,0,頭,
tateyama_capture_species,館山市 市内捕獲状況（H27–R7）,https://www.city.tateyama.chiba.jp/files/300368997.pdf,7,,9,館山市,,サル,捕獲頭数,0,頭,
tateyama_capture_species,館山市 市内捕獲状況（H27–R7）,https://www.city.tateyama.chiba.jp/files/300368997.pdf,7,,10,館山市,,サル,捕獲頭数,2,頭,
tateyama_capture_species,館山市 市内捕獲状況（H27–R7）,https://www.city.tateyama.chiba.jp/files/300368997.pdf,7,,11,館山市,,サル,捕獲頭数,1,頭,
tateyama_capture_species,館山市 市内捕獲状況（H27–R7）,https://www.city.tateyama.chiba.jp/files/300368997.pdf,7,,12,館山市,,サル,捕獲頭数,0,頭,
tateyama_capture_species,館山市 市内捕獲状況（H27–R7）,https://www.city.tateyama.chiba.jp/files/300368997.pdf,7,,1,館山市,,サル,捕獲頭数,0,頭,
tateyama_capture_species,館山市 市内捕獲状況（H27–R7）,https://www.city.tateyama.chiba.jp/files/300368997.pdf,7,,2,館山市,,サル,捕獲頭数,0,頭,
tateyama_capture_species,館山市 市内捕獲状況（H27–R7）,https://www.city.tateyama.chiba.jp/files/300368997.pdf,7,,3,館山市,,サル,捕獲頭数,2,頭,
tateyama_capture_species,館山市 市内捕獲状況（H27–R7）,https://www.city.tateyama.chiba.jp/files/300368997.pdf,7,,4,館山市,,アライグマ,捕獲頭数,5,頭,
tateyama_capture_species,館山市 市内捕獲状況（H27–R7）,https://www.city.tateyama.chiba.jp/files/300368997.pdf,7,,5,館山市,,アライグマ,捕獲頭数,6,頭,
tateyama_capture_species,館山市 市内捕獲状況（H27–R7）,https://www.city.tateyama.chiba.jp/files/300368997.pdf,7,,6,館山市,,アライグマ,捕獲頭数,7,頭,
tateyama_capture_species,館山市 市内捕獲状況（H27–R7）,https://www.city.tateyama.chiba.jp/files/300368997.pdf,7,,7,館山市,,アライグマ,捕獲頭数,5,頭,
tateyama_capture_species,館山市 市内捕獲状況（H27–R7）,https://www.city.tateyama.chiba.jp/files/300368997.pdf,7,,8,館山市,,アライグマ,捕獲頭数,16,頭,
tateyama_capture_species,館山市 市内捕獲状況（H27–R7）,https://www.city.tateyama.chiba.jp/files/300368997.pdf,7,,9,館山市,,アライグマ,捕獲頭数,19,頭,
tateyama_capture_species,館山市 市内捕獲状況（H27–R7）,https://www.city.tateyama.chiba.jp/files/300368997.pdf,7,,10,館山市,,アライグマ,捕獲頭数,41,頭,
tateyama_capture_species,館山市 市内捕獲状況（H27–R7）,https://www.city.tateyama.chiba.jp/files/300368997.pdf,7,,11,館山市,,アライグマ,捕獲頭数,23,頭,
tateyama_capture_species,館山市 市内捕獲状況（H27–R7）,https://www.city.tateyama.chiba.jp/files/300368997.pdf,7,,12,館山市,,アライグマ,捕獲頭数,14,頭,
tateyama_capture_species,館山市 市内捕獲状況（H27–R7）,https://www.city.tateyama.chiba.jp/files/300368997.pdf,7,,1,館山市,,アライグマ,捕獲頭数,11,頭,
tateyama_capture_species,館山市 市内捕獲状況（H27–R7）,https://www.city.tateyama.chiba.jp/files/300368997.pdf,7,,2,館山市,,アライグマ,捕獲頭数,17,頭,
tateyama_capture_species,館山市 市内捕獲状況（H27–R7）,https://www.city.tateyama.chiba.jp/files/300368997.pdf,7,,3,館山市,,アライグマ,捕獲頭数,7,頭,
tateyama_capture_species,館山市 市内捕獲状況（H27–R7）,https://www.city.tateyama.chiba.jp/files/300368997.pdf,7,,4,館山市,,ハクビシン,捕獲頭数,11,頭,
tateyama_capture_species,館山市 市内捕獲状況（H27–R7）,https://www.city.tateyama.chiba.jp/files/300368997.pdf,7,,5,館山市,,ハクビシン,捕獲頭数,8,頭,
tateyama_capture_species,館山市 市内捕獲状況（H27–R7）,https://www.city.tateyama.chiba.jp/files/300368997.pdf,7,,6,館山市,,ハクビシン,捕獲頭数,9,頭,
tateyama_capture_species,館山市 市内捕獲状況（H27–R7）,https://www.city.tateyama.chiba.jp/files/300368997.pdf,7,,7,館山市,,ハクビシン,捕獲頭数,10,頭,
tateyama_capture_species,館山市 市内捕獲状況（H27–R7）,https://www.city.tateyama.chiba.jp/files/300368997.pdf,7,,8,館山市,,ハクビシン,捕獲頭数,6,頭,
tateyama_capture_species,館山市 市内捕獲状況（H27–R7）,https://www.city.tateyama.chiba.jp/files/300368997.pdf,7,,9,館山市,,ハクビシン,捕獲頭数,6,頭,
tateyama_capture_species,館山市 市内捕獲状況（H27–R7）,https://www.city.tateyama.chiba.jp/files/300368997.pdf,7,,10,館山市,,ハクビシン,捕獲頭数,6,頭,
tateyama_capture_species,館山市 市内捕獲状況（H27–R7）,https://www.city.tateyama.chiba.jp/files/300368997.pdf,7,,11,館山市,,ハクビシン,捕獲頭数,1,頭,
tateyama_capture_species,館山市 市内捕獲状況（H27–R7）,https://www.city.tateyama.chiba.jp/files/300368997.pdf,7,,12,館山市,,ハクビシン,捕獲頭数,2,頭,
tateyama_capture_species,館山市 市内捕獲状況（H27–R7）,https://www.city.tateyama.chiba.jp/files/300368997.pdf,7,,1,館山市,,ハクビシン,捕獲頭数,3,頭,
tateyama_capture_species,館山市 市内捕獲状況（H27–R7）,https://www.city.tateyama.chiba.jp/files/300368997.pdf,7,,2,館山市,,ハクビシン,捕獲頭数,2,頭,
tateyama_capture_species,館山市 市内捕獲状況（H27–R7）,https://www.city.tateyama.chiba.jp/files/300368997.pdf,7,,3,館山市,,ハクビシン,捕獲頭数,3,頭,
tateyama_capture_species,館山市 市内捕獲状況（H27–R7）,https://www.city.tateyama.chiba.jp/files/300368997.pdf,7,,4,館山市,,タヌキ,捕獲頭数,14,頭,
tateyama_capture_species,館山市 市内捕獲状況（H27–R7）,https://www.city.tateyama.chiba.jp/files/300368997.pdf,7,,5,館山市,,タヌキ,捕獲頭数,13,頭,
tateyama_capture_species,館山市 市内捕獲状況（H27–R7）,https://www.city.tateyama.chiba.jp/files/300368997.pdf,7,,6,館山市,,タヌキ,捕獲頭数,10,頭,
tateyama_capture_species,館山市 市内捕獲状況（H27–R7）,https://www.city.tateyama.chiba.jp/files/300368997.pdf,7,,7,館山市,,タヌキ,捕獲頭数,21,頭,
tateyama_capture_species,館山市 市内捕獲状況（H27–R7）,https://www.city.tateyama.chiba.jp/files/300368997.pdf,7,,8,館山市,,タヌキ,捕獲頭数,19,頭,
tateyama_capture_species,館山市 市内捕獲状況（H27–R7）,https://www.city.tateyama.chiba.jp/files/300368997.pdf,7,,9,館山市,,タヌキ,捕獲頭数,20,頭,
tateyama_capture_species,館山市 市内捕獲状況（H27–R7）,https://www.city.tateyama.chiba.jp/files/300368997.pdf,7,,10,館山市,,タヌキ,捕獲頭数,52,頭,
tateyama_capture_species,館山市 市内捕獲状況（H27–R7）,https://www.city.tateyama.chiba.jp/files/300368997.pdf,7,,11,館山市,,タヌキ,捕獲頭数,46,頭,
tateyama_capture_species,館山市 市内捕獲状況（H27–R7）,https://www.city.tateyama.chiba.jp/files/300368997.pdf,7,,12,館山市,,タヌキ,捕獲頭数,48,頭,
tateyama_capture_species,館山市 市内捕獲状況（H27–R7）,https://www.city.tateyama.chiba.jp/files/300368997.pdf,7,,1,館山市,,タヌキ,捕獲頭数,31,頭,
tateyama_capture_species,館山市 市内捕獲状況（H27–R7）,https://www.city.tateyama.chiba.jp/files/300368997.pdf,7,,2,館山市,,タヌキ,捕獲頭数,34,頭,
tateyama_capture_species,館山市 市内捕獲状況（H27–R7）,https://www.city.tateyama.chiba.jp/files/300368997.pdf,7,,3,館山市,,タヌキ,捕獲頭数,31,頭,
tateyama_capture_species,館山市 市内捕獲状況（H27–R7）,https://www.city.tateyama.chiba.jp/files/300368997.pdf,7,,4,館山市,,アナグマ,捕獲頭数,0,頭,
tateyama_capture_species,館山市 市内捕獲状況（H27–R7）,https://www.city.tateyama.chiba.jp/files/300368997.pdf,7,,5,館山市,,アナグマ,捕獲頭数,0,頭,
tateyama_capture_species,館山市 市内捕獲状況（H27–R7）,https://www.city.tateyama.chiba.jp/files/300368997.pdf,7,,6,館山市,,アナグマ,捕獲頭数,0,頭,
tateyama_capture_species,館山市 市内捕獲状況（H27–R7）,https://www.city.tateyama.chiba.jp/files/300368997.pdf,7,,7,館山市,,アナグマ,捕獲頭数,0,頭,
tateyama_capture_species,館山市 市内捕獲状況（H27–R7）,https://www.city.tateyama.chiba.jp/files/300368997.pdf,7,,8,館山市,,アナグマ,捕獲頭数,0,頭,
tateyama_capture_species,館山市 市内捕獲状況（H27–R7）,https://www.city.tateyama.chiba.jp/files/300368997.pdf,7,,9,館山市,,アナグマ,捕獲頭数,0,頭,
tateyama_capture_species,館山市 市内捕獲状況（H27–R7）,https://www.city.tateyama.chiba.jp/files/300368997.pdf,7,,10,館山市,,アナグマ,捕獲頭数,0,頭,
tateyama_capture_species,館山市 市内捕獲状況（H27–R7）,https://www.city.tateyama.chiba.jp/files/300368997.pdf,7,,11,館山市,,アナグマ,捕獲頭数,0,頭,
tateyama_capture_species,館山市 市内捕獲状況（H27–R7）,https://www.city.tateyama.chiba.jp/files/300368997.pdf,7,,12,館山市,,アナグマ,捕獲頭数,0,頭,
tateyama_capture_species,館山市 市内捕獲状況（H27–R7）,https://www.city.tateyama.chiba.jp/files/300368997.pdf,7,,1,館山市,,アナグマ,捕獲頭数,0,頭,
tateyama_capture_species,館山市 市内捕獲状況（H27–R7）,https://www.city.tateyama.chiba.jp/files/300368997.pdf,7,,2,館山市,,アナグマ,捕獲頭数,0,頭,
tateyama_capture_species,館山市 市内捕獲状況（H27–R7）,https://www.city.tateyama.chiba.jp/files/300368997.pdf,7,,3,館山市,,アナグマ,捕獲頭数,0,頭,
tateyama_capture_species,館山市 市内捕獲状況（H27–R7）,https://www.city.tateyama.chiba.jp/files/300368997.pdf,7,,4,館山市,,ノウサギ,捕獲頭数,9,頭,
tateyama_capture_species,館山市 市内捕獲状況（H27–R7）,https://www.city.tateyama.chiba.jp/files/300368997.pdf,7,,5,館山市,,ノウサギ,捕獲頭数,6,頭,
tateyama_capture_species,館山市 市内捕獲状況（H27–R7）,https://www.city.tateyama.chiba.jp/files/300368997.pdf,7,,6,館山市,,ノウサギ,捕獲頭数,1,頭,
tateyama_capture_species,館山市 市内捕獲状況（H27–R7）,https://www.city.tateyama.chiba.jp/files/300368997.pdf,7,,7,館山市,,ノウサギ,捕獲頭数,1,頭,
tateyama_capture_species,館山市 市内捕獲状況（H27–R7）,https://www.city.tateyama.chiba.jp/files/300368997.pdf,7,,8,館山市,,ノウサギ,捕獲頭数,0,頭,
tateyama_capture_species,館山市 市内捕獲状況（H27–R7）,https://www.city.tateyama.chiba.jp/files/300368997.pdf,7,,9,館山市,,ノウサギ,捕獲頭数,1,頭,
tateyama_capture_species,館山市 市内捕獲状況（H27–R7）,https://www.city.tateyama.chiba.jp/files/300368997.pdf,7,,10,館山市,,ノウサギ,捕獲頭数,2,頭,
tateyama_capture_species,館山市 市内捕獲状況（H27–R7）,https://www.city.tateyama.chiba.jp/files/300368997.pdf,7,,11,館山市,,ノウサギ,捕獲頭数,1,頭,
tateyama_capture_species,館山市 市内捕獲状況（H27–R7）,https://www.city.tateyama.chiba.jp/files/300368997.pdf,7,,12,館山市,,ノウサギ,捕獲頭数,4,頭,
tateyama_capture_species,館山市 市内捕獲状況（H27–R7）,https://www.city.tateyama.chiba.jp/files/300368997.pdf,7,,1,館山市,,ノウサギ,捕獲頭数,4,頭,
tateyama_capture_species,館山市 市内捕獲状況（H27–R7）,https://www.city.tateyama.chiba.jp/files/300368997.pdf,7,,2,館山市,,ノウサギ,捕獲頭数,6,頭,
tateyama_capture_species,館山市 市内捕獲状況（H27–R7）,https://www.city.tateyama.chiba.jp/files/300368997.pdf,7,,3,館山市,,ノウサギ,捕獲頭数,3,頭,
minamiboso_capture_species,南房総市 年度別有害鳥獣捕獲数（H19–R6）,https://www.city.minamiboso.chiba.jp/cmsfiles/contents/0000011/11378/R6hokakusuu.pdf,-11,,,南房総市,,イノシシ,捕獲頭数,738,頭,
minamiboso_capture_species,南房総市 年度別有害鳥獣捕獲数（H19–R6）,https://www.city.minamiboso.chiba.jp/cmsfiles/contents/0000011/11378/R6hokakusuu.pdf,-10,,,南房総市,,イノシシ,捕獲頭数,666,頭,
minamiboso_capture_species,南房総市 年度別有害鳥獣捕獲数（H19–R6）,https://www.city.minamiboso.chiba.jp/cmsfiles/contents/0000011/11378/R6hokakusuu.pdf,-9,,,南房総市,,イノシシ,捕獲頭数,1215,頭,
minamiboso_capture_species,南房総市 年度別有害鳥獣捕獲数（H19–R6）,https://www.city.minamiboso.chiba.jp/cmsfiles/contents/0000011/11378/R6hokakusuu.pdf,-8,,,南房総市,,イノシシ,捕獲頭数,1973,頭,
minamiboso_capture_species,南房総市 年度別有害鳥獣捕獲数（H19–R6）,https://www.city.minamiboso.chiba.jp/cmsfiles/contents/0000011/11378/R6hokakusuu.pdf,-7,,,南房総市,,イノシシ,捕獲頭数,2326,頭,
minamiboso_capture_species,南房総市 年度別有害鳥獣捕獲数（H19–R6）,https://www.city.minamiboso.chiba.jp/cmsfiles/contents/0000011/11378/R6hokakusuu.pdf,-6,,,南房総市,,イノシシ,捕獲頭数,2245,頭,
minamiboso_capture_species,南房総市 年度別有害鳥獣捕獲数（H19–R6）,https://www.city.minamiboso.chiba.jp/cmsfiles/contents/0000011/11378/R6hokakusuu.pdf,-5,,,南房総市,,イノシシ,捕獲頭数,2021,頭,
minamiboso_capture_species,南房総市 年度別有害鳥獣捕獲数（H19–R6）,https://www.city.minamiboso.chiba.jp/cmsfiles/contents/0000011/11378/R6hokakusuu.pdf,-4,,,南房総市,,イノシシ,捕獲頭数,3103,頭,
minamiboso_capture_species,南房総市 年度別有害鳥獣捕獲数（H19–R6）,https://www.city.minamiboso.chiba.jp/cmsfiles/contents/0000011/11378/R6hokakusuu.pdf,-3,,,南房総市,,イノシシ,捕獲頭数,4119,頭,
minamiboso_capture_species,南房総市 年度別有害鳥獣捕獲数（H19–R6）,https://www.city.minamiboso.chiba.jp/cmsfiles/contents/0000011/11378/R6hokakusuu.pdf,-2,,,南房総市,,イノシシ,捕獲頭数,5146,頭,
minamiboso_capture_species,南房総市 年度別有害鳥獣捕獲数（H19–R6）,https://www.city.minamiboso.chiba.jp/cmsfiles/contents/0000011/11378/R6hokakusuu.pdf,-1,,,南房総市,,イノシシ,捕獲頭数,3103,頭,
minamiboso_capture_species,南房総市 年度別有害鳥獣捕獲数（H19–R6）,https://www.city.minamiboso.chiba.jp/cmsfiles/contents/0000011/11378/R6hokakusuu.pdf,0,,,南房総市,,イノシシ,捕獲頭数,4382,頭,
minamiboso_capture_species,南房総市 年度別有害鳥獣捕獲数（H19–R6）,https://www.city.minamiboso.chiba.jp/cmsfiles/contents/0000011/11378/R6hokakusuu.pdf,1,,,南房総市,,イノシシ,捕獲頭数,3537,頭,
minamiboso_capture_species,南房総市 年度別有害鳥獣捕獲数（H19–R6）,https://www.city.minamiboso.chiba.jp/cmsfiles/contents/0000011/11378/R6hokakusuu.pdf,2,,,南房総市,,イノシシ,捕獲頭数,6196,頭,
minamiboso_capture_species,南房総市 年度別有害鳥獣捕獲数（H19–R6）,https://www.city.minamiboso.chiba.jp/cmsfiles/contents/0000011/11378/R6hokakusuu.pdf,3,,,南房総市,,イノシシ,捕獲頭数,4098,頭,
minamiboso_capture_species,南房総市 年度別有害鳥獣捕獲数（H19–R6）,https://www.city.minamiboso.chiba.jp/cmsfiles/contents/0000011/11378/R6hokakusuu.pdf,4,,,南房総市,,イノシシ,捕獲頭数,2427,頭,
minamiboso_capture_species,南房総市 年度別有害鳥獣捕獲数（H19–R6）,https://www.city.minamiboso.chiba.jp/cmsfiles/contents/0000011/11378/R6hokakusuu.pdf,5,,,南房総市,,イノシシ,捕獲頭数,5504,頭,
minamiboso_capture_species,南房総市 年度別有害鳥獣捕獲数（H19–R6）,https://www.city.minamiboso.chiba.jp/cmsfiles/contents/0000011/11378/R6hokakusuu.pdf,6,,,南房総市,,イノシシ,捕獲頭数,3394,頭,
minamiboso_capture_species,南房総市 年度別有害鳥獣捕獲数（H19–R6）,https://www.city.minamiboso.chiba.jp/cmsfiles/contents/0000011/11378/R6hokakusuu.pdf,-11,,,南房総市,,サル,捕獲頭数,6,頭,
minamiboso_capture_species,南房総市 年度別有害鳥獣捕獲数（H19–R6）,https://www.city.minamiboso.chiba.jp/cmsfiles/contents/0000011/11378/R6hokakusuu.pdf,-10,,,南房総市,,サル,捕獲頭数,3,頭,
minamiboso_capture_species,南房総市 年度別有害鳥獣捕獲数（H19–R6）,https://www.city.minamiboso.chiba.jp/cmsfiles/contents/0000011/11378/R6hokakusuu.pdf,-9,,,南房総市,,サル,捕獲頭数,5,頭,
minamiboso_capture_species,南房総市 年度別有害鳥獣捕獲数（H19–R6）,https://www.city.minamiboso.chiba.jp/cmsfiles/contents/0000011/11378/R6hokakusuu.pdf,-8,,,南房総市,,サル,捕獲頭数,5,頭,
minamiboso_capture_species,南房総市 年度別有害鳥獣捕獲数（H19–R6）,https://www.city.minamiboso.chiba.jp/cmsfiles/contents/0000011/11378/R6hokakusuu.pdf,-7,,,南房総市,,サル,捕獲頭数,6,頭,
minamiboso_capture_species,南房総市 年度別有害鳥獣捕獲数（H19–R6）,https://www.city.minamiboso.chiba.jp/cmsfiles/contents/0000011/11378/R6hokakusuu.pdf,-6,,,南房総市,,サル,捕獲頭数,15,頭,
minamiboso_capture_species,南房総市 年度別有害鳥獣捕獲数（H19–R6）,https://www.city.minamiboso.chiba.jp/cmsfiles/contents/0000011/11378/R6hokakusuu.pdf,-5,,,南房総市,,サル,捕獲頭数,9,頭,
minamiboso_capture_species,南房総市 年度別有害鳥獣捕獲数（H19–R6）,https://www.city.minamiboso.chiba.jp/cmsfiles/contents/0000011/11378/R6hokakusuu.pdf,-4,,,南房総市,,サル,捕獲頭数,21,頭,
minamiboso_capture_species,南房総市 年度別有害鳥獣捕獲数（H19–R6）,https://www.city.minamiboso.chiba.jp/cmsfiles/contents/0000011/11378/R6hokakusuu.pdf,-3,,,南房総市,,サル,捕獲頭数,9,頭,
minamiboso_capture_species,南房総市 年度別有害鳥獣捕獲数（H19–R6）,https://www.city.minamiboso.chiba.jp/cmsfiles/contents/0000011/11378/R6hokakusuu.pdf,-2,,,南房総市,,サル,捕獲頭数,31,頭,
minamiboso_capture_species,南房総市 年度別有害鳥獣捕獲数（H19–R6）,https://www.city.minamiboso.chiba.jp/cmsfiles/contents/0000011/11378/R6hokakusuu.pdf,-1,,,南房総市,,サル,捕獲頭数,13,頭,
minamiboso_capture_species,南房総市 年度別有害鳥獣捕獲数（H19–R6）,https://www.city.minamiboso.chiba.jp/cmsfiles/contents/0000011/11378/R6hokakusuu.pdf,0,,,南房総市,,サル,捕獲頭数,46,頭,
minamiboso_capture_species,南房総市 年度別有害鳥獣捕獲数（H19–R6）,https://www.city.minamiboso.chiba.jp/cmsfiles/contents/0000011/11378/R6hokakusuu.pdf,1,,,南房総市,,サル,捕獲頭数,28,頭,
minamiboso_capture_species,南房総市 年度別有害鳥獣捕獲数（H19–R6）,https://www.city.minamiboso.chiba.jp/cmsfiles/contents/0000011/11378/R6hokakusuu.pdf,2,,,南房総市,,サル,捕獲頭数,29,頭,
minamiboso_capture_species,南房総市 年度別有害鳥獣捕獲数（H19–R6）,https://www.city.minamiboso.chiba.jp/cmsfiles/contents/0000011/11378/R6hokakusuu.pdf,3,,,南房総市,,サル,捕獲頭数,40,頭,
minamiboso_capture_species,南房総市 年度別有害鳥獣捕獲数（H19–R6）,https://www.city.minamiboso.chiba.jp/cmsfiles/contents/0000011/11378/R6hokakusuu.pdf,4,,,南房総市,,サル,捕獲頭数,58,頭,
minamiboso_capture_species,南房総市 年度別有害鳥獣捕獲数（H19–R6）,https://www.city.minamiboso.chiba.jp/cmsfiles/contents/0000011/11378/R6hokakusuu.pdf,5,,,南房総市,,サル,捕獲頭数,60,頭,
minamiboso_capture_species,南房総市 年度別有害鳥獣捕獲数（H19–R6）,https://www.city.minamiboso.chiba.jp/cmsfiles/contents/0000011/11378/R6hokakusuu.pdf,6,,,南房総市,,サル,捕獲頭数,28,頭,
minamiboso_capture_species,南房総市 年度別有害鳥獣捕獲数（H19–R6）,https://www.city.minamiboso.chiba.jp/cmsfiles/contents/0000011/11378/R6hokakusuu.pdf,-10,,,南房総市,,シカ,捕獲頭数,3,頭,
minamiboso_capture_species,南房総市 年度別有害鳥獣捕獲数（H19–R6）,https://www.city.minamiboso.chiba.jp/cmsfiles/contents/0000011/11378/R6hokakusuu.pdf,-9,,,南房総市,,シカ,捕獲頭数,8,頭,
minamiboso_capture_species,南房総市 年度別有害鳥獣捕獲数（H19–R6）,https://www.city.minamiboso.chiba.jp/cmsfiles/contents/0000011/11378/R6hokakusuu.pdf,-8,,,南房総市,,シカ,捕獲頭数,16,頭,
minamiboso_capture_species,南房総市 年度別有害鳥獣捕獲数（H19–R6）,https://www.city.minamiboso.chiba.jp/cmsfiles/contents/0000011/11378/R6hokakusuu.pdf,-7,,,南房総市,,シカ,捕獲頭数,18,頭,
minamiboso_capture_species,南房総市 年度別有害鳥獣捕獲数（H19–R6）,https://www.city.minamiboso.chiba.jp/cmsfiles/contents/0000011/11378/R6hokakusuu.pdf,-6,,,南房総市,,シカ,捕獲頭数,14,頭,
minamiboso_capture_species,南房総市 年度別有害鳥獣捕獲数（H19–R6）,https://www.city.minamiboso.chiba.jp/cmsfiles/contents/0000011/11378/R6hokakusuu.pdf,-5,,,南房総市,,シカ,捕獲頭数,14,頭,
minamiboso_capture_species,南房総市 年度別有害鳥獣捕獲数（H19–R6）,https://www.city.minamiboso.chiba.jp/cmsfiles/contents/0000011/11378/R6hokakusuu.pdf,-4,,,南房総市,,シカ,捕獲頭数,34,頭,
minamiboso_capture_species,南房総市 年度別有害鳥獣捕獲数（H19–R6）,https://www.city.minamiboso.chiba.jp/cmsfiles/contents/0000011/11378/R6hokakusuu.pdf,-3,,,南房総市,,シカ,捕獲頭数,59,頭,
minamiboso_capture_species,南房総市 年度別有害鳥獣捕獲数（H19–R6）,https://www.city.minamiboso.chiba.jp/cmsfiles/contents/0000011/11378/R6hokakusuu.pdf,-2,,,南房総市,,シカ,捕獲頭数,69,頭,
minamiboso_capture_species,南房総市 年度別有害鳥獣捕獲数（H19–R6）,https://www.city.minamiboso.chiba.jp/cmsfiles/contents/0000011/11378/R6hokakusuu.pdf,-1,,,南房総市,,シカ,捕獲頭数,64,頭,
minamiboso_capture_species,南房総市 年度別有害鳥獣捕獲数（H19–R6）,https://www.city.minamiboso.chiba.jp/cmsfiles/contents/0000011/11378/R6hokakusuu.pdf,0,,,南房総市,,シカ,捕獲頭数,100,頭,
minamiboso_capture_species,南房総市 年度別有害鳥獣捕獲数（H19–R6）,https://www.city.minamiboso.chiba.jp/cmsfiles/contents/0000011/11378/R6hokakusuu.pdf,1,,,南房総市,,シカ,捕獲頭数,85,頭,
minamiboso_capture_species,南房総市 年度別有害鳥獣捕獲数（H19–R6）,https://www.city.minamiboso.chiba.jp/cmsfiles/contents/0000011/11378/R6hokakusuu.pdf,2,,,南房総市,,シカ,捕獲頭数,78,頭,
minamiboso_capture_species,南房総市 年度別有害鳥獣捕獲数（H19–R6）,https://www.city.minamiboso.chiba.jp/cmsfiles/contents/0000011/11378/R6hokakusuu.pdf,3,,,南房総市,,シカ,捕獲頭数,133,頭,
minamiboso_capture_species,南房総市 年度別有害鳥獣捕獲数（H19–R6）,https://www.city.minamiboso.chiba.jp/cmsfiles/contents/0000011/11378/R6hokakusuu.pdf,4,,,南房総市,,シカ,捕獲頭数,142,頭,
minamiboso_capture_species,南房総市 年度別有害鳥獣捕獲数（H19–R6）,https://www.city.minamiboso.chiba.jp/cmsfiles/contents/0000011/11378/R6hokakusuu.pdf,5,,,南房総市,,シカ,捕獲頭数,213,頭,
minamiboso_capture_species,南房総市 年度別有害鳥獣捕獲数（H19–R6）,https://www.city.minamiboso.chiba.jp/cmsfiles/contents/0000011/11378/R6hokakusuu.pdf,6,,,南房総市,,シカ,捕獲頭数,279,頭,
minamiboso_boar_month,南房総市 令和6年度 有害鳥獣捕獲状況（イノシシ・月別）,https://www.city.minamiboso.chiba.jp/cmsfiles/contents/0000011/11378/R6inosisi.saru.pdf,6,,4,南房総市,,イノシシ,捕獲頭数,171,頭,
minamiboso_boar_month,南房総市 令和6年度 有害鳥獣捕獲状況（イノシシ・月別）,https://www.city.minamiboso.chiba.jp/cmsfiles/contents/0000011/11378/R6inosisi.saru.pdf,6,,5,南房総市,,イノシシ,捕獲頭数,175,頭,
minamiboso_boar_month,南房総市 令和6年度 有害鳥獣捕獲状況（イノシシ・月別）,https://www.city.minamiboso.chiba.jp/cmsfiles/contents/0000011/11378/R6inosisi.saru.pdf,6,,6,南房総市,,イノシシ,捕獲頭数,211,頭,
minamiboso_boar_month,南房総市 令和6年度 有害鳥獣捕獲状況（イノシシ・月別）,https://www.city.minamiboso.chiba.jp/cmsfiles/contents/0000011/11378/R6inosisi.saru.pdf,6,,7,南房総市,,イノシシ,捕獲頭数,448,頭,
minamiboso_boar_month,南房総市 令和6年度 有害鳥獣捕獲状況（イノシシ・月別）,https://www.city.minamiboso.chiba.jp/cmsfiles/contents/0000011/11378/R6inosisi.saru.pdf,6,,8,南房総市,,イノシシ,捕獲頭数,718,頭,
minamiboso_boar_month,南房総市 令和6年度 有害鳥獣捕獲状況（イノシシ・月別）,https://www.city.minamiboso.chiba.jp/cmsfiles/contents/0000011/11378/R6inosisi.saru.pdf,6,,9,南房総市,,イノシシ,捕獲頭数,306,頭,
minamiboso_boar_month,南房総市 令和6年度 有害鳥獣捕獲状況（イノシシ・月別）,https://www.city.minamiboso.chiba.jp/cmsfiles/contents/0000011/11378/R6inosisi.saru.pdf,6,,10,南房総市,,イノシシ,捕獲頭数,172,頭,
minamiboso_boar_month,南房総市 令和6年度 有害鳥獣捕獲状況（イノシシ・月別）,https://www.city.minamiboso.chiba.jp/cmsfiles/contents/0000011/11378/R6inosisi.saru.pdf,6,,11,南房総市,,イノシシ,捕獲頭数,201,頭,
minamiboso_boar_month,南房総市 令和6年度 有害鳥獣捕獲状況（イノシシ・月別）,https://www.city.minamiboso.chiba.jp/cmsfiles/contents/0000011/11378/R6inosisi.saru.pdf,6,,12,南房総市,,イノシシ,捕獲頭数,218,頭,
minamiboso_boar_month,南房総市 令和6年度 有害鳥獣捕獲状況（イノシシ・月別）,https://www.city.minamiboso.chiba.jp/cmsfiles/contents/0000011/11378/R6inosisi.saru.pdf,6,,1,南房総市,,イノシシ,捕獲頭数,259,頭,
minamiboso_boar_month,南房総市 令和6年度 有害鳥獣捕獲状況（イノシシ・月別）,https://www.city.minamiboso.chiba.jp/cmsfiles/contents/0000011/11378/R6inosisi.saru.pdf,6,,2,南房総市,,イノシシ,捕獲頭数,257,頭,
minamiboso_boar_month,南房総市 令和6年度 有害鳥獣捕獲状況（イノシシ・月別）,https://www.city.minamiboso.chiba.jp/cmsfiles/contents/0000011/11378/R6inosisi.saru.pdf,6,,3,南房総市,,イノシシ,捕獲頭数,258,頭,
minamiboso_boar_month,南房総市 令和6年度 有害鳥獣捕獲状況（前年度欄）,https://www.city.minamiboso.chiba.jp/cmsfiles/contents/0000011/11378/R6inosisi.saru.pdf,5,,4,南房総市,,イノシシ,捕獲頭数,141,頭,
minamiboso_boar_month,南房総市 令和6年度 有害鳥獣捕獲状況（前年度欄）,https://www.city.minamiboso.chiba.jp/cmsfiles/contents/0000011/11378/R6inosisi.saru.pdf,5,,5,南房総市,,イノシシ,捕獲頭数,227,頭,
minamiboso_boar_month,南房総市 令和6年度 有害鳥獣捕獲状況（前年度欄）,https://www.city.minamiboso.chiba.jp/cmsfiles/contents/0000011/11378/R6inosisi.saru.pdf,5,,6,南房総市,,イノシシ,捕獲頭数,203,頭,
minamiboso_boar_month,南房総市 令和6年度 有害鳥獣捕獲状況（前年度欄）,https://www.city.minamiboso.chiba.jp/cmsfiles/contents/0000011/11378/R6inosisi.saru.pdf,5,,7,南房総市,,イノシシ,捕獲頭数,605,頭,
minamiboso_boar_month,南房総市 令和6年度 有害鳥獣捕獲状況（前年度欄）,https://www.city.minamiboso.chiba.jp/cmsfiles/contents/0000011/11378/R6inosisi.saru.pdf,5,,8,南房総市,,イノシシ,捕獲頭数,566,頭,
minamiboso_boar_month,南房総市 令和6年度 有害鳥獣捕獲状況（前年度欄）,https://www.city.minamiboso.chiba.jp/cmsfiles/contents/0000011/11378/R6inosisi.saru.pdf,5,,9,南房総市,,イノシシ,捕獲頭数,277,頭,
minamiboso_boar_month,南房総市 令和6年度 有害鳥獣捕獲状況（前年度欄）,https://www.city.minamiboso.chiba.jp/cmsfiles/contents/0000011/11378/R6inosisi.saru.pdf,5,,10,南房総市,,イノシシ,捕獲頭数,713,頭,
minamiboso_boar_month,南房総市 令和6年度 有害鳥獣捕獲状況（前年度欄）,https://www.city.minamiboso.chiba.jp/cmsfiles/contents/0000011/11378/R6inosisi.saru.pdf,5,,11,南房総市,,イノシシ,捕獲頭数,684,頭,
minamiboso_boar_month,南房総市 令和6年度 有害鳥獣捕獲状況（前年度欄）,https://www.city.minamiboso.chiba.jp/cmsfiles/contents/0000011/11378/R6inosisi.saru.pdf,5,,12,南房総市,,イノシシ,捕獲頭数,818,頭,
minamiboso_boar_month,南房総市 令和6年度 有害鳥獣捕獲状況（前年度欄）,https://www.city.minamiboso.chiba.jp/cmsfiles/contents/0000011/11378/R6inosisi.saru.pdf,5,,1,南房総市,,イノシシ,捕獲頭数,677,頭,
minamiboso_boar_month,南房総市 令和6年度 有害鳥獣捕獲状況（前年度欄）,https://www.city.minamiboso.chiba.jp/cmsfiles/contents/0000011/11378/R6inosisi.saru.pdf,5,,2,南房総市,,イノシシ,捕獲頭数,326,頭,
minamiboso_boar_month,南房総市 令和6年度 有害鳥獣捕獲状況（前年度欄）,https://www.city.minamiboso.chiba.jp/cmsfiles/contents/0000011/11378/R6inosisi.saru.pdf,5,,3,南房総市,,イノシシ,捕獲頭数,267,頭,
radiation_facility,千葉県 県内処理加工施設 イノシシ肉 放射性物質検査結果,https://www.pref.chiba.lg.jp/noushin/h-kensakekka/inoshishi-shisetsu.html,3,,,大多喜町,大多喜町都市農村交流施設（大多喜町）,,検体数,131,検体,
radiation_facility,千葉県 県内処理加工施設 イノシシ肉 放射性物質検査結果,https://www.pref.chiba.lg.jp/noushin/h-kensakekka/inoshishi-shisetsu.html,3,,,大多喜町,大多喜町都市農村交流施設（大多喜町）,,検出あり,0,検体,検出下限値を超えて数値が出た検体（基準値100Bq/kg未満を含む）
radiation_facility,千葉県 県内処理加工施設 イノシシ肉 放射性物質検査結果,https://www.pref.chiba.lg.jp/noushin/h-kensakekka/inoshishi-shisetsu.html,3,,,茂原市,大多喜町都市農村交流施設（大多喜町）,,検体数,4,検体,
radiation_facility,千葉県 県内処理加工施設 イノシシ肉 放射性物質検査結果,https://www.pref.chiba.lg.jp/noushin/h-kensakekka/inoshishi-shisetsu.html,3,,,茂原市,大多喜町都市農村交流施設（大多喜町）,,検出あり,0,検体,検出下限値を超えて数値が出た検体（基準値100Bq/kg未満を含む）
radiation_facility,千葉県 県内処理加工施設 イノシシ肉 放射性物質検査結果,https://www.pref.chiba.lg.jp/noushin/h-kensakekka/inoshishi-shisetsu.html,3,,,御宿町,大多喜町都市農村交流施設（大多喜町）,,検体数,22,検体,
radiation_facility,千葉県 県内処理加工施設 イノシシ肉 放射性物質検査結果,https://www.pref.chiba.lg.jp/noushin/h-kensakekka/inoshishi-shisetsu.html,3,,,御宿町,大多喜町都市農村交流施設（大多喜町）,,検出あり,0,検体,検出下限値を超えて数値が出た検体（基準値100Bq/kg未満を含む）
radiation_facility,千葉県 県内処理加工施設 イノシシ肉 放射性物質検査結果,https://www.pref.chiba.lg.jp/noushin/h-kensakekka/inoshishi-shisetsu.html,3,,,市原市,大多喜町都市農村交流施設（大多喜町）,,検体数,5,検体,
radiation_facility,千葉県 県内処理加工施設 イノシシ肉 放射性物質検査結果,https://www.pref.chiba.lg.jp/noushin/h-kensakekka/inoshishi-shisetsu.html,3,,,市原市,大多喜町都市農村交流施設（大多喜町）,,検出あり,0,検体,検出下限値を超えて数値が出た検体（基準値100Bq/kg未満を含む）
radiation_facility,千葉県 県内処理加工施設 イノシシ肉 放射性物質検査結果,https://www.pref.chiba.lg.jp/noushin/h-kensakekka/inoshishi-shisetsu.html,3,,,勝浦市,ジビエ勝浦（勝浦市）,,検体数,16,検体,
radiation_facility,千葉県 県内処理加工施設 イノシシ肉 放射性物質検査結果,https://www.pref.chiba.lg.jp/noushin/h-kensakekka/inoshishi-shisetsu.html,3,,,勝浦市,ジビエ勝浦（勝浦市）,,検出あり,0,検体,検出下限値を超えて数値が出た検体（基準値100Bq/kg未満を含む）
radiation_facility,千葉県 県内処理加工施設 イノシシ肉 放射性物質検査結果,https://www.pref.chiba.lg.jp/noushin/h-kensakekka/inoshishi-shisetsu.html,3,,,鴨川市,清澄山系ジビエ（鴨川市）,,検体数,11,検体,
radiation_facility,千葉県 県内処理加工施設 イノシシ肉 放射性物質検査結果,https://www.pref.chiba.lg.jp/noushin/h-kensakekka/inoshishi-shisetsu.html,3,,,鴨川市,清澄山系ジビエ（鴨川市）,,検出あり,0,検体,検出下限値を超えて数値が出た検体（基準値100Bq/kg未満を含む）
radiation_facility,千葉県 県内処理加工施設 イノシシ肉 放射性物質検査結果,https://www.pref.chiba.lg.jp/noushin/h-kensakekka/inoshishi-shisetsu.html,3,,,鴨川市,Mineoka Gibier（鴨川市）,,検体数,2,検体,
radiation_facility,千葉県 県内処理加工施設 イノシシ肉 放射性物質検査結果,https://www.pref.chiba.lg.jp/noushin/h-kensakekka/inoshishi-shisetsu.html,3,,,鴨川市,Mineoka Gibier（鴨川市）,,検出あり,0,検体,検出下限値を超えて数値が出た検体（基準値100Bq/kg未満を含む）
radiation_facility,千葉県 県内処理加工施設 イノシシ肉 放射性物質検査結果,https://www.pref.chiba.lg.jp/noushin/h-kensakekka/inoshishi-shisetsu.html,3,,,君津市,森旧解体処理場（君津市）,,検体数,17,検体,
radiation_facility,千葉県 県内処理加工施設 イノシシ肉 放射性物質検査結果,https://www.pref.chiba.lg.jp/noushin/h-kensakekka/inoshishi-shisetsu.html,3,,,君津市,森旧解体処理場（君津市）,,検出あり,4,検体,検出下限値を超えて数値が出た検体（基準値100Bq/kg未満を含む）
radiation_facility,千葉県 県内処理加工施設 イノシシ肉 放射性物質検査結果,https://www.pref.chiba.lg.jp/noushin/h-kensakekka/inoshishi-shisetsu.html,3,,,君津市,森旧解体処理場（君津市）,,最大値,35.0,Bq/kg,
radiation_facility,千葉県 県内処理加工施設 イノシシ肉 放射性物質検査結果,https://www.pref.chiba.lg.jp/noushin/h-kensakekka/inoshishi-shisetsu.html,3,,,君津市,君津市獣肉処理加工施設（君津市）,,検体数,4,検体,
radiation_facility,千葉県 県内処理加工施設 イノシシ肉 放射性物質検査結果,https://www.pref.chiba.lg.jp/noushin/h-kensakekka/inoshishi-shisetsu.html,3,,,君津市,君津市獣肉処理加工施設（君津市）,,検出あり,2,検体,検出下限値を超えて数値が出た検体（基準値100Bq/kg未満を含む）
radiation_facility,千葉県 県内処理加工施設 イノシシ肉 放射性物質検査結果,https://www.pref.chiba.lg.jp/noushin/h-kensakekka/inoshishi-shisetsu.html,3,,,君津市,君津市獣肉処理加工施設（君津市）,,最大値,32.0,Bq/kg,
radiation_facility,千葉県 県内処理加工施設 イノシシ肉 放射性物質検査結果,https://www.pref.chiba.lg.jp/noushin/h-kensakekka/inoshishi-shisetsu.html,3,,,君津市,株式会社猟協流通　君津工場（君津市）,,検体数,4,検体,
radiation_facility,千葉県 県内処理加工施設 イノシシ肉 放射性物質検査結果,https://www.pref.chiba.lg.jp/noushin/h-kensakekka/inoshishi-shisetsu.html,3,,,君津市,株式会社猟協流通　君津工場（君津市）,,検出あり,1,検体,検出下限値を超えて数値が出た検体（基準値100Bq/kg未満を含む）
radiation_facility,千葉県 県内処理加工施設 イノシシ肉 放射性物質検査結果,https://www.pref.chiba.lg.jp/noushin/h-kensakekka/inoshishi-shisetsu.html,3,,,君津市,株式会社猟協流通　君津工場（君津市）,,最大値,36.0,Bq/kg,
radiation_facility,千葉県 県内処理加工施設 イノシシ肉 放射性物質検査結果,https://www.pref.chiba.lg.jp/noushin/h-kensakekka/inoshishi-shisetsu.html,3,,,君津市,オーガニックブリッジ（木更津市）,,検体数,7,検体,
radiation_facility,千葉県 県内処理加工施設 イノシシ肉 放射性物質検査結果,https://www.pref.chiba.lg.jp/noushin/h-kensakekka/inoshishi-shisetsu.html,3,,,君津市,オーガニックブリッジ（木更津市）,,検出あり,0,検体,検出下限値を超えて数値が出た検体（基準値100Bq/kg未満を含む）
radiation_facility,千葉県 県内処理加工施設 イノシシ肉 放射性物質検査結果,https://www.pref.chiba.lg.jp/noushin/h-kensakekka/inoshishi-shisetsu.html,3,,,木更津市,オーガニックブリッジ（木更津市）,,検体数,266,検体,
radiation_facility,千葉県 県内処理加工施設 イノシシ肉 放射性物質検査結果,https://www.pref.chiba.lg.jp/noushin/h-kensakekka/inoshishi-shisetsu.html,3,,,木更津市,オーガニックブリッジ（木更津市）,,検出あり,42,検体,検出下限値を超えて数値が出た検体（基準値100Bq/kg未満を含む）
radiation_facility,千葉県 県内処理加工施設 イノシシ肉 放射性物質検査結果,https://www.pref.chiba.lg.jp/noushin/h-kensakekka/inoshishi-shisetsu.html,3,,,木更津市,オーガニックブリッジ（木更津市）,,最大値,40.0,Bq/kg,
radiation_facility,千葉県 県内処理加工施設 イノシシ肉 放射性物質検査結果,https://www.pref.chiba.lg.jp/noushin/h-kensakekka/inoshishi-shisetsu.html,3,,,富津市,ジビエ工房茂原（茂原市）,,検体数,129,検体,
radiation_facility,千葉県 県内処理加工施設 イノシシ肉 放射性物質検査結果,https://www.pref.chiba.lg.jp/noushin/h-kensakekka/inoshishi-shisetsu.html,3,,,富津市,ジビエ工房茂原（茂原市）,,検出あり,1,検体,検出下限値を超えて数値が出た検体（基準値100Bq/kg未満を含む）
radiation_facility,千葉県 県内処理加工施設 イノシシ肉 放射性物質検査結果,https://www.pref.chiba.lg.jp/noushin/h-kensakekka/inoshishi-shisetsu.html,3,,,富津市,ジビエ工房茂原（茂原市）,,最大値,31.0,Bq/kg,
radiation_facility,千葉県 県内処理加工施設 イノシシ肉 放射性物質検査結果,https://www.pref.chiba.lg.jp/noushin/h-kensakekka/inoshishi-shisetsu.html,3,,,茂原市,ジビエ工房茂原（茂原市）,,検体数,31,検体,
radiation_facility,千葉県 県内処理加工施設 イノシシ肉 放射性物質検査結果,https://www.pref.chiba.lg.jp/noushin/h-kensakekka/inoshishi-shisetsu.html,3,,,茂原市,ジビエ工房茂原（茂原市）,,検出あり,0,検体,検出下限値を超えて数値が出た検体（基準値100Bq/kg未満を含む）
radiation_facility,千葉県 県内処理加工施設 イノシシ肉 放射性物質検査結果,https://www.pref.chiba.lg.jp/noushin/h-kensakekka/inoshishi-shisetsu.html,3,,,長南町,ジビエ工房茂原（茂原市）,,検体数,26,検体,
radiation_facility,千葉県 県内処理加工施設 イノシシ肉 放射性物質検査結果,https://www.pref.chiba.lg.jp/noushin/h-kensakekka/inoshishi-shisetsu.html,3,,,長南町,ジビエ工房茂原（茂原市）,,検出あり,0,検体,検出下限値を超えて数値が出た検体（基準値100Bq/kg未満を含む）
radiation_facility,千葉県 県内処理加工施設 イノシシ肉 放射性物質検査結果,https://www.pref.chiba.lg.jp/noushin/h-kensakekka/inoshishi-shisetsu.html,3,,,長柄町,ジビエ工房茂原（茂原市）,,検体数,8,検体,
radiation_facility,千葉県 県内処理加工施設 イノシシ肉 放射性物質検査結果,https://www.pref.chiba.lg.jp/noushin/h-kensakekka/inoshishi-shisetsu.html,3,,,長柄町,ジビエ工房茂原（茂原市）,,検出あり,0,検体,検出下限値を超えて数値が出た検体（基準値100Bq/kg未満を含む）
radiation_facility,千葉県 県内処理加工施設 イノシシ肉 放射性物質検査結果,https://www.pref.chiba.lg.jp/noushin/h-kensakekka/inoshishi-shisetsu.html,3,,,館山市,ジビエ堂（館山市）,,検体数,11,検体,
radiation_facility,千葉県 県内処理加工施設 イノシシ肉 放射性物質検査結果,https://www.pref.chiba.lg.jp/noushin/h-kensakekka/inoshishi-shisetsu.html,3,,,館山市,ジビエ堂（館山市）,,検出あり,0,検体,検出下限値を超えて数値が出た検体（基準値100Bq/kg未満を含む）
radiation_facility,千葉県 県内処理加工施設 イノシシ肉 放射性物質検査結果,https://www.pref.chiba.lg.jp/noushin/h-kensakekka/inoshishi-shisetsu.html,3,,,館山市,館山市ジビエ加工処理施設（館山市）,,検体数,104,検体,
radiation_facility,千葉県 県内処理加工施設 イノシシ肉 放射性物質検査結果,https://www.pref.chiba.lg.jp/noushin/h-kensakekka/inoshishi-shisetsu.html,3,,,館山市,館山市ジビエ加工処理施設（館山市）,,検出あり,0,検体,検出下限値を超えて数値が出た検体（基準値100Bq/kg未満を含む）
radiation_facility,千葉県 県内処理加工施設 イノシシ肉 放射性物質検査結果,https://www.pref.chiba.lg.jp/noushin/h-kensakekka/inoshishi-shisetsu.html,4,,,長南町,ジビエ工房茂原（茂原市）,,検体数,16,検体,
radiation_facility,千葉県 県内処理加工施設 イノシシ肉 放射性物質検査結果,https://www.pref.chiba.lg.jp/noushin/h-kensakekka/inoshishi-shisetsu.html,4,,,長南町,ジビエ工房茂原（茂原市）,,検出あり,0,検体,検出下限値を超えて数値が出た検体（基準値100Bq/kg未満を含む）
radiation_facility,千葉県 県内処理加工施設 イノシシ肉 放射性物質検査結果,https://www.pref.chiba.lg.jp/noushin/h-kensakekka/inoshishi-shisetsu.html,4,,,市原市,ジビエ工房茂原（茂原市）,,検体数,20,検体,
radiation_facility,千葉県 県内処理加工施設 イノシシ肉 放射性物質検査結果,https://www.pref.chiba.lg.jp/noushin/h-kensakekka/inoshishi-shisetsu.html,4,,,市原市,ジビエ工房茂原（茂原市）,,検出あり,0,検体,検出下限値を超えて数値が出た検体（基準値100Bq/kg未満を含む）
radiation_facility,千葉県 県内処理加工施設 イノシシ肉 放射性物質検査結果,https://www.pref.chiba.lg.jp/noushin/h-kensakekka/inoshishi-shisetsu.html,4,,,千葉市緑区,ジビエ工房茂原（茂原市）,,検体数,2,検体,
radiation_facility,千葉県 県内処理加工施設 イノシシ肉 放射性物質検査結果,https://www.pref.chiba.lg.jp/noushin/h-kensakekka/inoshishi-shisetsu.html,4,,,千葉市緑区,ジビエ工房茂原（茂原市）,,検出あり,0,検体,検出下限値を超えて数値が出た検体（基準値100Bq/kg未満を含む）
radiation_facility,千葉県 県内処理加工施設 イノシシ肉 放射性物質検査結果,https://www.pref.chiba.lg.jp/noushin/h-kensakekka/inoshishi-shisetsu.html,4,,,富津市,ジビエ工房茂原（茂原市）,,検体数,68,検体,
radiation_facility,千葉県 県内処理加工施設 イノシシ肉 放射性物質検査結果,https://www.pref.chiba.lg.jp/noushin/h-kensakekka/inoshishi-shisetsu.html,4,,,富津市,ジビエ工房茂原（茂原市）,,検出あり,3,検体,検出下限値を超えて数値が出た検体（基準値100Bq/kg未満を含む）
radiation_facility,千葉県 県内処理加工施設 イノシシ肉 放射性物質検査結果,https://www.pref.chiba.lg.jp/noushin/h-kensakekka/inoshishi-shisetsu.html,4,,,富津市,ジビエ工房茂原（茂原市）,,最大値,18.0,Bq/kg,
radiation_facility,千葉県 県内処理加工施設 イノシシ肉 放射性物質検査結果,https://www.pref.chiba.lg.jp/noushin/h-kensakekka/inoshishi-shisetsu.html,4,,,茂原市,ジビエ工房茂原（茂原市）,,検体数,25,検体,
radiation_facility,千葉県 県内処理加工施設 イノシシ肉 放射性物質検査結果,https://www.pref.chiba.lg.jp/noushin/h-kensakekka/inoshishi-shisetsu.html,4,,,茂原市,ジビエ工房茂原（茂原市）,,検出あり,0,検体,検出下限値を超えて数値が出た検体（基準値100Bq/kg未満を含む）
radiation_facility,千葉県 県内処理加工施設 イノシシ肉 放射性物質検査結果,https://www.pref.chiba.lg.jp/noushin/h-kensakekka/inoshishi-shisetsu.html,4,,,長柄町,ジビエ工房茂原（茂原市）,,検体数,6,検体,
radiation_facility,千葉県 県内処理加工施設 イノシシ肉 放射性物質検査結果,https://www.pref.chiba.lg.jp/noushin/h-kensakekka/inoshishi-shisetsu.html,4,,,長柄町,ジビエ工房茂原（茂原市）,,検出あり,0,検体,検出下限値を超えて数値が出た検体（基準値100Bq/kg未満を含む）
radiation_facility,千葉県 県内処理加工施設 イノシシ肉 放射性物質検査結果,https://www.pref.chiba.lg.jp/noushin/h-kensakekka/inoshishi-shisetsu.html,4,,,御宿町,ジビエ工房茂原（茂原市）,,検体数,1,検体,
radiation_facility,千葉県 県内処理加工施設 イノシシ肉 放射性物質検査結果,https://www.pref.chiba.lg.jp/noushin/h-kensakekka/inoshishi-shisetsu.html,4,,,御宿町,ジビエ工房茂原（茂原市）,,検出あり,0,検体,検出下限値を超えて数値が出た検体（基準値100Bq/kg未満を含む）
radiation_facility,千葉県 県内処理加工施設 イノシシ肉 放射性物質検査結果,https://www.pref.chiba.lg.jp/noushin/h-kensakekka/inoshishi-shisetsu.html,4,,,睦沢町,ジビエ工房茂原（茂原市）,,検体数,1,検体,
radiation_facility,千葉県 県内処理加工施設 イノシシ肉 放射性物質検査結果,https://www.pref.chiba.lg.jp/noushin/h-kensakekka/inoshishi-shisetsu.html,4,,,睦沢町,ジビエ工房茂原（茂原市）,,検出あり,0,検体,検出下限値を超えて数値が出た検体（基準値100Bq/kg未満を含む）
radiation_facility,千葉県 県内処理加工施設 イノシシ肉 放射性物質検査結果,https://www.pref.chiba.lg.jp/noushin/h-kensakekka/inoshishi-shisetsu.html,4,,,館山市,ジビエ堂（館山市）,,検体数,5,検体,
radiation_facility,千葉県 県内処理加工施設 イノシシ肉 放射性物質検査結果,https://www.pref.chiba.lg.jp/noushin/h-kensakekka/inoshishi-shisetsu.html,4,,,館山市,ジビエ堂（館山市）,,検出あり,0,検体,検出下限値を超えて数値が出た検体（基準値100Bq/kg未満を含む）
radiation_facility,千葉県 県内処理加工施設 イノシシ肉 放射性物質検査結果,https://www.pref.chiba.lg.jp/noushin/h-kensakekka/inoshishi-shisetsu.html,4,,,館山市,館山市ジビエ加工処理施設（館山市）,,検体数,70,検体,
radiation_facility,千葉県 県内処理加工施設 イノシシ肉 放射性物質検査結果,https://www.pref.chiba.lg.jp/noushin/h-kensakekka/inoshishi-shisetsu.html,4,,,館山市,館山市ジビエ加工処理施設（館山市）,,検出あり,0,検体,検出下限値を超えて数値が出た検体（基準値100Bq/kg未満を含む）
radiation_facility,千葉県 県内処理加工施設 イノシシ肉 放射性物質検査結果,https://www.pref.chiba.lg.jp/noushin/h-kensakekka/inoshishi-shisetsu.html,4,,,南房総市,館山 ヴィルトファクトリー（館山市）,,検体数,6,検体,
radiation_facility,千葉県 県内処理加工施設 イノシシ肉 放射性物質検査結果,https://www.pref.chiba.lg.jp/noushin/h-kensakekka/inoshishi-shisetsu.html,4,,,南房総市,館山 ヴィルトファクトリー（館山市）,,検出あり,0,検体,検出下限値を超えて数値が出た検体（基準値100Bq/kg未満を含む）
radiation_facility,千葉県 県内処理加工施設 イノシシ肉 放射性物質検査結果,https://www.pref.chiba.lg.jp/noushin/h-kensakekka/inoshishi-shisetsu.html,5,,,御宿町,大多喜町都市農村交流施設（大多喜町）,,検体数,4,検体,
radiation_facility,千葉県 県内処理加工施設 イノシシ肉 放射性物質検査結果,https://www.pref.chiba.lg.jp/noushin/h-kensakekka/inoshishi-shisetsu.html,5,,,御宿町,大多喜町都市農村交流施設（大多喜町）,,検出あり,0,検体,検出下限値を超えて数値が出た検体（基準値100Bq/kg未満を含む）
radiation_facility,千葉県 県内処理加工施設 イノシシ肉 放射性物質検査結果,https://www.pref.chiba.lg.jp/noushin/h-kensakekka/inoshishi-shisetsu.html,5,,,大多喜町,大多喜町都市農村交流施設（大多喜町）,,検体数,62,検体,
radiation_facility,千葉県 県内処理加工施設 イノシシ肉 放射性物質検査結果,https://www.pref.chiba.lg.jp/noushin/h-kensakekka/inoshishi-shisetsu.html,5,,,大多喜町,大多喜町都市農村交流施設（大多喜町）,,検出あり,0,検体,検出下限値を超えて数値が出た検体（基準値100Bq/kg未満を含む）
radiation_facility,千葉県 県内処理加工施設 イノシシ肉 放射性物質検査結果,https://www.pref.chiba.lg.jp/noushin/h-kensakekka/inoshishi-shisetsu.html,5,,,市原市,大多喜町都市農村交流施設（大多喜町）,,検体数,5,検体,
radiation_facility,千葉県 県内処理加工施設 イノシシ肉 放射性物質検査結果,https://www.pref.chiba.lg.jp/noushin/h-kensakekka/inoshishi-shisetsu.html,5,,,市原市,大多喜町都市農村交流施設（大多喜町）,,検出あり,0,検体,検出下限値を超えて数値が出た検体（基準値100Bq/kg未満を含む）
radiation_facility,千葉県 県内処理加工施設 イノシシ肉 放射性物質検査結果,https://www.pref.chiba.lg.jp/noushin/h-kensakekka/inoshishi-shisetsu.html,5,,,茂原市,大多喜町都市農村交流施設（大多喜町）,,検体数,2,検体,
radiation_facility,千葉県 県内処理加工施設 イノシシ肉 放射性物質検査結果,https://www.pref.chiba.lg.jp/noushin/h-kensakekka/inoshishi-shisetsu.html,5,,,茂原市,大多喜町都市農村交流施設（大多喜町）,,検出あり,0,検体,検出下限値を超えて数値が出た検体（基準値100Bq/kg未満を含む）
radiation_facility,千葉県 県内処理加工施設 イノシシ肉 放射性物質検査結果,https://www.pref.chiba.lg.jp/noushin/h-kensakekka/inoshishi-shisetsu.html,5,,,勝浦市,ジビエ勝浦（勝浦市）,,検体数,23,検体,
radiation_facility,千葉県 県内処理加工施設 イノシシ肉 放射性物質検査結果,https://www.pref.chiba.lg.jp/noushin/h-kensakekka/inoshishi-shisetsu.html,5,,,勝浦市,ジビエ勝浦（勝浦市）,,検出あり,0,検体,検出下限値を超えて数値が出た検体（基準値100Bq/kg未満を含む）
radiation_facility,千葉県 県内処理加工施設 イノシシ肉 放射性物質検査結果,https://www.pref.chiba.lg.jp/noushin/h-kensakekka/inoshishi-shisetsu.html,5,,,鴨川市,Mineoka Gibier（鴨川市）,,検体数,37,検体,
radiation_facility,千葉県 県内処理加工施設 イノシシ肉 放射性物質検査結果,https://www.pref.chiba.lg.jp/noushin/h-kensakekka/inoshishi-shisetsu.html,5,,,鴨川市,Mineoka Gibier（鴨川市）,,検出あり,0,検体,検出下限値を超えて数値が出た検体（基準値100Bq/kg未満を含む）
radiation_facility,千葉県 県内処理加工施設 イノシシ肉 放射性物質検査結果,https://www.pref.chiba.lg.jp/noushin/h-kensakekka/inoshishi-shisetsu.html,5,,,君津市,森旧解体処理場（君津市）,,検体数,16,検体,
radiation_facility,千葉県 県内処理加工施設 イノシシ肉 放射性物質検査結果,https://www.pref.chiba.lg.jp/noushin/h-kensakekka/inoshishi-shisetsu.html,5,,,君津市,森旧解体処理場（君津市）,,検出あり,2,検体,検出下限値を超えて数値が出た検体（基準値100Bq/kg未満を含む）
radiation_facility,千葉県 県内処理加工施設 イノシシ肉 放射性物質検査結果,https://www.pref.chiba.lg.jp/noushin/h-kensakekka/inoshishi-shisetsu.html,5,,,君津市,森旧解体処理場（君津市）,,最大値,35.0,Bq/kg,
radiation_facility,千葉県 県内処理加工施設 イノシシ肉 放射性物質検査結果,https://www.pref.chiba.lg.jp/noushin/h-kensakekka/inoshishi-shisetsu.html,5,,,君津市,株式会社猟協流通　君津工場（君津市）,,検体数,97,検体,
radiation_facility,千葉県 県内処理加工施設 イノシシ肉 放射性物質検査結果,https://www.pref.chiba.lg.jp/noushin/h-kensakekka/inoshishi-shisetsu.html,5,,,君津市,株式会社猟協流通　君津工場（君津市）,,検出あり,9,検体,検出下限値を超えて数値が出た検体（基準値100Bq/kg未満を含む）
radiation_facility,千葉県 県内処理加工施設 イノシシ肉 放射性物質検査結果,https://www.pref.chiba.lg.jp/noushin/h-kensakekka/inoshishi-shisetsu.html,5,,,君津市,株式会社猟協流通　君津工場（君津市）,,最大値,41.0,Bq/kg,
radiation_facility,千葉県 県内処理加工施設 イノシシ肉 放射性物質検査結果,https://www.pref.chiba.lg.jp/noushin/h-kensakekka/inoshishi-shisetsu.html,5,,,鴨川市,株式会社猟協流通　君津工場（君津市）,,検体数,1,検体,
radiation_facility,千葉県 県内処理加工施設 イノシシ肉 放射性物質検査結果,https://www.pref.chiba.lg.jp/noushin/h-kensakekka/inoshishi-shisetsu.html,5,,,鴨川市,株式会社猟協流通　君津工場（君津市）,,検出あり,0,検体,検出下限値を超えて数値が出た検体（基準値100Bq/kg未満を含む）
radiation_facility,千葉県 県内処理加工施設 イノシシ肉 放射性物質検査結果,https://www.pref.chiba.lg.jp/noushin/h-kensakekka/inoshishi-shisetsu.html,5,,,富津市,株式会社猟協流通　君津工場（君津市）,,検体数,1,検体,
radiation_facility,千葉県 県内処理加工施設 イノシシ肉 放射性物質検査結果,https://www.pref.chiba.lg.jp/noushin/h-kensakekka/inoshishi-shisetsu.html,5,,,富津市,株式会社猟協流通　君津工場（君津市）,,検出あり,0,検体,検出下限値を超えて数値が出た検体（基準値100Bq/kg未満を含む）
radiation_facility,千葉県 県内処理加工施設 イノシシ肉 放射性物質検査結果,https://www.pref.chiba.lg.jp/noushin/h-kensakekka/inoshishi-shisetsu.html,5,,,木更津市,オーガニックブリッジ（木更津市）,,検体数,611,検体,
radiation_facility,千葉県 県内処理加工施設 イノシシ肉 放射性物質検査結果,https://www.pref.chiba.lg.jp/noushin/h-kensakekka/inoshishi-shisetsu.html,5,,,木更津市,オーガニックブリッジ（木更津市）,,検出あり,29,検体,検出下限値を超えて数値が出た検体（基準値100Bq/kg未満を含む）
radiation_facility,千葉県 県内処理加工施設 イノシシ肉 放射性物質検査結果,https://www.pref.chiba.lg.jp/noushin/h-kensakekka/inoshishi-shisetsu.html,5,,,木更津市,オーガニックブリッジ（木更津市）,,最大値,35.0,Bq/kg,
radiation_facility,千葉県 県内処理加工施設 イノシシ肉 放射性物質検査結果,https://www.pref.chiba.lg.jp/noushin/h-kensakekka/inoshishi-shisetsu.html,5,,,君津市,オーガニックブリッジ（木更津市）,,検体数,31,検体,
radiation_facility,千葉県 県内処理加工施設 イノシシ肉 放射性物質検査結果,https://www.pref.chiba.lg.jp/noushin/h-kensakekka/inoshishi-shisetsu.html,5,,,君津市,オーガニックブリッジ（木更津市）,,検出あり,2,検体,検出下限値を超えて数値が出た検体（基準値100Bq/kg未満を含む）
radiation_facility,千葉県 県内処理加工施設 イノシシ肉 放射性物質検査結果,https://www.pref.chiba.lg.jp/noushin/h-kensakekka/inoshishi-shisetsu.html,5,,,君津市,オーガニックブリッジ（木更津市）,,最大値,26.0,Bq/kg,
radiation_facility,千葉県 県内処理加工施設 イノシシ肉 放射性物質検査結果,https://www.pref.chiba.lg.jp/noushin/h-kensakekka/inoshishi-shisetsu.html,5,,,富津市,ジビエ工房茂原（茂原市）,,検体数,305,検体,
radiation_facility,千葉県 県内処理加工施設 イノシシ肉 放射性物質検査結果,https://www.pref.chiba.lg.jp/noushin/h-kensakekka/inoshishi-shisetsu.html,5,,,富津市,ジビエ工房茂原（茂原市）,,検出あり,7,検体,検出下限値を超えて数値が出た検体（基準値100Bq/kg未満を含む）
radiation_facility,千葉県 県内処理加工施設 イノシシ肉 放射性物質検査結果,https://www.pref.chiba.lg.jp/noushin/h-kensakekka/inoshishi-shisetsu.html,5,,,富津市,ジビエ工房茂原（茂原市）,,最大値,36.0,Bq/kg,
radiation_facility,千葉県 県内処理加工施設 イノシシ肉 放射性物質検査結果,https://www.pref.chiba.lg.jp/noushin/h-kensakekka/inoshishi-shisetsu.html,5,,,茂原市,ジビエ工房茂原（茂原市）,,検体数,54,検体,
radiation_facility,千葉県 県内処理加工施設 イノシシ肉 放射性物質検査結果,https://www.pref.chiba.lg.jp/noushin/h-kensakekka/inoshishi-shisetsu.html,5,,,茂原市,ジビエ工房茂原（茂原市）,,検出あり,0,検体,検出下限値を超えて数値が出た検体（基準値100Bq/kg未満を含む）
radiation_facility,千葉県 県内処理加工施設 イノシシ肉 放射性物質検査結果,https://www.pref.chiba.lg.jp/noushin/h-kensakekka/inoshishi-shisetsu.html,5,,,長柄町,ジビエ工房茂原（茂原市）,,検体数,39,検体,
radiation_facility,千葉県 県内処理加工施設 イノシシ肉 放射性物質検査結果,https://www.pref.chiba.lg.jp/noushin/h-kensakekka/inoshishi-shisetsu.html,5,,,長柄町,ジビエ工房茂原（茂原市）,,検出あり,0,検体,検出下限値を超えて数値が出た検体（基準値100Bq/kg未満を含む）
radiation_facility,千葉県 県内処理加工施設 イノシシ肉 放射性物質検査結果,https://www.pref.chiba.lg.jp/noushin/h-kensakekka/inoshishi-shisetsu.html,5,,,長南町,ジビエ工房茂原（茂原市）,,検体数,58,検体,
radiation_facility,千葉県 県内処理加工施設 イノシシ肉 放射性物質検査結果,https://www.pref.chiba.lg.jp/noushin/h-kensakekka/inoshishi-shisetsu.html,5,,,長南町,ジビエ工房茂原（茂原市）,,検出あり,0,検体,検出下限値を超えて数値が出た検体（基準値100Bq/kg未満を含む）
radiation_facility,千葉県 県内処理加工施設 イノシシ肉 放射性物質検査結果,https://www.pref.chiba.lg.jp/noushin/h-kensakekka/inoshishi-shisetsu.html,5,,,市原市,ジビエ工房茂原（茂原市）,,検体数,55,検体,
radiation_facility,千葉県 県内処理加工施設 イノシシ肉 放射性物質検査結果,https://www.pref.chiba.lg.jp/noushin/h-kensakekka/inoshishi-shisetsu.html,5,,,市原市,ジビエ工房茂原（茂原市）,,検出あり,0,検体,検出下限値を超えて数値が出た検体（基準値100Bq/kg未満を含む）
radiation_facility,千葉県 県内処理加工施設 イノシシ肉 放射性物質検査結果,https://www.pref.chiba.lg.jp/noushin/h-kensakekka/inoshishi-shisetsu.html,5,,,千葉市,ジビエ工房茂原（茂原市）,,検体数,1,検体,
radiation_facility,千葉県 県内処理加工施設 イノシシ肉 放射性物質検査結果,https://www.pref.chiba.lg.jp/noushin/h-kensakekka/inoshishi-shisetsu.html,5,,,千葉市,ジビエ工房茂原（茂原市）,,検出あり,0,検体,検出下限値を超えて数値が出た検体（基準値100Bq/kg未満を含む）
radiation_facility,千葉県 県内処理加工施設 イノシシ肉 放射性物質検査結果,https://www.pref.chiba.lg.jp/noushin/h-kensakekka/inoshishi-shisetsu.html,5,,,睦沢町,ジビエ工房茂原（茂原市）,,検体数,23,検体,
radiation_facility,千葉県 県内処理加工施設 イノシシ肉 放射性物質検査結果,https://www.pref.chiba.lg.jp/noushin/h-kensakekka/inoshishi-shisetsu.html,5,,,睦沢町,ジビエ工房茂原（茂原市）,,検出あり,0,検体,検出下限値を超えて数値が出た検体（基準値100Bq/kg未満を含む）
radiation_facility,千葉県 県内処理加工施設 イノシシ肉 放射性物質検査結果,https://www.pref.chiba.lg.jp/noushin/h-kensakekka/inoshishi-shisetsu.html,5,,,館山市,ジビエ堂（館山市）,,検体数,14,検体,
radiation_facility,千葉県 県内処理加工施設 イノシシ肉 放射性物質検査結果,https://www.pref.chiba.lg.jp/noushin/h-kensakekka/inoshishi-shisetsu.html,5,,,館山市,ジビエ堂（館山市）,,検出あり,0,検体,検出下限値を超えて数値が出た検体（基準値100Bq/kg未満を含む）
radiation_facility,千葉県 県内処理加工施設 イノシシ肉 放射性物質検査結果,https://www.pref.chiba.lg.jp/noushin/h-kensakekka/inoshishi-shisetsu.html,5,,,南房総市,ジビエ堂（館山市）,,検体数,3,検体,
radiation_facility,千葉県 県内処理加工施設 イノシシ肉 放射性物質検査結果,https://www.pref.chiba.lg.jp/noushin/h-kensakekka/inoshishi-shisetsu.html,5,,,南房総市,ジビエ堂（館山市）,,検出あり,0,検体,検出下限値を超えて数値が出た検体（基準値100Bq/kg未満を含む）
radiation_facility,千葉県 県内処理加工施設 イノシシ肉 放射性物質検査結果,https://www.pref.chiba.lg.jp/noushin/h-kensakekka/inoshishi-shisetsu.html,5,,,館山市,館山市ジビエ加工処理施設（館山市）,,検体数,516,検体,
radiation_facility,千葉県 県内処理加工施設 イノシシ肉 放射性物質検査結果,https://www.pref.chiba.lg.jp/noushin/h-kensakekka/inoshishi-shisetsu.html,5,,,館山市,館山市ジビエ加工処理施設（館山市）,,検出あり,0,検体,検出下限値を超えて数値が出た検体（基準値100Bq/kg未満を含む）
radiation_facility,千葉県 県内処理加工施設 イノシシ肉 放射性物質検査結果,https://www.pref.chiba.lg.jp/noushin/h-kensakekka/inoshishi-shisetsu.html,5,,,南房総市,館山 ヴィルトファクトリー（館山市）,,検体数,34,検体,
radiation_facility,千葉県 県内処理加工施設 イノシシ肉 放射性物質検査結果,https://www.pref.chiba.lg.jp/noushin/h-kensakekka/inoshishi-shisetsu.html,5,,,南房総市,館山 ヴィルトファクトリー（館山市）,,検出あり,0,検体,検出下限値を超えて数値が出た検体（基準値100Bq/kg未満を含む）
radiation_facility,千葉県 県内処理加工施設 イノシシ肉 放射性物質検査結果,https://www.pref.chiba.lg.jp/noushin/h-kensakekka/inoshishi-shisetsu.html,5,,,富津市,G.B.A.（富津市）,,検体数,18,検体,
radiation_facility,千葉県 県内処理加工施設 イノシシ肉 放射性物質検査結果,https://www.pref.chiba.lg.jp/noushin/h-kensakekka/inoshishi-shisetsu.html,5,,,富津市,G.B.A.（富津市）,,検出あり,18,検体,検出下限値を超えて数値が出た検体（基準値100Bq/kg未満を含む）
radiation_facility,千葉県 県内処理加工施設 イノシシ肉 放射性物質検査結果,https://www.pref.chiba.lg.jp/noushin/h-kensakekka/inoshishi-shisetsu.html,5,,,富津市,G.B.A.（富津市）,,最大値,36.52,Bq/kg,
radiation_facility,千葉県 県内処理加工施設 イノシシ肉 放射性物質検査結果,https://www.pref.chiba.lg.jp/noushin/h-kensakekka/inoshishi-shisetsu.html,6,,,大多喜町,大多喜町都市農村交流施設（大多喜町）,,検体数,22,検体,
radiation_facility,千葉県 県内処理加工施設 イノシシ肉 放射性物質検査結果,https://www.pref.chiba.lg.jp/noushin/h-kensakekka/inoshishi-shisetsu.html,6,,,大多喜町,大多喜町都市農村交流施設（大多喜町）,,検出あり,0,検体,検出下限値を超えて数値が出た検体（基準値100Bq/kg未満を含む）
radiation_facility,千葉県 県内処理加工施設 イノシシ肉 放射性物質検査結果,https://www.pref.chiba.lg.jp/noushin/h-kensakekka/inoshishi-shisetsu.html,6,,,いすみ市,大多喜町都市農村交流施設（大多喜町）,,検体数,9,検体,
radiation_facility,千葉県 県内処理加工施設 イノシシ肉 放射性物質検査結果,https://www.pref.chiba.lg.jp/noushin/h-kensakekka/inoshishi-shisetsu.html,6,,,いすみ市,大多喜町都市農村交流施設（大多喜町）,,検出あり,0,検体,検出下限値を超えて数値が出た検体（基準値100Bq/kg未満を含む）
radiation_facility,千葉県 県内処理加工施設 イノシシ肉 放射性物質検査結果,https://www.pref.chiba.lg.jp/noushin/h-kensakekka/inoshishi-shisetsu.html,6,,,勝浦市,ジビエ勝浦（勝浦市）,,検体数,18,検体,
radiation_facility,千葉県 県内処理加工施設 イノシシ肉 放射性物質検査結果,https://www.pref.chiba.lg.jp/noushin/h-kensakekka/inoshishi-shisetsu.html,6,,,勝浦市,ジビエ勝浦（勝浦市）,,検出あり,0,検体,検出下限値を超えて数値が出た検体（基準値100Bq/kg未満を含む）
radiation_facility,千葉県 県内処理加工施設 イノシシ肉 放射性物質検査結果,https://www.pref.chiba.lg.jp/noushin/h-kensakekka/inoshishi-shisetsu.html,6,,,いすみ市,ジビエ勝浦（勝浦市）,,検体数,1,検体,
radiation_facility,千葉県 県内処理加工施設 イノシシ肉 放射性物質検査結果,https://www.pref.chiba.lg.jp/noushin/h-kensakekka/inoshishi-shisetsu.html,6,,,いすみ市,ジビエ勝浦（勝浦市）,,検出あり,0,検体,検出下限値を超えて数値が出た検体（基準値100Bq/kg未満を含む）
radiation_facility,千葉県 県内処理加工施設 イノシシ肉 放射性物質検査結果,https://www.pref.chiba.lg.jp/noushin/h-kensakekka/inoshishi-shisetsu.html,6,,,鴨川市,Mineoka Gibier（鴨川市）,,検体数,96,検体,
radiation_facility,千葉県 県内処理加工施設 イノシシ肉 放射性物質検査結果,https://www.pref.chiba.lg.jp/noushin/h-kensakekka/inoshishi-shisetsu.html,6,,,鴨川市,Mineoka Gibier（鴨川市）,,検出あり,0,検体,検出下限値を超えて数値が出た検体（基準値100Bq/kg未満を含む）
radiation_facility,千葉県 県内処理加工施設 イノシシ肉 放射性物質検査結果,https://www.pref.chiba.lg.jp/noushin/h-kensakekka/inoshishi-shisetsu.html,6,,,南房総市,LA SELVAGGINA KAMOGAWA（鴨川市）,,検体数,2,検体,
radiation_facility,千葉県 県内処理加工施設 イノシシ肉 放射性物質検査結果,https://www.pref.chiba.lg.jp/noushin/h-kensakekka/inoshishi-shisetsu.html,6,,,南房総市,LA SELVAGGINA KAMOGAWA（鴨川市）,,検出あり,0,検体,検出下限値を超えて数値が出た検体（基準値100Bq/kg未満を含む）
radiation_facility,千葉県 県内処理加工施設 イノシシ肉 放射性物質検査結果,https://www.pref.chiba.lg.jp/noushin/h-kensakekka/inoshishi-shisetsu.html,6,,,鴨川市,LA SELVAGGINA KAMOGAWA（鴨川市）,,検体数,13,検体,
radiation_facility,千葉県 県内処理加工施設 イノシシ肉 放射性物質検査結果,https://www.pref.chiba.lg.jp/noushin/h-kensakekka/inoshishi-shisetsu.html,6,,,鴨川市,LA SELVAGGINA KAMOGAWA（鴨川市）,,検出あり,0,検体,検出下限値を超えて数値が出た検体（基準値100Bq/kg未満を含む）
radiation_facility,千葉県 県内処理加工施設 イノシシ肉 放射性物質検査結果,https://www.pref.chiba.lg.jp/noushin/h-kensakekka/inoshishi-shisetsu.html,6,,,富津市,LA SELVAGGINA KAMOGAWA（鴨川市）,,検体数,4,検体,
radiation_facility,千葉県 県内処理加工施設 イノシシ肉 放射性物質検査結果,https://www.pref.chiba.lg.jp/noushin/h-kensakekka/inoshishi-shisetsu.html,6,,,富津市,LA SELVAGGINA KAMOGAWA（鴨川市）,,検出あり,0,検体,検出下限値を超えて数値が出た検体（基準値100Bq/kg未満を含む）
radiation_facility,千葉県 県内処理加工施設 イノシシ肉 放射性物質検査結果,https://www.pref.chiba.lg.jp/noushin/h-kensakekka/inoshishi-shisetsu.html,6,,,君津市,LA SELVAGGINA KAMOGAWA（鴨川市）,,検体数,1,検体,
radiation_facility,千葉県 県内処理加工施設 イノシシ肉 放射性物質検査結果,https://www.pref.chiba.lg.jp/noushin/h-kensakekka/inoshishi-shisetsu.html,6,,,君津市,LA SELVAGGINA KAMOGAWA（鴨川市）,,検出あり,0,検体,検出下限値を超えて数値が出た検体（基準値100Bq/kg未満を含む）
radiation_facility,千葉県 県内処理加工施設 イノシシ肉 放射性物質検査結果,https://www.pref.chiba.lg.jp/noushin/h-kensakekka/inoshishi-shisetsu.html,6,,,君津市,君津市獣肉処理加工施設（君津市）,,検体数,530,検体,
radiation_facility,千葉県 県内処理加工施設 イノシシ肉 放射性物質検査結果,https://www.pref.chiba.lg.jp/noushin/h-kensakekka/inoshishi-shisetsu.html,6,,,君津市,君津市獣肉処理加工施設（君津市）,,検出あり,74,検体,検出下限値を超えて数値が出た検体（基準値100Bq/kg未満を含む）
radiation_facility,千葉県 県内処理加工施設 イノシシ肉 放射性物質検査結果,https://www.pref.chiba.lg.jp/noushin/h-kensakekka/inoshishi-shisetsu.html,6,,,君津市,君津市獣肉処理加工施設（君津市）,,最大値,43.0,Bq/kg,
radiation_facility,千葉県 県内処理加工施設 イノシシ肉 放射性物質検査結果,https://www.pref.chiba.lg.jp/noushin/h-kensakekka/inoshishi-shisetsu.html,6,,,鴨川市,君津市獣肉処理加工施設（君津市）,,検体数,11,検体,
radiation_facility,千葉県 県内処理加工施設 イノシシ肉 放射性物質検査結果,https://www.pref.chiba.lg.jp/noushin/h-kensakekka/inoshishi-shisetsu.html,6,,,鴨川市,君津市獣肉処理加工施設（君津市）,,検出あり,0,検体,検出下限値を超えて数値が出た検体（基準値100Bq/kg未満を含む）
radiation_facility,千葉県 県内処理加工施設 イノシシ肉 放射性物質検査結果,https://www.pref.chiba.lg.jp/noushin/h-kensakekka/inoshishi-shisetsu.html,6,,,富津市,君津市獣肉処理加工施設（君津市）,,検体数,6,検体,
radiation_facility,千葉県 県内処理加工施設 イノシシ肉 放射性物質検査結果,https://www.pref.chiba.lg.jp/noushin/h-kensakekka/inoshishi-shisetsu.html,6,,,富津市,君津市獣肉処理加工施設（君津市）,,検出あり,0,検体,検出下限値を超えて数値が出た検体（基準値100Bq/kg未満を含む）
radiation_facility,千葉県 県内処理加工施設 イノシシ肉 放射性物質検査結果,https://www.pref.chiba.lg.jp/noushin/h-kensakekka/inoshishi-shisetsu.html,6,,,木更津市,オーガニックブリッジ（木更津市）,,検体数,473,検体,
radiation_facility,千葉県 県内処理加工施設 イノシシ肉 放射性物質検査結果,https://www.pref.chiba.lg.jp/noushin/h-kensakekka/inoshishi-shisetsu.html,6,,,木更津市,オーガニックブリッジ（木更津市）,,検出あり,11,検体,検出下限値を超えて数値が出た検体（基準値100Bq/kg未満を含む）
radiation_facility,千葉県 県内処理加工施設 イノシシ肉 放射性物質検査結果,https://www.pref.chiba.lg.jp/noushin/h-kensakekka/inoshishi-shisetsu.html,6,,,木更津市,オーガニックブリッジ（木更津市）,,最大値,36.0,Bq/kg,
radiation_facility,千葉県 県内処理加工施設 イノシシ肉 放射性物質検査結果,https://www.pref.chiba.lg.jp/noushin/h-kensakekka/inoshishi-shisetsu.html,6,,,君津市,オーガニックブリッジ（木更津市）,,検体数,30,検体,
radiation_facility,千葉県 県内処理加工施設 イノシシ肉 放射性物質検査結果,https://www.pref.chiba.lg.jp/noushin/h-kensakekka/inoshishi-shisetsu.html,6,,,君津市,オーガニックブリッジ（木更津市）,,検出あり,0,検体,検出下限値を超えて数値が出た検体（基準値100Bq/kg未満を含む）
radiation_facility,千葉県 県内処理加工施設 イノシシ肉 放射性物質検査結果,https://www.pref.chiba.lg.jp/noushin/h-kensakekka/inoshishi-shisetsu.html,6,,,市原市,ジビエ工房茂原（茂原市）,,検体数,47,検体,
radiation_facility,千葉県 県内処理加工施設 イノシシ肉 放射性物質検査結果,https://www.pref.chiba.lg.jp/noushin/h-kensakekka/inoshishi-shisetsu.html,6,,,市原市,ジビエ工房茂原（茂原市）,,検出あり,0,検体,検出下限値を超えて数値が出た検体（基準値100Bq/kg未満を含む）
radiation_facility,千葉県 県内処理加工施設 イノシシ肉 放射性物質検査結果,https://www.pref.chiba.lg.jp/noushin/h-kensakekka/inoshishi-shisetsu.html,6,,,睦沢町,ジビエ工房茂原（茂原市）,,検体数,1,検体,
radiation_facility,千葉県 県内処理加工施設 イノシシ肉 放射性物質検査結果,https://www.pref.chiba.lg.jp/noushin/h-kensakekka/inoshishi-shisetsu.html,6,,,睦沢町,ジビエ工房茂原（茂原市）,,検出あり,0,検体,検出下限値を超えて数値が出た検体（基準値100Bq/kg未満を含む）
radiation_facility,千葉県 県内処理加工施設 イノシシ肉 放射性物質検査結果,https://www.pref.chiba.lg.jp/noushin/h-kensakekka/inoshishi-shisetsu.html,6,,,茂原市,ジビエ工房茂原（茂原市）,,検体数,54,検体,
radiation_facility,千葉県 県内処理加工施設 イノシシ肉 放射性物質検査結果,https://www.pref.chiba.lg.jp/noushin/h-kensakekka/inoshishi-shisetsu.html,6,,,茂原市,ジビエ工房茂原（茂原市）,,検出あり,0,検体,検出下限値を超えて数値が出た検体（基準値100Bq/kg未満を含む）
radiation_facility,千葉県 県内処理加工施設 イノシシ肉 放射性物質検査結果,https://www.pref.chiba.lg.jp/noushin/h-kensakekka/inoshishi-shisetsu.html,6,,,富津市,ジビエ工房茂原（茂原市）,,検体数,246,検体,
radiation_facility,千葉県 県内処理加工施設 イノシシ肉 放射性物質検査結果,https://www.pref.chiba.lg.jp/noushin/h-kensakekka/inoshishi-shisetsu.html,6,,,富津市,ジビエ工房茂原（茂原市）,,検出あり,0,検体,検出下限値を超えて数値が出た検体（基準値100Bq/kg未満を含む）
radiation_facility,千葉県 県内処理加工施設 イノシシ肉 放射性物質検査結果,https://www.pref.chiba.lg.jp/noushin/h-kensakekka/inoshishi-shisetsu.html,6,,,長南町,ジビエ工房茂原（茂原市）,,検体数,20,検体,
radiation_facility,千葉県 県内処理加工施設 イノシシ肉 放射性物質検査結果,https://www.pref.chiba.lg.jp/noushin/h-kensakekka/inoshishi-shisetsu.html,6,,,長南町,ジビエ工房茂原（茂原市）,,検出あり,0,検体,検出下限値を超えて数値が出た検体（基準値100Bq/kg未満を含む）
radiation_facility,千葉県 県内処理加工施設 イノシシ肉 放射性物質検査結果,https://www.pref.chiba.lg.jp/noushin/h-kensakekka/inoshishi-shisetsu.html,6,,,長柄町,ジビエ工房茂原（茂原市）,,検体数,34,検体,
radiation_facility,千葉県 県内処理加工施設 イノシシ肉 放射性物質検査結果,https://www.pref.chiba.lg.jp/noushin/h-kensakekka/inoshishi-shisetsu.html,6,,,長柄町,ジビエ工房茂原（茂原市）,,検出あり,0,検体,検出下限値を超えて数値が出た検体（基準値100Bq/kg未満を含む）
radiation_facility,千葉県 県内処理加工施設 イノシシ肉 放射性物質検査結果,https://www.pref.chiba.lg.jp/noushin/h-kensakekka/inoshishi-shisetsu.html,6,,,いすみ市,ちばジビエの森（いすみ市）,,検体数,12,検体,
radiation_facility,千葉県 県内処理加工施設 イノシシ肉 放射性物質検査結果,https://www.pref.chiba.lg.jp/noushin/h-kensakekka/inoshishi-shisetsu.html,6,,,いすみ市,ちばジビエの森（いすみ市）,,検出あり,0,検体,検出下限値を超えて数値が出た検体（基準値100Bq/kg未満を含む）
radiation_facility,千葉県 県内処理加工施設 イノシシ肉 放射性物質検査結果,https://www.pref.chiba.lg.jp/noushin/h-kensakekka/inoshishi-shisetsu.html,6,,,館山市,ジビエ堂（館山市）,,検体数,16,検体,
radiation_facility,千葉県 県内処理加工施設 イノシシ肉 放射性物質検査結果,https://www.pref.chiba.lg.jp/noushin/h-kensakekka/inoshishi-shisetsu.html,6,,,館山市,ジビエ堂（館山市）,,検出あり,0,検体,検出下限値を超えて数値が出た検体（基準値100Bq/kg未満を含む）
radiation_facility,千葉県 県内処理加工施設 イノシシ肉 放射性物質検査結果,https://www.pref.chiba.lg.jp/noushin/h-kensakekka/inoshishi-shisetsu.html,6,,,南房総市,ジビエ堂（館山市）,,検体数,3,検体,
radiation_facility,千葉県 県内処理加工施設 イノシシ肉 放射性物質検査結果,https://www.pref.chiba.lg.jp/noushin/h-kensakekka/inoshishi-shisetsu.html,6,,,南房総市,ジビエ堂（館山市）,,検出あり,0,検体,検出下限値を超えて数値が出た検体（基準値100Bq/kg未満を含む）
radiation_facility,千葉県 県内処理加工施設 イノシシ肉 放射性物質検査結果,https://www.pref.chiba.lg.jp/noushin/h-kensakekka/inoshishi-shisetsu.html,6,,,館山市,館山市ジビエ加工処理施設（館山市）,,検体数,411,検体,
radiation_facility,千葉県 県内処理加工施設 イノシシ肉 放射性物質検査結果,https://www.pref.chiba.lg.jp/noushin/h-kensakekka/inoshishi-shisetsu.html,6,,,館山市,館山市ジビエ加工処理施設（館山市）,,検出あり,0,検体,検出下限値を超えて数値が出た検体（基準値100Bq/kg未満を含む）
radiation_facility,千葉県 県内処理加工施設 イノシシ肉 放射性物質検査結果,https://www.pref.chiba.lg.jp/noushin/h-kensakekka/inoshishi-shisetsu.html,6,,,南房総市,館山市ジビエ加工処理施設（館山市）,,検体数,39,検体,
radiation_facility,千葉県 県内処理加工施設 イノシシ肉 放射性物質検査結果,https://www.pref.chiba.lg.jp/noushin/h-kensakekka/inoshishi-shisetsu.html,6,,,南房総市,館山市ジビエ加工処理施設（館山市）,,検出あり,0,検体,検出下限値を超えて数値が出た検体（基準値100Bq/kg未満を含む）
radiation_facility,千葉県 県内処理加工施設 イノシシ肉 放射性物質検査結果,https://www.pref.chiba.lg.jp/noushin/h-kensakekka/inoshishi-shisetsu.html,6,,,南房総市,館山 ヴィルトファクトリー（館山市）,,検体数,57,検体,
radiation_facility,千葉県 県内処理加工施設 イノシシ肉 放射性物質検査結果,https://www.pref.chiba.lg.jp/noushin/h-kensakekka/inoshishi-shisetsu.html,6,,,南房総市,館山 ヴィルトファクトリー（館山市）,,検出あり,0,検体,検出下限値を超えて数値が出た検体（基準値100Bq/kg未満を含む）
radiation_facility,千葉県 県内処理加工施設 イノシシ肉 放射性物質検査結果,https://www.pref.chiba.lg.jp/noushin/h-kensakekka/inoshishi-shisetsu.html,6,,,館山市,館山 ヴィルトファクトリー（館山市）,,検体数,5,検体,
radiation_facility,千葉県 県内処理加工施設 イノシシ肉 放射性物質検査結果,https://www.pref.chiba.lg.jp/noushin/h-kensakekka/inoshishi-shisetsu.html,6,,,館山市,館山 ヴィルトファクトリー（館山市）,,検出あり,0,検体,検出下限値を超えて数値が出た検体（基準値100Bq/kg未満を含む）
radiation_facility,千葉県 県内処理加工施設 イノシシ肉 放射性物質検査結果,https://www.pref.chiba.lg.jp/noushin/h-kensakekka/inoshishi-shisetsu.html,6,,,富津市,G.B.A.（富津市）,,検体数,76,検体,
radiation_facility,千葉県 県内処理加工施設 イノシシ肉 放射性物質検査結果,https://www.pref.chiba.lg.jp/noushin/h-kensakekka/inoshishi-shisetsu.html,6,,,富津市,G.B.A.（富津市）,,検出あり,21,検体,検出下限値を超えて数値が出た検体（基準値100Bq/kg未満を含む）
radiation_facility,千葉県 県内処理加工施設 イノシシ肉 放射性物質検査結果,https://www.pref.chiba.lg.jp/noushin/h-kensakekka/inoshishi-shisetsu.html,6,,,富津市,G.B.A.（富津市）,,最大値,45.0,Bq/kg,
radiation_facility,千葉県 県内処理加工施設 イノシシ肉 放射性物質検査結果,https://www.pref.chiba.lg.jp/noushin/h-kensakekka/inoshishi-shisetsu.html,6,,,一宮町,房野ジビエ Ichinomiya factory（一宮町）,,検体数,2,検体,
radiation_facility,千葉県 県内処理加工施設 イノシシ肉 放射性物質検査結果,https://www.pref.chiba.lg.jp/noushin/h-kensakekka/inoshishi-shisetsu.html,6,,,一宮町,房野ジビエ Ichinomiya factory（一宮町）,,検出あり,0,検体,検出下限値を超えて数値が出た検体（基準値100Bq/kg未満を含む）
radiation_facility,千葉県 県内処理加工施設 イノシシ肉 放射性物質検査結果,https://www.pref.chiba.lg.jp/noushin/h-kensakekka/inoshishi-shisetsu.html,6,,,長南町,房野ジビエ Ichinomiya factory（一宮町）,,検体数,4,検体,
radiation_facility,千葉県 県内処理加工施設 イノシシ肉 放射性物質検査結果,https://www.pref.chiba.lg.jp/noushin/h-kensakekka/inoshishi-shisetsu.html,6,,,長南町,房野ジビエ Ichinomiya factory（一宮町）,,検出あり,0,検体,検出下限値を超えて数値が出た検体（基準値100Bq/kg未満を含む）
radiation_facility,千葉県 県内処理加工施設 イノシシ肉 放射性物質検査結果,https://www.pref.chiba.lg.jp/noushin/h-kensakekka/inoshishi-shisetsu.html,6,,,東金市,房野ジビエ Ichinomiya factory（一宮町）,,検体数,2,検体,
radiation_facility,千葉県 県内処理加工施設 イノシシ肉 放射性物質検査結果,https://www.pref.chiba.lg.jp/noushin/h-kensakekka/inoshishi-shisetsu.html,6,,,東金市,房野ジビエ Ichinomiya factory（一宮町）,,検出あり,0,検体,検出下限値を超えて数値が出た検体（基準値100Bq/kg未満を含む）
radiation_facility,千葉県 県内処理加工施設 イノシシ肉 放射性物質検査結果,https://www.pref.chiba.lg.jp/noushin/h-kensakekka/inoshishi-shisetsu.html,7,,,いすみ市,大多喜町都市農村交流施設（大多喜町）,,検体数,74,検体,
radiation_facility,千葉県 県内処理加工施設 イノシシ肉 放射性物質検査結果,https://www.pref.chiba.lg.jp/noushin/h-kensakekka/inoshishi-shisetsu.html,7,,,いすみ市,大多喜町都市農村交流施設（大多喜町）,,検出あり,0,検体,検出下限値を超えて数値が出た検体（基準値100Bq/kg未満を含む）
radiation_facility,千葉県 県内処理加工施設 イノシシ肉 放射性物質検査結果,https://www.pref.chiba.lg.jp/noushin/h-kensakekka/inoshishi-shisetsu.html,7,,,御宿町,大多喜町都市農村交流施設（大多喜町）,,検体数,6,検体,
radiation_facility,千葉県 県内処理加工施設 イノシシ肉 放射性物質検査結果,https://www.pref.chiba.lg.jp/noushin/h-kensakekka/inoshishi-shisetsu.html,7,,,御宿町,大多喜町都市農村交流施設（大多喜町）,,検出あり,0,検体,検出下限値を超えて数値が出た検体（基準値100Bq/kg未満を含む）
radiation_facility,千葉県 県内処理加工施設 イノシシ肉 放射性物質検査結果,https://www.pref.chiba.lg.jp/noushin/h-kensakekka/inoshishi-shisetsu.html,7,,,大多喜町,大多喜町都市農村交流施設（大多喜町）,,検体数,1,検体,
radiation_facility,千葉県 県内処理加工施設 イノシシ肉 放射性物質検査結果,https://www.pref.chiba.lg.jp/noushin/h-kensakekka/inoshishi-shisetsu.html,7,,,大多喜町,大多喜町都市農村交流施設（大多喜町）,,検出あり,0,検体,検出下限値を超えて数値が出た検体（基準値100Bq/kg未満を含む）
radiation_facility,千葉県 県内処理加工施設 イノシシ肉 放射性物質検査結果,https://www.pref.chiba.lg.jp/noushin/h-kensakekka/inoshishi-shisetsu.html,7,,,勝浦市,ジビエ勝浦（勝浦市）,,検体数,12,検体,
radiation_facility,千葉県 県内処理加工施設 イノシシ肉 放射性物質検査結果,https://www.pref.chiba.lg.jp/noushin/h-kensakekka/inoshishi-shisetsu.html,7,,,勝浦市,ジビエ勝浦（勝浦市）,,検出あり,0,検体,検出下限値を超えて数値が出た検体（基準値100Bq/kg未満を含む）
radiation_facility,千葉県 県内処理加工施設 イノシシ肉 放射性物質検査結果,https://www.pref.chiba.lg.jp/noushin/h-kensakekka/inoshishi-shisetsu.html,7,,,鴨川市,Mineoka Gibier（鴨川市）,,検体数,145,検体,
radiation_facility,千葉県 県内処理加工施設 イノシシ肉 放射性物質検査結果,https://www.pref.chiba.lg.jp/noushin/h-kensakekka/inoshishi-shisetsu.html,7,,,鴨川市,Mineoka Gibier（鴨川市）,,検出あり,0,検体,検出下限値を超えて数値が出た検体（基準値100Bq/kg未満を含む）
radiation_facility,千葉県 県内処理加工施設 イノシシ肉 放射性物質検査結果,https://www.pref.chiba.lg.jp/noushin/h-kensakekka/inoshishi-shisetsu.html,7,,,南房総市,Mineoka Gibier（鴨川市）,,検体数,6,検体,
radiation_facility,千葉県 県内処理加工施設 イノシシ肉 放射性物質検査結果,https://www.pref.chiba.lg.jp/noushin/h-kensakekka/inoshishi-shisetsu.html,7,,,南房総市,Mineoka Gibier（鴨川市）,,検出あり,0,検体,検出下限値を超えて数値が出た検体（基準値100Bq/kg未満を含む）
radiation_facility,千葉県 県内処理加工施設 イノシシ肉 放射性物質検査結果,https://www.pref.chiba.lg.jp/noushin/h-kensakekka/inoshishi-shisetsu.html,7,,,鴨川市,LA SELVAGGINA KAMOGAWA（鴨川市）,,検体数,58,検体,
radiation_facility,千葉県 県内処理加工施設 イノシシ肉 放射性物質検査結果,https://www.pref.chiba.lg.jp/noushin/h-kensakekka/inoshishi-shisetsu.html,7,,,鴨川市,LA SELVAGGINA KAMOGAWA（鴨川市）,,検出あり,0,検体,検出下限値を超えて数値が出た検体（基準値100Bq/kg未満を含む）
radiation_facility,千葉県 県内処理加工施設 イノシシ肉 放射性物質検査結果,https://www.pref.chiba.lg.jp/noushin/h-kensakekka/inoshishi-shisetsu.html,7,,,富津市,LA SELVAGGINA KAMOGAWA（鴨川市）,,検体数,12,検体,
radiation_facility,千葉県 県内処理加工施設 イノシシ肉 放射性物質検査結果,https://www.pref.chiba.lg.jp/noushin/h-kensakekka/inoshishi-shisetsu.html,7,,,富津市,LA SELVAGGINA KAMOGAWA（鴨川市）,,検出あり,0,検体,検出下限値を超えて数値が出た検体（基準値100Bq/kg未満を含む）
radiation_facility,千葉県 県内処理加工施設 イノシシ肉 放射性物質検査結果,https://www.pref.chiba.lg.jp/noushin/h-kensakekka/inoshishi-shisetsu.html,7,,,南房総市,LA SELVAGGINA KAMOGAWA（鴨川市）,,検体数,16,検体,
radiation_facility,千葉県 県内処理加工施設 イノシシ肉 放射性物質検査結果,https://www.pref.chiba.lg.jp/noushin/h-kensakekka/inoshishi-shisetsu.html,7,,,南房総市,LA SELVAGGINA KAMOGAWA（鴨川市）,,検出あり,0,検体,検出下限値を超えて数値が出た検体（基準値100Bq/kg未満を含む）
radiation_facility,千葉県 県内処理加工施設 イノシシ肉 放射性物質検査結果,https://www.pref.chiba.lg.jp/noushin/h-kensakekka/inoshishi-shisetsu.html,7,,,君津市,LA SELVAGGINA KAMOGAWA（鴨川市）,,検体数,3,検体,
radiation_facility,千葉県 県内処理加工施設 イノシシ肉 放射性物質検査結果,https://www.pref.chiba.lg.jp/noushin/h-kensakekka/inoshishi-shisetsu.html,7,,,君津市,LA SELVAGGINA KAMOGAWA（鴨川市）,,検出あり,0,検体,検出下限値を超えて数値が出た検体（基準値100Bq/kg未満を含む）
radiation_facility,千葉県 県内処理加工施設 イノシシ肉 放射性物質検査結果,https://www.pref.chiba.lg.jp/noushin/h-kensakekka/inoshishi-shisetsu.html,7,,,君津市,君津市獣肉処理加工施設（君津市）,,検体数,726,検体,
radiation_facility,千葉県 県内処理加工施設 イノシシ肉 放射性物質検査結果,https://www.pref.chiba.lg.jp/noushin/h-kensakekka/inoshishi-shisetsu.html,7,,,君津市,君津市獣肉処理加工施設（君津市）,,検出あり,73,検体,検出下限値を超えて数値が出た検体（基準値100Bq/kg未満を含む）
radiation_facility,千葉県 県内処理加工施設 イノシシ肉 放射性物質検査結果,https://www.pref.chiba.lg.jp/noushin/h-kensakekka/inoshishi-shisetsu.html,7,,,君津市,君津市獣肉処理加工施設（君津市）,,最大値,43.0,Bq/kg,
radiation_facility,千葉県 県内処理加工施設 イノシシ肉 放射性物質検査結果,https://www.pref.chiba.lg.jp/noushin/h-kensakekka/inoshishi-shisetsu.html,7,,,木更津市,オーガニックブリッジ（木更津市）,,検体数,540,検体,
radiation_facility,千葉県 県内処理加工施設 イノシシ肉 放射性物質検査結果,https://www.pref.chiba.lg.jp/noushin/h-kensakekka/inoshishi-shisetsu.html,7,,,木更津市,オーガニックブリッジ（木更津市）,,検出あり,8,検体,検出下限値を超えて数値が出た検体（基準値100Bq/kg未満を含む）
radiation_facility,千葉県 県内処理加工施設 イノシシ肉 放射性物質検査結果,https://www.pref.chiba.lg.jp/noushin/h-kensakekka/inoshishi-shisetsu.html,7,,,木更津市,オーガニックブリッジ（木更津市）,,最大値,35.0,Bq/kg,
radiation_facility,千葉県 県内処理加工施設 イノシシ肉 放射性物質検査結果,https://www.pref.chiba.lg.jp/noushin/h-kensakekka/inoshishi-shisetsu.html,7,,,君津市,オーガニックブリッジ（木更津市）,,検体数,28,検体,
radiation_facility,千葉県 県内処理加工施設 イノシシ肉 放射性物質検査結果,https://www.pref.chiba.lg.jp/noushin/h-kensakekka/inoshishi-shisetsu.html,7,,,君津市,オーガニックブリッジ（木更津市）,,検出あり,0,検体,検出下限値を超えて数値が出た検体（基準値100Bq/kg未満を含む）
radiation_facility,千葉県 県内処理加工施設 イノシシ肉 放射性物質検査結果,https://www.pref.chiba.lg.jp/noushin/h-kensakekka/inoshishi-shisetsu.html,7,,,袖ヶ浦市,オーガニックブリッジ（木更津市）,,検体数,3,検体,
radiation_facility,千葉県 県内処理加工施設 イノシシ肉 放射性物質検査結果,https://www.pref.chiba.lg.jp/noushin/h-kensakekka/inoshishi-shisetsu.html,7,,,袖ヶ浦市,オーガニックブリッジ（木更津市）,,検出あり,0,検体,検出下限値を超えて数値が出た検体（基準値100Bq/kg未満を含む）
radiation_facility,千葉県 県内処理加工施設 イノシシ肉 放射性物質検査結果,https://www.pref.chiba.lg.jp/noushin/h-kensakekka/inoshishi-shisetsu.html,7,,,茂原市,ジビエ工房茂原（茂原市）,,検体数,38,検体,
radiation_facility,千葉県 県内処理加工施設 イノシシ肉 放射性物質検査結果,https://www.pref.chiba.lg.jp/noushin/h-kensakekka/inoshishi-shisetsu.html,7,,,茂原市,ジビエ工房茂原（茂原市）,,検出あり,0,検体,検出下限値を超えて数値が出た検体（基準値100Bq/kg未満を含む）
radiation_facility,千葉県 県内処理加工施設 イノシシ肉 放射性物質検査結果,https://www.pref.chiba.lg.jp/noushin/h-kensakekka/inoshishi-shisetsu.html,7,,,富津市,ジビエ工房茂原（茂原市）,,検体数,232,検体,
radiation_facility,千葉県 県内処理加工施設 イノシシ肉 放射性物質検査結果,https://www.pref.chiba.lg.jp/noushin/h-kensakekka/inoshishi-shisetsu.html,7,,,富津市,ジビエ工房茂原（茂原市）,,検出あり,0,検体,検出下限値を超えて数値が出た検体（基準値100Bq/kg未満を含む）
radiation_facility,千葉県 県内処理加工施設 イノシシ肉 放射性物質検査結果,https://www.pref.chiba.lg.jp/noushin/h-kensakekka/inoshishi-shisetsu.html,7,,,長柄町,ジビエ工房茂原（茂原市）,,検体数,24,検体,
radiation_facility,千葉県 県内処理加工施設 イノシシ肉 放射性物質検査結果,https://www.pref.chiba.lg.jp/noushin/h-kensakekka/inoshishi-shisetsu.html,7,,,長柄町,ジビエ工房茂原（茂原市）,,検出あり,0,検体,検出下限値を超えて数値が出た検体（基準値100Bq/kg未満を含む）
radiation_facility,千葉県 県内処理加工施設 イノシシ肉 放射性物質検査結果,https://www.pref.chiba.lg.jp/noushin/h-kensakekka/inoshishi-shisetsu.html,7,,,市原市,ジビエ工房茂原（茂原市）,,検体数,53,検体,
radiation_facility,千葉県 県内処理加工施設 イノシシ肉 放射性物質検査結果,https://www.pref.chiba.lg.jp/noushin/h-kensakekka/inoshishi-shisetsu.html,7,,,市原市,ジビエ工房茂原（茂原市）,,検出あり,0,検体,検出下限値を超えて数値が出た検体（基準値100Bq/kg未満を含む）
radiation_facility,千葉県 県内処理加工施設 イノシシ肉 放射性物質検査結果,https://www.pref.chiba.lg.jp/noushin/h-kensakekka/inoshishi-shisetsu.html,7,,,長南町,ジビエ工房茂原（茂原市）,,検体数,29,検体,
radiation_facility,千葉県 県内処理加工施設 イノシシ肉 放射性物質検査結果,https://www.pref.chiba.lg.jp/noushin/h-kensakekka/inoshishi-shisetsu.html,7,,,長南町,ジビエ工房茂原（茂原市）,,検出あり,0,検体,検出下限値を超えて数値が出た検体（基準値100Bq/kg未満を含む）
radiation_facility,千葉県 県内処理加工施設 イノシシ肉 放射性物質検査結果,https://www.pref.chiba.lg.jp/noushin/h-kensakekka/inoshishi-shisetsu.html,7,,,睦沢町,ジビエ工房茂原（茂原市）,,検体数,13,検体,
radiation_facility,千葉県 県内処理加工施設 イノシシ肉 放射性物質検査結果,https://www.pref.chiba.lg.jp/noushin/h-kensakekka/inoshishi-shisetsu.html,7,,,睦沢町,ジビエ工房茂原（茂原市）,,検出あり,1,検体,検出下限値を超えて数値が出た検体（基準値100Bq/kg未満を含む）
radiation_facility,千葉県 県内処理加工施設 イノシシ肉 放射性物質検査結果,https://www.pref.chiba.lg.jp/noushin/h-kensakekka/inoshishi-shisetsu.html,7,,,睦沢町,ジビエ工房茂原（茂原市）,,最大値,16.0,Bq/kg,
radiation_facility,千葉県 県内処理加工施設 イノシシ肉 放射性物質検査結果,https://www.pref.chiba.lg.jp/noushin/h-kensakekka/inoshishi-shisetsu.html,7,,,いすみ市,ちばジビエの森（いすみ市）,,検体数,25,検体,
radiation_facility,千葉県 県内処理加工施設 イノシシ肉 放射性物質検査結果,https://www.pref.chiba.lg.jp/noushin/h-kensakekka/inoshishi-shisetsu.html,7,,,いすみ市,ちばジビエの森（いすみ市）,,検出あり,0,検体,検出下限値を超えて数値が出た検体（基準値100Bq/kg未満を含む）
radiation_facility,千葉県 県内処理加工施設 イノシシ肉 放射性物質検査結果,https://www.pref.chiba.lg.jp/noushin/h-kensakekka/inoshishi-shisetsu.html,7,,,南房総市,ジビエ堂（館山市）,,検体数,3,検体,
radiation_facility,千葉県 県内処理加工施設 イノシシ肉 放射性物質検査結果,https://www.pref.chiba.lg.jp/noushin/h-kensakekka/inoshishi-shisetsu.html,7,,,南房総市,ジビエ堂（館山市）,,検出あり,0,検体,検出下限値を超えて数値が出た検体（基準値100Bq/kg未満を含む）
radiation_facility,千葉県 県内処理加工施設 イノシシ肉 放射性物質検査結果,https://www.pref.chiba.lg.jp/noushin/h-kensakekka/inoshishi-shisetsu.html,7,,,館山市,ジビエ堂（館山市）,,検体数,17,検体,
radiation_facility,千葉県 県内処理加工施設 イノシシ肉 放射性物質検査結果,https://www.pref.chiba.lg.jp/noushin/h-kensakekka/inoshishi-shisetsu.html,7,,,館山市,ジビエ堂（館山市）,,検出あり,0,検体,検出下限値を超えて数値が出た検体（基準値100Bq/kg未満を含む）
radiation_facility,千葉県 県内処理加工施設 イノシシ肉 放射性物質検査結果,https://www.pref.chiba.lg.jp/noushin/h-kensakekka/inoshishi-shisetsu.html,7,,,館山市,館山市ジビエ加工処理施設（館山市）,,検体数,621,検体,
radiation_facility,千葉県 県内処理加工施設 イノシシ肉 放射性物質検査結果,https://www.pref.chiba.lg.jp/noushin/h-kensakekka/inoshishi-shisetsu.html,7,,,館山市,館山市ジビエ加工処理施設（館山市）,,検出あり,0,検体,検出下限値を超えて数値が出た検体（基準値100Bq/kg未満を含む）
radiation_facility,千葉県 県内処理加工施設 イノシシ肉 放射性物質検査結果,https://www.pref.chiba.lg.jp/noushin/h-kensakekka/inoshishi-shisetsu.html,7,,,南房総市,館山市ジビエ加工処理施設（館山市）,,検体数,186,検体,
radiation_facility,千葉県 県内処理加工施設 イノシシ肉 放射性物質検査結果,https://www.pref.chiba.lg.jp/noushin/h-kensakekka/inoshishi-shisetsu.html,7,,,南房総市,館山市ジビエ加工処理施設（館山市）,,検出あり,0,検体,検出下限値を超えて数値が出た検体（基準値100Bq/kg未満を含む）
radiation_facility,千葉県 県内処理加工施設 イノシシ肉 放射性物質検査結果,https://www.pref.chiba.lg.jp/noushin/h-kensakekka/inoshishi-shisetsu.html,7,,,南房総市,館山 ヴィルトファクトリー（館山市）,,検体数,49,検体,
radiation_facility,千葉県 県内処理加工施設 イノシシ肉 放射性物質検査結果,https://www.pref.chiba.lg.jp/noushin/h-kensakekka/inoshishi-shisetsu.html,7,,,南房総市,館山 ヴィルトファクトリー（館山市）,,検出あり,0,検体,検出下限値を超えて数値が出た検体（基準値100Bq/kg未満を含む）
radiation_facility,千葉県 県内処理加工施設 イノシシ肉 放射性物質検査結果,https://www.pref.chiba.lg.jp/noushin/h-kensakekka/inoshishi-shisetsu.html,7,,,館山市,館山 ヴィルトファクトリー（館山市）,,検体数,1,検体,
radiation_facility,千葉県 県内処理加工施設 イノシシ肉 放射性物質検査結果,https://www.pref.chiba.lg.jp/noushin/h-kensakekka/inoshishi-shisetsu.html,7,,,館山市,館山 ヴィルトファクトリー（館山市）,,検出あり,0,検体,検出下限値を超えて数値が出た検体（基準値100Bq/kg未満を含む）
radiation_facility,千葉県 県内処理加工施設 イノシシ肉 放射性物質検査結果,https://www.pref.chiba.lg.jp/noushin/h-kensakekka/inoshishi-shisetsu.html,7,,,富津市,G.B.A.（富津市）,,検体数,130,検体,
radiation_facility,千葉県 県内処理加工施設 イノシシ肉 放射性物質検査結果,https://www.pref.chiba.lg.jp/noushin/h-kensakekka/inoshishi-shisetsu.html,7,,,富津市,G.B.A.（富津市）,,検出あり,40,検体,検出下限値を超えて数値が出た検体（基準値100Bq/kg未満を含む）
radiation_facility,千葉県 県内処理加工施設 イノシシ肉 放射性物質検査結果,https://www.pref.chiba.lg.jp/noushin/h-kensakekka/inoshishi-shisetsu.html,7,,,富津市,G.B.A.（富津市）,,最大値,48.0,Bq/kg,
radiation_facility,千葉県 県内処理加工施設 イノシシ肉 放射性物質検査結果,https://www.pref.chiba.lg.jp/noushin/h-kensakekka/inoshishi-shisetsu.html,7,,,長南町,房野ジビエ Ichinomiya factory（一宮町）,,検体数,32,検体,
radiation_facility,千葉県 県内処理加工施設 イノシシ肉 放射性物質検査結果,https://www.pref.chiba.lg.jp/noushin/h-kensakekka/inoshishi-shisetsu.html,7,,,長南町,房野ジビエ Ichinomiya factory（一宮町）,,検出あり,0,検体,検出下限値を超えて数値が出た検体（基準値100Bq/kg未満を含む）
radiation_facility,千葉県 県内処理加工施設 イノシシ肉 放射性物質検査結果,https://www.pref.chiba.lg.jp/noushin/h-kensakekka/inoshishi-shisetsu.html,7,,,一宮町,房野ジビエ Ichinomiya factory（一宮町）,,検体数,20,検体,
radiation_facility,千葉県 県内処理加工施設 イノシシ肉 放射性物質検査結果,https://www.pref.chiba.lg.jp/noushin/h-kensakekka/inoshishi-shisetsu.html,7,,,一宮町,房野ジビエ Ichinomiya factory（一宮町）,,検出あり,0,検体,検出下限値を超えて数値が出た検体（基準値100Bq/kg未満を含む）
radiation_facility,千葉県 県内処理加工施設 イノシシ肉 放射性物質検査結果,https://www.pref.chiba.lg.jp/noushin/h-kensakekka/inoshishi-shisetsu.html,7,,,御宿町,房野ジビエ Ichinomiya factory（一宮町）,,検体数,12,検体,
radiation_facility,千葉県 県内処理加工施設 イノシシ肉 放射性物質検査結果,https://www.pref.chiba.lg.jp/noushin/h-kensakekka/inoshishi-shisetsu.html,7,,,御宿町,房野ジビエ Ichinomiya factory（一宮町）,,検出あり,0,検体,検出下限値を超えて数値が出た検体（基準値100Bq/kg未満を含む）
radiation_facility,千葉県 県内処理加工施設 イノシシ肉 放射性物質検査結果,https://www.pref.chiba.lg.jp/noushin/h-kensakekka/inoshishi-shisetsu.html,7,,,いすみ市,房野ジビエ Ichinomiya factory（一宮町）,,検体数,1,検体,
radiation_facility,千葉県 県内処理加工施設 イノシシ肉 放射性物質検査結果,https://www.pref.chiba.lg.jp/noushin/h-kensakekka/inoshishi-shisetsu.html,7,,,いすみ市,房野ジビエ Ichinomiya factory（一宮町）,,検出あり,0,検体,検出下限値を超えて数値が出た検体（基準値100Bq/kg未満を含む）
radiation_facility,千葉県 県内処理加工施設 イノシシ肉 放射性物質検査結果,https://www.pref.chiba.lg.jp/noushin/h-kensakekka/inoshishi-shisetsu.html,7,,,大多喜町,房野ジビエ Ichinomiya factory（一宮町）,,検体数,7,検体,
radiation_facility,千葉県 県内処理加工施設 イノシシ肉 放射性物質検査結果,https://www.pref.chiba.lg.jp/noushin/h-kensakekka/inoshishi-shisetsu.html,7,,,大多喜町,房野ジビエ Ichinomiya factory（一宮町）,,検出あり,0,検体,検出下限値を超えて数値が出た検体（基準値100Bq/kg未満を含む）
radiation_facility,千葉県 県内処理加工施設 イノシシ肉 放射性物質検査結果,https://www.pref.chiba.lg.jp/noushin/h-kensakekka/inoshishi-shisetsu.html,7,,,市原市,房野ジビエ Ichinomiya factory（一宮町）,,検体数,2,検体,
radiation_facility,千葉県 県内処理加工施設 イノシシ肉 放射性物質検査結果,https://www.pref.chiba.lg.jp/noushin/h-kensakekka/inoshishi-shisetsu.html,7,,,市原市,房野ジビエ Ichinomiya factory（一宮町）,,検出あり,0,検体,検出下限値を超えて数値が出た検体（基準値100Bq/kg未満を含む）
radiation_facility,千葉県 県内処理加工施設 イノシシ肉 放射性物質検査結果,https://www.pref.chiba.lg.jp/noushin/h-kensakekka/inoshishi-shisetsu.html,8,,,いすみ市,大多喜町都市農村交流施設（大多喜町）,,検体数,2,検体,
radiation_facility,千葉県 県内処理加工施設 イノシシ肉 放射性物質検査結果,https://www.pref.chiba.lg.jp/noushin/h-kensakekka/inoshishi-shisetsu.html,8,,,いすみ市,大多喜町都市農村交流施設（大多喜町）,,検出あり,0,検体,検出下限値を超えて数値が出た検体（基準値100Bq/kg未満を含む）
radiation_facility,千葉県 県内処理加工施設 イノシシ肉 放射性物質検査結果,https://www.pref.chiba.lg.jp/noushin/h-kensakekka/inoshishi-shisetsu.html,8,,,勝浦市,ジビエ勝浦（勝浦市）,,検体数,1,検体,
radiation_facility,千葉県 県内処理加工施設 イノシシ肉 放射性物質検査結果,https://www.pref.chiba.lg.jp/noushin/h-kensakekka/inoshishi-shisetsu.html,8,,,勝浦市,ジビエ勝浦（勝浦市）,,検出あり,0,検体,検出下限値を超えて数値が出た検体（基準値100Bq/kg未満を含む）
radiation_facility,千葉県 県内処理加工施設 イノシシ肉 放射性物質検査結果,https://www.pref.chiba.lg.jp/noushin/h-kensakekka/inoshishi-shisetsu.html,8,,,鴨川市,Mineoka Gibier（鴨川市）,,検体数,45,検体,
radiation_facility,千葉県 県内処理加工施設 イノシシ肉 放射性物質検査結果,https://www.pref.chiba.lg.jp/noushin/h-kensakekka/inoshishi-shisetsu.html,8,,,鴨川市,Mineoka Gibier（鴨川市）,,検出あり,0,検体,検出下限値を超えて数値が出た検体（基準値100Bq/kg未満を含む）
radiation_facility,千葉県 県内処理加工施設 イノシシ肉 放射性物質検査結果,https://www.pref.chiba.lg.jp/noushin/h-kensakekka/inoshishi-shisetsu.html,8,,,南房総市,Mineoka Gibier（鴨川市）,,検体数,2,検体,
radiation_facility,千葉県 県内処理加工施設 イノシシ肉 放射性物質検査結果,https://www.pref.chiba.lg.jp/noushin/h-kensakekka/inoshishi-shisetsu.html,8,,,南房総市,Mineoka Gibier（鴨川市）,,検出あり,0,検体,検出下限値を超えて数値が出た検体（基準値100Bq/kg未満を含む）
radiation_facility,千葉県 県内処理加工施設 イノシシ肉 放射性物質検査結果,https://www.pref.chiba.lg.jp/noushin/h-kensakekka/inoshishi-shisetsu.html,8,,,鴨川市,LA SELVAGGINA KAMOGAWA（鴨川市）,,検体数,11,検体,
radiation_facility,千葉県 県内処理加工施設 イノシシ肉 放射性物質検査結果,https://www.pref.chiba.lg.jp/noushin/h-kensakekka/inoshishi-shisetsu.html,8,,,鴨川市,LA SELVAGGINA KAMOGAWA（鴨川市）,,検出あり,0,検体,検出下限値を超えて数値が出た検体（基準値100Bq/kg未満を含む）
radiation_facility,千葉県 県内処理加工施設 イノシシ肉 放射性物質検査結果,https://www.pref.chiba.lg.jp/noushin/h-kensakekka/inoshishi-shisetsu.html,8,,,南房総市,LA SELVAGGINA KAMOGAWA（鴨川市）,,検体数,2,検体,
radiation_facility,千葉県 県内処理加工施設 イノシシ肉 放射性物質検査結果,https://www.pref.chiba.lg.jp/noushin/h-kensakekka/inoshishi-shisetsu.html,8,,,南房総市,LA SELVAGGINA KAMOGAWA（鴨川市）,,検出あり,0,検体,検出下限値を超えて数値が出た検体（基準値100Bq/kg未満を含む）
radiation_facility,千葉県 県内処理加工施設 イノシシ肉 放射性物質検査結果,https://www.pref.chiba.lg.jp/noushin/h-kensakekka/inoshishi-shisetsu.html,8,,,君津市,君津市獣肉処理加工施設（君津市）,,検体数,62,検体,
radiation_facility,千葉県 県内処理加工施設 イノシシ肉 放射性物質検査結果,https://www.pref.chiba.lg.jp/noushin/h-kensakekka/inoshishi-shisetsu.html,8,,,君津市,君津市獣肉処理加工施設（君津市）,,検出あり,12,検体,検出下限値を超えて数値が出た検体（基準値100Bq/kg未満を含む）
radiation_facility,千葉県 県内処理加工施設 イノシシ肉 放射性物質検査結果,https://www.pref.chiba.lg.jp/noushin/h-kensakekka/inoshishi-shisetsu.html,8,,,君津市,君津市獣肉処理加工施設（君津市）,,最大値,44.0,Bq/kg,
radiation_facility,千葉県 県内処理加工施設 イノシシ肉 放射性物質検査結果,https://www.pref.chiba.lg.jp/noushin/h-kensakekka/inoshishi-shisetsu.html,8,,,木更津市,オーガニックブリッジ（木更津市）,,検体数,52,検体,
radiation_facility,千葉県 県内処理加工施設 イノシシ肉 放射性物質検査結果,https://www.pref.chiba.lg.jp/noushin/h-kensakekka/inoshishi-shisetsu.html,8,,,木更津市,オーガニックブリッジ（木更津市）,,検出あり,1,検体,検出下限値を超えて数値が出た検体（基準値100Bq/kg未満を含む）
radiation_facility,千葉県 県内処理加工施設 イノシシ肉 放射性物質検査結果,https://www.pref.chiba.lg.jp/noushin/h-kensakekka/inoshishi-shisetsu.html,8,,,木更津市,オーガニックブリッジ（木更津市）,,最大値,24.0,Bq/kg,
radiation_facility,千葉県 県内処理加工施設 イノシシ肉 放射性物質検査結果,https://www.pref.chiba.lg.jp/noushin/h-kensakekka/inoshishi-shisetsu.html,8,,,君津市,オーガニックブリッジ（木更津市）,,検体数,2,検体,
radiation_facility,千葉県 県内処理加工施設 イノシシ肉 放射性物質検査結果,https://www.pref.chiba.lg.jp/noushin/h-kensakekka/inoshishi-shisetsu.html,8,,,君津市,オーガニックブリッジ（木更津市）,,検出あり,0,検体,検出下限値を超えて数値が出た検体（基準値100Bq/kg未満を含む）
radiation_facility,千葉県 県内処理加工施設 イノシシ肉 放射性物質検査結果,https://www.pref.chiba.lg.jp/noushin/h-kensakekka/inoshishi-shisetsu.html,8,,,富津市,ジビエ工房茂原（茂原市）,,検体数,167,検体,
radiation_facility,千葉県 県内処理加工施設 イノシシ肉 放射性物質検査結果,https://www.pref.chiba.lg.jp/noushin/h-kensakekka/inoshishi-shisetsu.html,8,,,富津市,ジビエ工房茂原（茂原市）,,検出あり,0,検体,検出下限値を超えて数値が出た検体（基準値100Bq/kg未満を含む）
radiation_facility,千葉県 県内処理加工施設 イノシシ肉 放射性物質検査結果,https://www.pref.chiba.lg.jp/noushin/h-kensakekka/inoshishi-shisetsu.html,8,,,市原市,ジビエ工房茂原（茂原市）,,検体数,5,検体,
radiation_facility,千葉県 県内処理加工施設 イノシシ肉 放射性物質検査結果,https://www.pref.chiba.lg.jp/noushin/h-kensakekka/inoshishi-shisetsu.html,8,,,市原市,ジビエ工房茂原（茂原市）,,検出あり,0,検体,検出下限値を超えて数値が出た検体（基準値100Bq/kg未満を含む）
radiation_facility,千葉県 県内処理加工施設 イノシシ肉 放射性物質検査結果,https://www.pref.chiba.lg.jp/noushin/h-kensakekka/inoshishi-shisetsu.html,8,,,御宿町,ジビエ工房茂原（茂原市）,,検体数,3,検体,
radiation_facility,千葉県 県内処理加工施設 イノシシ肉 放射性物質検査結果,https://www.pref.chiba.lg.jp/noushin/h-kensakekka/inoshishi-shisetsu.html,8,,,御宿町,ジビエ工房茂原（茂原市）,,検出あり,0,検体,検出下限値を超えて数値が出た検体（基準値100Bq/kg未満を含む）
radiation_facility,千葉県 県内処理加工施設 イノシシ肉 放射性物質検査結果,https://www.pref.chiba.lg.jp/noushin/h-kensakekka/inoshishi-shisetsu.html,8,,,茂原市,ジビエ工房茂原（茂原市）,,検体数,8,検体,
radiation_facility,千葉県 県内処理加工施設 イノシシ肉 放射性物質検査結果,https://www.pref.chiba.lg.jp/noushin/h-kensakekka/inoshishi-shisetsu.html,8,,,茂原市,ジビエ工房茂原（茂原市）,,検出あり,0,検体,検出下限値を超えて数値が出た検体（基準値100Bq/kg未満を含む）
radiation_facility,千葉県 県内処理加工施設 イノシシ肉 放射性物質検査結果,https://www.pref.chiba.lg.jp/noushin/h-kensakekka/inoshishi-shisetsu.html,8,,,長柄町,ジビエ工房茂原（茂原市）,,検体数,7,検体,
radiation_facility,千葉県 県内処理加工施設 イノシシ肉 放射性物質検査結果,https://www.pref.chiba.lg.jp/noushin/h-kensakekka/inoshishi-shisetsu.html,8,,,長柄町,ジビエ工房茂原（茂原市）,,検出あり,0,検体,検出下限値を超えて数値が出た検体（基準値100Bq/kg未満を含む）
radiation_facility,千葉県 県内処理加工施設 イノシシ肉 放射性物質検査結果,https://www.pref.chiba.lg.jp/noushin/h-kensakekka/inoshishi-shisetsu.html,8,,,長南町,ジビエ工房茂原（茂原市）,,検体数,5,検体,
radiation_facility,千葉県 県内処理加工施設 イノシシ肉 放射性物質検査結果,https://www.pref.chiba.lg.jp/noushin/h-kensakekka/inoshishi-shisetsu.html,8,,,長南町,ジビエ工房茂原（茂原市）,,検出あり,0,検体,検出下限値を超えて数値が出た検体（基準値100Bq/kg未満を含む）
radiation_facility,千葉県 県内処理加工施設 イノシシ肉 放射性物質検査結果,https://www.pref.chiba.lg.jp/noushin/h-kensakekka/inoshishi-shisetsu.html,8,,,いすみ市,ちばジビエの森（いすみ市）,,検体数,13,検体,
radiation_facility,千葉県 県内処理加工施設 イノシシ肉 放射性物質検査結果,https://www.pref.chiba.lg.jp/noushin/h-kensakekka/inoshishi-shisetsu.html,8,,,いすみ市,ちばジビエの森（いすみ市）,,検出あり,0,検体,検出下限値を超えて数値が出た検体（基準値100Bq/kg未満を含む）
radiation_facility,千葉県 県内処理加工施設 イノシシ肉 放射性物質検査結果,https://www.pref.chiba.lg.jp/noushin/h-kensakekka/inoshishi-shisetsu.html,8,,,南房総市,ジビエ堂（館山市）,,検体数,2,検体,
radiation_facility,千葉県 県内処理加工施設 イノシシ肉 放射性物質検査結果,https://www.pref.chiba.lg.jp/noushin/h-kensakekka/inoshishi-shisetsu.html,8,,,南房総市,ジビエ堂（館山市）,,検出あり,0,検体,検出下限値を超えて数値が出た検体（基準値100Bq/kg未満を含む）
radiation_facility,千葉県 県内処理加工施設 イノシシ肉 放射性物質検査結果,https://www.pref.chiba.lg.jp/noushin/h-kensakekka/inoshishi-shisetsu.html,8,,,館山市,ジビエ堂（館山市）,,検体数,3,検体,
radiation_facility,千葉県 県内処理加工施設 イノシシ肉 放射性物質検査結果,https://www.pref.chiba.lg.jp/noushin/h-kensakekka/inoshishi-shisetsu.html,8,,,館山市,ジビエ堂（館山市）,,検出あり,0,検体,検出下限値を超えて数値が出た検体（基準値100Bq/kg未満を含む）
radiation_facility,千葉県 県内処理加工施設 イノシシ肉 放射性物質検査結果,https://www.pref.chiba.lg.jp/noushin/h-kensakekka/inoshishi-shisetsu.html,8,,,館山市,館山市ジビエ加工処理施設（館山市）,,検体数,172,検体,
radiation_facility,千葉県 県内処理加工施設 イノシシ肉 放射性物質検査結果,https://www.pref.chiba.lg.jp/noushin/h-kensakekka/inoshishi-shisetsu.html,8,,,館山市,館山市ジビエ加工処理施設（館山市）,,検出あり,0,検体,検出下限値を超えて数値が出た検体（基準値100Bq/kg未満を含む）
radiation_facility,千葉県 県内処理加工施設 イノシシ肉 放射性物質検査結果,https://www.pref.chiba.lg.jp/noushin/h-kensakekka/inoshishi-shisetsu.html,8,,,南房総市,館山市ジビエ加工処理施設（館山市）,,検体数,77,検体,
radiation_facility,千葉県 県内処理加工施設 イノシシ肉 放射性物質検査結果,https://www.pref.chiba.lg.jp/noushin/h-kensakekka/inoshishi-shisetsu.html,8,,,南房総市,館山市ジビエ加工処理施設（館山市）,,検出あり,0,検体,検出下限値を超えて数値が出た検体（基準値100Bq/kg未満を含む）
radiation_facility,千葉県 県内処理加工施設 イノシシ肉 放射性物質検査結果,https://www.pref.chiba.lg.jp/noushin/h-kensakekka/inoshishi-shisetsu.html,8,,,南房総市,館山 ヴィルトファクトリー（館山市）,,検体数,14,検体,
radiation_facility,千葉県 県内処理加工施設 イノシシ肉 放射性物質検査結果,https://www.pref.chiba.lg.jp/noushin/h-kensakekka/inoshishi-shisetsu.html,8,,,南房総市,館山 ヴィルトファクトリー（館山市）,,検出あり,0,検体,検出下限値を超えて数値が出た検体（基準値100Bq/kg未満を含む）
radiation_facility,千葉県 県内処理加工施設 イノシシ肉 放射性物質検査結果,https://www.pref.chiba.lg.jp/noushin/h-kensakekka/inoshishi-shisetsu.html,8,,,富津市,G.B.A.（富津市）,,検体数,42,検体,
radiation_facility,千葉県 県内処理加工施設 イノシシ肉 放射性物質検査結果,https://www.pref.chiba.lg.jp/noushin/h-kensakekka/inoshishi-shisetsu.html,8,,,富津市,G.B.A.（富津市）,,検出あり,6,検体,検出下限値を超えて数値が出た検体（基準値100Bq/kg未満を含む）
radiation_facility,千葉県 県内処理加工施設 イノシシ肉 放射性物質検査結果,https://www.pref.chiba.lg.jp/noushin/h-kensakekka/inoshishi-shisetsu.html,8,,,富津市,G.B.A.（富津市）,,最大値,28.0,Bq/kg,
radiation_facility,千葉県 県内処理加工施設 イノシシ肉 放射性物質検査結果,https://www.pref.chiba.lg.jp/noushin/h-kensakekka/inoshishi-shisetsu.html,8,,,一宮町,房野ジビエ Ichinomiya factory（一宮町）,,検体数,4,検体,
radiation_facility,千葉県 県内処理加工施設 イノシシ肉 放射性物質検査結果,https://www.pref.chiba.lg.jp/noushin/h-kensakekka/inoshishi-shisetsu.html,8,,,一宮町,房野ジビエ Ichinomiya factory（一宮町）,,検出あり,0,検体,検出下限値を超えて数値が出た検体（基準値100Bq/kg未満を含む）
radiation_facility,千葉県 県内処理加工施設 イノシシ肉 放射性物質検査結果,https://www.pref.chiba.lg.jp/noushin/h-kensakekka/inoshishi-shisetsu.html,8,,,御宿町,房野ジビエ Ichinomiya factory（一宮町）,,検体数,5,検体,
radiation_facility,千葉県 県内処理加工施設 イノシシ肉 放射性物質検査結果,https://www.pref.chiba.lg.jp/noushin/h-kensakekka/inoshishi-shisetsu.html,8,,,御宿町,房野ジビエ Ichinomiya factory（一宮町）,,検出あり,0,検体,検出下限値を超えて数値が出た検体（基準値100Bq/kg未満を含む）
radiation_facility,千葉県 県内処理加工施設 イノシシ肉 放射性物質検査結果,https://www.pref.chiba.lg.jp/noushin/h-kensakekka/inoshishi-shisetsu.html,8,,,いすみ市,房野ジビエ Ichinomiya factory（一宮町）,,検体数,3,検体,
radiation_facility,千葉県 県内処理加工施設 イノシシ肉 放射性物質検査結果,https://www.pref.chiba.lg.jp/noushin/h-kensakekka/inoshishi-shisetsu.html,8,,,いすみ市,房野ジビエ Ichinomiya factory（一宮町）,,検出あり,0,検体,検出下限値を超えて数値が出た検体（基準値100Bq/kg未満を含む）
license_national_age,環境省 年代別狩猟免許所持者数,https://www.env.go.jp/nature/choju/docs/docs4/nenreibetu.pdf,,1975,,全国,,20～29歳,免許所持者数,88600,人,
license_national_age,環境省 年代別狩猟免許所持者数,https://www.env.go.jp/nature/choju/docs/docs4/nenreibetu.pdf,,1980,,全国,,20～29歳,免許所持者数,48800,人,
license_national_age,環境省 年代別狩猟免許所持者数,https://www.env.go.jp/nature/choju/docs/docs4/nenreibetu.pdf,,1985,,全国,,20～29歳,免許所持者数,10900,人,
license_national_age,環境省 年代別狩猟免許所持者数,https://www.env.go.jp/nature/choju/docs/docs4/nenreibetu.pdf,,1990,,全国,,20～29歳,免許所持者数,5000,人,
license_national_age,環境省 年代別狩猟免許所持者数,https://www.env.go.jp/nature/choju/docs/docs4/nenreibetu.pdf,,1995,,全国,,20～29歳,免許所持者数,3600,人,
license_national_age,環境省 年代別狩猟免許所持者数,https://www.env.go.jp/nature/choju/docs/docs4/nenreibetu.pdf,,2000,,全国,,20～29歳,免許所持者数,3100,人,
license_national_age,環境省 年代別狩猟免許所持者数,https://www.env.go.jp/nature/choju/docs/docs4/nenreibetu.pdf,,2005,,全国,,20～29歳,免許所持者数,2300,人,
license_national_age,環境省 年代別狩猟免許所持者数,https://www.env.go.jp/nature/choju/docs/docs4/nenreibetu.pdf,,2006,,全国,,20～29歳,免許所持者数,2100,人,
license_national_age,環境省 年代別狩猟免許所持者数,https://www.env.go.jp/nature/choju/docs/docs4/nenreibetu.pdf,,2007,,全国,,20～29歳,免許所持者数,2600,人,
license_national_age,環境省 年代別狩猟免許所持者数,https://www.env.go.jp/nature/choju/docs/docs4/nenreibetu.pdf,,2008,,全国,,20～29歳,免許所持者数,2300,人,
license_national_age,環境省 年代別狩猟免許所持者数,https://www.env.go.jp/nature/choju/docs/docs4/nenreibetu.pdf,,2009,,全国,,20～29歳,免許所持者数,2300,人,
license_national_age,環境省 年代別狩猟免許所持者数,https://www.env.go.jp/nature/choju/docs/docs4/nenreibetu.pdf,,2010,,全国,,20～29歳,免許所持者数,2700,人,
license_national_age,環境省 年代別狩猟免許所持者数,https://www.env.go.jp/nature/choju/docs/docs4/nenreibetu.pdf,,2011,,全国,,20～29歳,免許所持者数,3100,人,
license_national_age,環境省 年代別狩猟免許所持者数,https://www.env.go.jp/nature/choju/docs/docs4/nenreibetu.pdf,,2012,,全国,,20～29歳,免許所持者数,3600,人,
license_national_age,環境省 年代別狩猟免許所持者数,https://www.env.go.jp/nature/choju/docs/docs4/nenreibetu.pdf,,2013,,全国,,20～29歳,免許所持者数,4200,人,
license_national_age,環境省 年代別狩猟免許所持者数,https://www.env.go.jp/nature/choju/docs/docs4/nenreibetu.pdf,,2014,,全国,,20～29歳,免許所持者数,5100,人,
license_national_age,環境省 年代別狩猟免許所持者数,https://www.env.go.jp/nature/choju/docs/docs4/nenreibetu.pdf,,2015,,全国,,20～29歳,免許所持者数,6500,人,
license_national_age,環境省 年代別狩猟免許所持者数,https://www.env.go.jp/nature/choju/docs/docs4/nenreibetu.pdf,,2016,,全国,,20～29歳,免許所持者数,7500,人,
license_national_age,環境省 年代別狩猟免許所持者数,https://www.env.go.jp/nature/choju/docs/docs4/nenreibetu.pdf,,2017,,全国,,20～29歳,免許所持者数,8400,人,
license_national_age,環境省 年代別狩猟免許所持者数,https://www.env.go.jp/nature/choju/docs/docs4/nenreibetu.pdf,,2018,,全国,,20～29歳,免許所持者数,9200,人,
license_national_age,環境省 年代別狩猟免許所持者数,https://www.env.go.jp/nature/choju/docs/docs4/nenreibetu.pdf,,2019,,全国,,20～29歳,免許所持者数,9500,人,
license_national_age,環境省 年代別狩猟免許所持者数,https://www.env.go.jp/nature/choju/docs/docs4/nenreibetu.pdf,,2020,,全国,,20～29歳,免許所持者数,9600,人,
license_national_age,環境省 年代別狩猟免許所持者数,https://www.env.go.jp/nature/choju/docs/docs4/nenreibetu.pdf,,2021,,全国,,20～29歳,免許所持者数,10100,人,
license_national_age,環境省 年代別狩猟免許所持者数,https://www.env.go.jp/nature/choju/docs/docs4/nenreibetu.pdf,,1975,,全国,,30～39歳,免許所持者数,158400,人,
license_national_age,環境省 年代別狩猟免許所持者数,https://www.env.go.jp/nature/choju/docs/docs4/nenreibetu.pdf,,1980,,全国,,30～39歳,免許所持者数,149000,人,
license_national_age,環境省 年代別狩猟免許所持者数,https://www.env.go.jp/nature/choju/docs/docs4/nenreibetu.pdf,,1985,,全国,,30～39歳,免許所持者数,88600,人,
license_national_age,環境省 年代別狩猟免許所持者数,https://www.env.go.jp/nature/choju/docs/docs4/nenreibetu.pdf,,1990,,全国,,30～39歳,免許所持者数,40800,人,
license_national_age,環境省 年代別狩猟免許所持者数,https://www.env.go.jp/nature/choju/docs/docs4/nenreibetu.pdf,,1995,,全国,,30～39歳,免許所持者数,16000,人,
license_national_age,環境省 年代別狩猟免許所持者数,https://www.env.go.jp/nature/choju/docs/docs4/nenreibetu.pdf,,2000,,全国,,30～39歳,免許所持者数,10100,人,
license_national_age,環境省 年代別狩猟免許所持者数,https://www.env.go.jp/nature/choju/docs/docs4/nenreibetu.pdf,,2005,,全国,,30～39歳,免許所持者数,8700,人,
license_national_age,環境省 年代別狩猟免許所持者数,https://www.env.go.jp/nature/choju/docs/docs4/nenreibetu.pdf,,2006,,全国,,30～39歳,免許所持者数,8400,人,
license_national_age,環境省 年代別狩猟免許所持者数,https://www.env.go.jp/nature/choju/docs/docs4/nenreibetu.pdf,,2007,,全国,,30～39歳,免許所持者数,10100,人,
license_national_age,環境省 年代別狩猟免許所持者数,https://www.env.go.jp/nature/choju/docs/docs4/nenreibetu.pdf,,2008,,全国,,30～39歳,免許所持者数,9400,人,
license_national_age,環境省 年代別狩猟免許所持者数,https://www.env.go.jp/nature/choju/docs/docs4/nenreibetu.pdf,,2009,,全国,,30～39歳,免許所持者数,9000,人,
license_national_age,環境省 年代別狩猟免許所持者数,https://www.env.go.jp/nature/choju/docs/docs4/nenreibetu.pdf,,2010,,全国,,30～39歳,免許所持者数,9300,人,
license_national_age,環境省 年代別狩猟免許所持者数,https://www.env.go.jp/nature/choju/docs/docs4/nenreibetu.pdf,,2011,,全国,,30～39歳,免許所持者数,9900,人,
license_national_age,環境省 年代別狩猟免許所持者数,https://www.env.go.jp/nature/choju/docs/docs4/nenreibetu.pdf,,2012,,全国,,30～39歳,免許所持者数,10100,人,
license_national_age,環境省 年代別狩猟免許所持者数,https://www.env.go.jp/nature/choju/docs/docs4/nenreibetu.pdf,,2013,,全国,,30～39歳,免許所持者数,10800,人,
license_national_age,環境省 年代別狩猟免許所持者数,https://www.env.go.jp/nature/choju/docs/docs4/nenreibetu.pdf,,2014,,全国,,30～39歳,免許所持者数,12200,人,
license_national_age,環境省 年代別狩猟免許所持者数,https://www.env.go.jp/nature/choju/docs/docs4/nenreibetu.pdf,,2015,,全国,,30～39歳,免許所持者数,14000,人,
license_national_age,環境省 年代別狩猟免許所持者数,https://www.env.go.jp/nature/choju/docs/docs4/nenreibetu.pdf,,2016,,全国,,30～39歳,免許所持者数,15600,人,
license_national_age,環境省 年代別狩猟免許所持者数,https://www.env.go.jp/nature/choju/docs/docs4/nenreibetu.pdf,,2017,,全国,,30～39歳,免許所持者数,17400,人,
license_national_age,環境省 年代別狩猟免許所持者数,https://www.env.go.jp/nature/choju/docs/docs4/nenreibetu.pdf,,2018,,全国,,30～39歳,免許所持者数,18800,人,
license_national_age,環境省 年代別狩猟免許所持者数,https://www.env.go.jp/nature/choju/docs/docs4/nenreibetu.pdf,,2019,,全国,,30～39歳,免許所持者数,20000,人,
license_national_age,環境省 年代別狩猟免許所持者数,https://www.env.go.jp/nature/choju/docs/docs4/nenreibetu.pdf,,2020,,全国,,30～39歳,免許所持者数,20400,人,
license_national_age,環境省 年代別狩猟免許所持者数,https://www.env.go.jp/nature/choju/docs/docs4/nenreibetu.pdf,,2021,,全国,,30～39歳,免許所持者数,21000,人,
license_national_age,環境省 年代別狩猟免許所持者数,https://www.env.go.jp/nature/choju/docs/docs4/nenreibetu.pdf,,1975,,全国,,40～49歳,免許所持者数,156000,人,
license_national_age,環境省 年代別狩猟免許所持者数,https://www.env.go.jp/nature/choju/docs/docs4/nenreibetu.pdf,,1980,,全国,,40～49歳,免許所持者数,135800,人,
license_national_age,環境省 年代別狩猟免許所持者数,https://www.env.go.jp/nature/choju/docs/docs4/nenreibetu.pdf,,1985,,全国,,40～49歳,免許所持者数,100100,人,
license_national_age,環境省 年代別狩猟免許所持者数,https://www.env.go.jp/nature/choju/docs/docs4/nenreibetu.pdf,,1990,,全国,,40～49歳,免許所持者数,98900,人,
license_national_age,環境省 年代別狩猟免許所持者数,https://www.env.go.jp/nature/choju/docs/docs4/nenreibetu.pdf,,1995,,全国,,40～49歳,免許所持者数,75100,人,
license_national_age,環境省 年代別狩猟免許所持者数,https://www.env.go.jp/nature/choju/docs/docs4/nenreibetu.pdf,,2000,,全国,,40～49歳,免許所持者数,36200,人,
license_national_age,環境省 年代別狩猟免許所持者数,https://www.env.go.jp/nature/choju/docs/docs4/nenreibetu.pdf,,2005,,全国,,40～49歳,免許所持者数,18700,人,
license_national_age,環境省 年代別狩猟免許所持者数,https://www.env.go.jp/nature/choju/docs/docs4/nenreibetu.pdf,,2006,,全国,,40～49歳,免許所持者数,16900,人,
license_national_age,環境省 年代別狩猟免許所持者数,https://www.env.go.jp/nature/choju/docs/docs4/nenreibetu.pdf,,2007,,全国,,40～49歳,免許所持者数,19400,人,
license_national_age,環境省 年代別狩猟免許所持者数,https://www.env.go.jp/nature/choju/docs/docs4/nenreibetu.pdf,,2008,,全国,,40～49歳,免許所持者数,17600,人,
license_national_age,環境省 年代別狩猟免許所持者数,https://www.env.go.jp/nature/choju/docs/docs4/nenreibetu.pdf,,2009,,全国,,40～49歳,免許所持者数,15800,人,
license_national_age,環境省 年代別狩猟免許所持者数,https://www.env.go.jp/nature/choju/docs/docs4/nenreibetu.pdf,,2010,,全国,,40～49歳,免許所持者数,15800,人,
license_national_age,環境省 年代別狩猟免許所持者数,https://www.env.go.jp/nature/choju/docs/docs4/nenreibetu.pdf,,2011,,全国,,40～49歳,免許所持者数,16400,人,
license_national_age,環境省 年代別狩猟免許所持者数,https://www.env.go.jp/nature/choju/docs/docs4/nenreibetu.pdf,,2012,,全国,,40～49歳,免許所持者数,17200,人,
license_national_age,環境省 年代別狩猟免許所持者数,https://www.env.go.jp/nature/choju/docs/docs4/nenreibetu.pdf,,2013,,全国,,40～49歳,免許所持者数,17100,人,
license_national_age,環境省 年代別狩猟免許所持者数,https://www.env.go.jp/nature/choju/docs/docs4/nenreibetu.pdf,,2014,,全国,,40～49歳,免許所持者数,18500,人,
license_national_age,環境省 年代別狩猟免許所持者数,https://www.env.go.jp/nature/choju/docs/docs4/nenreibetu.pdf,,2015,,全国,,40～49歳,免許所持者数,20700,人,
license_national_age,環境省 年代別狩猟免許所持者数,https://www.env.go.jp/nature/choju/docs/docs4/nenreibetu.pdf,,2016,,全国,,40～49歳,免許所持者数,23100,人,
license_national_age,環境省 年代別狩猟免許所持者数,https://www.env.go.jp/nature/choju/docs/docs4/nenreibetu.pdf,,2017,,全国,,40～49歳,免許所持者数,25300,人,
license_national_age,環境省 年代別狩猟免許所持者数,https://www.env.go.jp/nature/choju/docs/docs4/nenreibetu.pdf,,2018,,全国,,40～49歳,免許所持者数,27200,人,
license_national_age,環境省 年代別狩猟免許所持者数,https://www.env.go.jp/nature/choju/docs/docs4/nenreibetu.pdf,,2019,,全国,,40～49歳,免許所持者数,29100,人,
license_national_age,環境省 年代別狩猟免許所持者数,https://www.env.go.jp/nature/choju/docs/docs4/nenreibetu.pdf,,2020,,全国,,40～49歳,免許所持者数,30000,人,
license_national_age,環境省 年代別狩猟免許所持者数,https://www.env.go.jp/nature/choju/docs/docs4/nenreibetu.pdf,,2021,,全国,,40～49歳,免許所持者数,31100,人,
license_national_age,環境省 年代別狩猟免許所持者数,https://www.env.go.jp/nature/choju/docs/docs4/nenreibetu.pdf,,1975,,全国,,50～59歳,免許所持者数,69000,人,
license_national_age,環境省 年代別狩猟免許所持者数,https://www.env.go.jp/nature/choju/docs/docs4/nenreibetu.pdf,,1980,,全国,,50～59歳,免許所持者数,84900,人,
license_national_age,環境省 年代別狩猟免許所持者数,https://www.env.go.jp/nature/choju/docs/docs4/nenreibetu.pdf,,1985,,全国,,50～59歳,免許所持者数,85000,人,
license_national_age,環境省 年代別狩猟免許所持者数,https://www.env.go.jp/nature/choju/docs/docs4/nenreibetu.pdf,,1990,,全国,,50～59歳,免許所持者数,85800,人,
license_national_age,環境省 年代別狩猟免許所持者数,https://www.env.go.jp/nature/choju/docs/docs4/nenreibetu.pdf,,1995,,全国,,50～59歳,免許所持者数,77500,人,
license_national_age,環境省 年代別狩猟免許所持者数,https://www.env.go.jp/nature/choju/docs/docs4/nenreibetu.pdf,,2000,,全国,,50～59歳,免許所持者数,79800,人,
license_national_age,環境省 年代別狩猟免許所持者数,https://www.env.go.jp/nature/choju/docs/docs4/nenreibetu.pdf,,2005,,全国,,50～59歳,免許所持者数,70500,人,
license_national_age,環境省 年代別狩猟免許所持者数,https://www.env.go.jp/nature/choju/docs/docs4/nenreibetu.pdf,,2006,,全国,,50～59歳,免許所持者数,62600,人,
license_national_age,環境省 年代別狩猟免許所持者数,https://www.env.go.jp/nature/choju/docs/docs4/nenreibetu.pdf,,2007,,全国,,50～59歳,免許所持者数,67600,人,
license_national_age,環境省 年代別狩猟免許所持者数,https://www.env.go.jp/nature/choju/docs/docs4/nenreibetu.pdf,,2008,,全国,,50～59歳,免許所持者数,57900,人,
license_national_age,環境省 年代別狩猟免許所持者数,https://www.env.go.jp/nature/choju/docs/docs4/nenreibetu.pdf,,2009,,全国,,50～59歳,免許所持者数,44400,人,
license_national_age,環境省 年代別狩猟免許所持者数,https://www.env.go.jp/nature/choju/docs/docs4/nenreibetu.pdf,,2010,,全国,,50～59歳,免許所持者数,40800,人,
license_national_age,環境省 年代別狩猟免許所持者数,https://www.env.go.jp/nature/choju/docs/docs4/nenreibetu.pdf,,2011,,全国,,50～59歳,免許所持者数,38000,人,
license_national_age,環境省 年代別狩猟免許所持者数,https://www.env.go.jp/nature/choju/docs/docs4/nenreibetu.pdf,,2012,,全国,,50～59歳,免許所持者数,32300,人,
license_national_age,環境省 年代別狩猟免許所持者数,https://www.env.go.jp/nature/choju/docs/docs4/nenreibetu.pdf,,2013,,全国,,50～59歳,免許所持者数,30500,人,
license_national_age,環境省 年代別狩猟免許所持者数,https://www.env.go.jp/nature/choju/docs/docs4/nenreibetu.pdf,,2014,,全国,,50～59歳,免許所持者数,29300,人,
license_national_age,環境省 年代別狩猟免許所持者数,https://www.env.go.jp/nature/choju/docs/docs4/nenreibetu.pdf,,2015,,全国,,50～59歳,免許所持者数,28500,人,
license_national_age,環境省 年代別狩猟免許所持者数,https://www.env.go.jp/nature/choju/docs/docs4/nenreibetu.pdf,,2016,,全国,,50～59歳,免許所持者数,28100,人,
license_national_age,環境省 年代別狩猟免許所持者数,https://www.env.go.jp/nature/choju/docs/docs4/nenreibetu.pdf,,2017,,全国,,50～59歳,免許所持者数,29000,人,
license_national_age,環境省 年代別狩猟免許所持者数,https://www.env.go.jp/nature/choju/docs/docs4/nenreibetu.pdf,,2018,,全国,,50～59歳,免許所持者数,29100,人,
license_national_age,環境省 年代別狩猟免許所持者数,https://www.env.go.jp/nature/choju/docs/docs4/nenreibetu.pdf,,2019,,全国,,50～59歳,免許所持者数,30000,人,
license_national_age,環境省 年代別狩猟免許所持者数,https://www.env.go.jp/nature/choju/docs/docs4/nenreibetu.pdf,,2020,,全国,,50～59歳,免許所持者数,30800,人,
license_national_age,環境省 年代別狩猟免許所持者数,https://www.env.go.jp/nature/choju/docs/docs4/nenreibetu.pdf,,2021,,全国,,50～59歳,免許所持者数,31800,人,
license_national_age,環境省 年代別狩猟免許所持者数,https://www.env.go.jp/nature/choju/docs/docs4/nenreibetu.pdf,,1975,,全国,,60歳以上,免許所持者数,45700,人,
license_national_age,環境省 年代別狩猟免許所持者数,https://www.env.go.jp/nature/choju/docs/docs4/nenreibetu.pdf,,1980,,全国,,60歳以上,免許所持者数,42300,人,
license_national_age,環境省 年代別狩猟免許所持者数,https://www.env.go.jp/nature/choju/docs/docs4/nenreibetu.pdf,,1985,,全国,,60歳以上,免許所持者数,41700,人,
license_national_age,環境省 年代別狩猟免許所持者数,https://www.env.go.jp/nature/choju/docs/docs4/nenreibetu.pdf,,1990,,全国,,60歳以上,免許所持者数,59100,人,
license_national_age,環境省 年代別狩猟免許所持者数,https://www.env.go.jp/nature/choju/docs/docs4/nenreibetu.pdf,,1995,,全国,,60歳以上,免許所持者数,74000,人,
license_national_age,環境省 年代別狩猟免許所持者数,https://www.env.go.jp/nature/choju/docs/docs4/nenreibetu.pdf,,2000,,全国,,60歳以上,免許所持者数,81000,人,
license_national_age,環境省 年代別狩猟免許所持者数,https://www.env.go.jp/nature/choju/docs/docs4/nenreibetu.pdf,,2005,,全国,,60歳以上,免許所持者数,103500,人,
license_national_age,環境省 年代別狩猟免許所持者数,https://www.env.go.jp/nature/choju/docs/docs4/nenreibetu.pdf,,2006,,全国,,60歳以上,免許所持者数,96600,人,
license_national_age,環境省 年代別狩猟免許所持者数,https://www.env.go.jp/nature/choju/docs/docs4/nenreibetu.pdf,,2007,,全国,,60歳以上,免許所持者数,129200,人,
license_national_age,環境省 年代別狩猟免許所持者数,https://www.env.go.jp/nature/choju/docs/docs4/nenreibetu.pdf,,2008,,全国,,60歳以上,免許所持者数,134300,人,
license_national_age,環境省 年代別狩猟免許所持者数,https://www.env.go.jp/nature/choju/docs/docs4/nenreibetu.pdf,,2009,,全国,,60歳以上,免許所持者数,114300,人,
license_national_age,環境省 年代別狩猟免許所持者数,https://www.env.go.jp/nature/choju/docs/docs4/nenreibetu.pdf,,2010,,全国,,60歳以上,免許所持者数,121700,人,
license_national_age,環境省 年代別狩猟免許所持者数,https://www.env.go.jp/nature/choju/docs/docs4/nenreibetu.pdf,,2011,,全国,,60歳以上,免許所持者数,131000,人,
license_national_age,環境省 年代別狩猟免許所持者数,https://www.env.go.jp/nature/choju/docs/docs4/nenreibetu.pdf,,2012,,全国,,60歳以上,免許所持者数,117400,人,
license_national_age,環境省 年代別狩猟免許所持者数,https://www.env.go.jp/nature/choju/docs/docs4/nenreibetu.pdf,,2013,,全国,,60歳以上,免許所持者数,122800,人,
license_national_age,環境省 年代別狩猟免許所持者数,https://www.env.go.jp/nature/choju/docs/docs4/nenreibetu.pdf,,2014,,全国,,60歳以上,免許所持者数,128600,人,
license_national_age,環境省 年代別狩猟免許所持者数,https://www.env.go.jp/nature/choju/docs/docs4/nenreibetu.pdf,,2015,,全国,,60歳以上,免許所持者数,120300,人,
license_national_age,環境省 年代別狩猟免許所持者数,https://www.env.go.jp/nature/choju/docs/docs4/nenreibetu.pdf,,2016,,全国,,60歳以上,免許所持者数,125300,人,
license_national_age,環境省 年代別狩猟免許所持者数,https://www.env.go.jp/nature/choju/docs/docs4/nenreibetu.pdf,,2017,,全国,,60歳以上,免許所持者数,129200,人,
license_national_age,環境省 年代別狩猟免許所持者数,https://www.env.go.jp/nature/choju/docs/docs4/nenreibetu.pdf,,2018,,全国,,60歳以上,免許所持者数,122100,人,
license_national_age,環境省 年代別狩猟免許所持者数,https://www.env.go.jp/nature/choju/docs/docs4/nenreibetu.pdf,,2019,,全国,,60歳以上,免許所持者数,126100,人,
license_national_age,環境省 年代別狩猟免許所持者数,https://www.env.go.jp/nature/choju/docs/docs4/nenreibetu.pdf,,2020,,全国,,60歳以上,免許所持者数,127400,人,
license_national_age,環境省 年代別狩猟免許所持者数,https://www.env.go.jp/nature/choju/docs/docs4/nenreibetu.pdf,,2021,,全国,,60歳以上,免許所持者数,119100,人,
license_national_age,環境省 年代別狩猟免許所持者数,https://www.env.go.jp/nature/choju/docs/docs4/nenreibetu.pdf,,1975,,全国,,合計,免許所持者数,517800,人,
license_national_age,環境省 年代別狩猟免許所持者数,https://www.env.go.jp/nature/choju/docs/docs4/nenreibetu.pdf,,1980,,全国,,合計,免許所持者数,460800,人,
license_national_age,環境省 年代別狩猟免許所持者数,https://www.env.go.jp/nature/choju/docs/docs4/nenreibetu.pdf,,1985,,全国,,合計,免許所持者数,326300,人,
license_national_age,環境省 年代別狩猟免許所持者数,https://www.env.go.jp/nature/choju/docs/docs4/nenreibetu.pdf,,1990,,全国,,合計,免許所持者数,289500,人,
license_national_age,環境省 年代別狩猟免許所持者数,https://www.env.go.jp/nature/choju/docs/docs4/nenreibetu.pdf,,1995,,全国,,合計,免許所持者数,246100,人,
license_national_age,環境省 年代別狩猟免許所持者数,https://www.env.go.jp/nature/choju/docs/docs4/nenreibetu.pdf,,2000,,全国,,合計,免許所持者数,210200,人,
license_national_age,環境省 年代別狩猟免許所持者数,https://www.env.go.jp/nature/choju/docs/docs4/nenreibetu.pdf,,2005,,全国,,合計,免許所持者数,203600,人,
license_national_age,環境省 年代別狩猟免許所持者数,https://www.env.go.jp/nature/choju/docs/docs4/nenreibetu.pdf,,2006,,全国,,合計,免許所持者数,186600,人,
license_national_age,環境省 年代別狩猟免許所持者数,https://www.env.go.jp/nature/choju/docs/docs4/nenreibetu.pdf,,2007,,全国,,合計,免許所持者数,228900,人,
license_national_age,環境省 年代別狩猟免許所持者数,https://www.env.go.jp/nature/choju/docs/docs4/nenreibetu.pdf,,2008,,全国,,合計,免許所持者数,221500,人,
license_national_age,環境省 年代別狩猟免許所持者数,https://www.env.go.jp/nature/choju/docs/docs4/nenreibetu.pdf,,2009,,全国,,合計,免許所持者数,185900,人,
license_national_age,環境省 年代別狩猟免許所持者数,https://www.env.go.jp/nature/choju/docs/docs4/nenreibetu.pdf,,2010,,全国,,合計,免許所持者数,190200,人,
license_national_age,環境省 年代別狩猟免許所持者数,https://www.env.go.jp/nature/choju/docs/docs4/nenreibetu.pdf,,2011,,全国,,合計,免許所持者数,198400,人,
license_national_age,環境省 年代別狩猟免許所持者数,https://www.env.go.jp/nature/choju/docs/docs4/nenreibetu.pdf,,2012,,全国,,合計,免許所持者数,180700,人,
license_national_age,環境省 年代別狩猟免許所持者数,https://www.env.go.jp/nature/choju/docs/docs4/nenreibetu.pdf,,2013,,全国,,合計,免許所持者数,185300,人,
license_national_age,環境省 年代別狩猟免許所持者数,https://www.env.go.jp/nature/choju/docs/docs4/nenreibetu.pdf,,2014,,全国,,合計,免許所持者数,193800,人,
license_national_age,環境省 年代別狩猟免許所持者数,https://www.env.go.jp/nature/choju/docs/docs4/nenreibetu.pdf,,2015,,全国,,合計,免許所持者数,190100,人,
license_national_age,環境省 年代別狩猟免許所持者数,https://www.env.go.jp/nature/choju/docs/docs4/nenreibetu.pdf,,2016,,全国,,合計,免許所持者数,199700,人,
license_national_age,環境省 年代別狩猟免許所持者数,https://www.env.go.jp/nature/choju/docs/docs4/nenreibetu.pdf,,2017,,全国,,合計,免許所持者数,209600,人,
license_national_age,環境省 年代別狩猟免許所持者数,https://www.env.go.jp/nature/choju/docs/docs4/nenreibetu.pdf,,2018,,全国,,合計,免許所持者数,207300,人,
license_national_age,環境省 年代別狩猟免許所持者数,https://www.env.go.jp/nature/choju/docs/docs4/nenreibetu.pdf,,2019,,全国,,合計,免許所持者数,215400,人,
license_national_age,環境省 年代別狩猟免許所持者数,https://www.env.go.jp/nature/choju/docs/docs4/nenreibetu.pdf,,2020,,全国,,合計,免許所持者数,218500,人,
license_national_age,環境省 年代別狩猟免許所持者数,https://www.env.go.jp/nature/choju/docs/docs4/nenreibetu.pdf,,2021,,全国,,合計,免許所持者数,213400,人,
license_chiba,千葉県 第３次管理計画（イノシシ）本文,https://www.pref.chiba.lg.jp/shizen/choujuu/jigyoukeikaku/documents/3inosisikeikaku.pdf,,1978,,千葉県,,合計,免許所持者数,20653,人,ピーク
license_chiba,千葉県 第３次管理計画（イノシシ）本文,https://www.pref.chiba.lg.jp/shizen/choujuu/jigyoukeikaku/documents/3inosisikeikaku.pdf,,2020,,千葉県,,合計,免許所持者数,6578,人,
license_chiba,千葉県 第３次管理計画（イノシシ）本文,https://www.pref.chiba.lg.jp/shizen/choujuu/jigyoukeikaku/documents/3inosisikeikaku.pdf,,1978,,千葉県,,わな猟,免許所持者数,268,人,
license_chiba,千葉県 第３次管理計画（イノシシ）本文,https://www.pref.chiba.lg.jp/shizen/choujuu/jigyoukeikaku/documents/3inosisikeikaku.pdf,,2020,,千葉県,,わな猟,免許所持者数,2992,人,
license_chiba,千葉県 第３次管理計画（イノシシ）本文,https://www.pref.chiba.lg.jp/shizen/choujuu/jigyoukeikaku/documents/3inosisikeikaku.pdf,,2020,,千葉県,,60歳以上,構成比,62,%,近年は62%前後
license_chiba,千葉県 第３次管理計画（イノシシ）本文,https://www.pref.chiba.lg.jp/shizen/choujuu/jigyoukeikaku/documents/3inosisikeikaku.pdf,,2020,,千葉県,,60歳未満,構成比,38.2,%,
license_chiba,千葉県 第３次管理計画（イノシシ）本文,https://www.pref.chiba.lg.jp/shizen/choujuu/jigyoukeikaku/documents/3inosisikeikaku.pdf,,2019,,千葉県,,新規取得,免許所持者数,450,人,H27以降 毎年約450名
license_chiba,千葉県 第３次管理計画（イノシシ）本文,https://www.pref.chiba.lg.jp/shizen/choujuu/jigyoukeikaku/documents/3inosisikeikaku.pdf,,2020,,千葉県,,新規取得,免許所持者数,119,人,コロナで試験回数減
tourism_awa_month,千葉県 観光入込調査（速報）地域別・月別 宿泊客数,https://www.pref.chiba.lg.jp/kankou/toukeidata/kankoukyaku/documents/r5kankouirikomisokuhou.pdf,,2023,1,安房地域,,,宿泊客数,164000,人泊,
tourism_awa_month,千葉県 観光入込調査（速報）地域別・月別 宿泊客数,https://www.pref.chiba.lg.jp/kankou/toukeidata/kankoukyaku/documents/r5kankouirikomisokuhou.pdf,,2023,2,安房地域,,,宿泊客数,169000,人泊,
tourism_awa_month,千葉県 観光入込調査（速報）地域別・月別 宿泊客数,https://www.pref.chiba.lg.jp/kankou/toukeidata/kankoukyaku/documents/r5kankouirikomisokuhou.pdf,,2023,3,安房地域,,,宿泊客数,258000,人泊,
tourism_awa_month,千葉県 観光入込調査（速報）地域別・月別 宿泊客数,https://www.pref.chiba.lg.jp/kankou/toukeidata/kankoukyaku/documents/r5kankouirikomisokuhou.pdf,,2023,4,安房地域,,,宿泊客数,162000,人泊,
tourism_awa_month,千葉県 観光入込調査（速報）地域別・月別 宿泊客数,https://www.pref.chiba.lg.jp/kankou/toukeidata/kankoukyaku/documents/r5kankouirikomisokuhou.pdf,,2023,5,安房地域,,,宿泊客数,204000,人泊,
tourism_awa_month,千葉県 観光入込調査（速報）地域別・月別 宿泊客数,https://www.pref.chiba.lg.jp/kankou/toukeidata/kankoukyaku/documents/r5kankouirikomisokuhou.pdf,,2023,6,安房地域,,,宿泊客数,165000,人泊,
tourism_awa_month,千葉県 観光入込調査（速報）地域別・月別 宿泊客数,https://www.pref.chiba.lg.jp/kankou/toukeidata/kankoukyaku/documents/r5kankouirikomisokuhou.pdf,,2023,7,安房地域,,,宿泊客数,274000,人泊,
tourism_awa_month,千葉県 観光入込調査（速報）地域別・月別 宿泊客数,https://www.pref.chiba.lg.jp/kankou/toukeidata/kankoukyaku/documents/r5kankouirikomisokuhou.pdf,,2023,8,安房地域,,,宿泊客数,385000,人泊,
tourism_awa_month,千葉県 観光入込調査（速報）地域別・月別 宿泊客数,https://www.pref.chiba.lg.jp/kankou/toukeidata/kankoukyaku/documents/r5kankouirikomisokuhou.pdf,,2023,9,安房地域,,,宿泊客数,213000,人泊,
tourism_awa_month,千葉県 観光入込調査（速報）地域別・月別 宿泊客数,https://www.pref.chiba.lg.jp/kankou/toukeidata/kankoukyaku/documents/r5kankouirikomisokuhou.pdf,,2023,10,安房地域,,,宿泊客数,182000,人泊,
tourism_awa_month,千葉県 観光入込調査（速報）地域別・月別 宿泊客数,https://www.pref.chiba.lg.jp/kankou/toukeidata/kankoukyaku/documents/r5kankouirikomisokuhou.pdf,,2023,11,安房地域,,,宿泊客数,193000,人泊,
tourism_awa_month,千葉県 観光入込調査（速報）地域別・月別 宿泊客数,https://www.pref.chiba.lg.jp/kankou/toukeidata/kankoukyaku/documents/r5kankouirikomisokuhou.pdf,,2023,12,安房地域,,,宿泊客数,180000,人泊,
tourism_awa_month,千葉県 観光入込調査（速報）地域別・月別 宿泊客数,https://www.pref.chiba.lg.jp/kankou/press/2025/documents/r6kankouirikomisokuhou.pdf,,2024,1,安房地域,,,宿泊客数,172000,人泊,
tourism_awa_month,千葉県 観光入込調査（速報）地域別・月別 宿泊客数,https://www.pref.chiba.lg.jp/kankou/press/2025/documents/r6kankouirikomisokuhou.pdf,,2024,2,安房地域,,,宿泊客数,176000,人泊,
tourism_awa_month,千葉県 観光入込調査（速報）地域別・月別 宿泊客数,https://www.pref.chiba.lg.jp/kankou/press/2025/documents/r6kankouirikomisokuhou.pdf,,2024,3,安房地域,,,宿泊客数,232000,人泊,
tourism_awa_month,千葉県 観光入込調査（速報）地域別・月別 宿泊客数,https://www.pref.chiba.lg.jp/kankou/press/2025/documents/r6kankouirikomisokuhou.pdf,,2024,4,安房地域,,,宿泊客数,180000,人泊,
tourism_awa_month,千葉県 観光入込調査（速報）地域別・月別 宿泊客数,https://www.pref.chiba.lg.jp/kankou/press/2025/documents/r6kankouirikomisokuhou.pdf,,2024,5,安房地域,,,宿泊客数,208000,人泊,
tourism_awa_month,千葉県 観光入込調査（速報）地域別・月別 宿泊客数,https://www.pref.chiba.lg.jp/kankou/press/2025/documents/r6kankouirikomisokuhou.pdf,,2024,6,安房地域,,,宿泊客数,190000,人泊,
tourism_awa_month,千葉県 観光入込調査（速報）地域別・月別 宿泊客数,https://www.pref.chiba.lg.jp/kankou/press/2025/documents/r6kankouirikomisokuhou.pdf,,2024,7,安房地域,,,宿泊客数,289000,人泊,
tourism_awa_month,千葉県 観光入込調査（速報）地域別・月別 宿泊客数,https://www.pref.chiba.lg.jp/kankou/press/2025/documents/r6kankouirikomisokuhou.pdf,,2024,8,安房地域,,,宿泊客数,414000,人泊,
tourism_awa_month,千葉県 観光入込調査（速報）地域別・月別 宿泊客数,https://www.pref.chiba.lg.jp/kankou/press/2025/documents/r6kankouirikomisokuhou.pdf,,2024,9,安房地域,,,宿泊客数,249000,人泊,
tourism_awa_month,千葉県 観光入込調査（速報）地域別・月別 宿泊客数,https://www.pref.chiba.lg.jp/kankou/press/2025/documents/r6kankouirikomisokuhou.pdf,,2024,10,安房地域,,,宿泊客数,213000,人泊,
tourism_awa_month,千葉県 観光入込調査（速報）地域別・月別 宿泊客数,https://www.pref.chiba.lg.jp/kankou/press/2025/documents/r6kankouirikomisokuhou.pdf,,2024,11,安房地域,,,宿泊客数,217000,人泊,
tourism_awa_month,千葉県 観光入込調査（速報）地域別・月別 宿泊客数,https://www.pref.chiba.lg.jp/kankou/press/2025/documents/r6kankouirikomisokuhou.pdf,,2024,12,安房地域,,,宿泊客数,208000,人泊,
tourism_awa_year,千葉県 観光入込調査（速報）地域別 観光入込客数,https://www.pref.chiba.lg.jp/kankou/toukeidata/kankoukyaku/documents/r5kankouirikomisokuhou.pdf,,2019,,安房地域,,,観光入込客数,10181000,人,
tourism_awa_year,千葉県 観光入込調査（速報）地域別 観光入込客数,https://www.pref.chiba.lg.jp/kankou/toukeidata/kankoukyaku/documents/r5kankouirikomisokuhou.pdf,,2022,,安房地域,,,観光入込客数,9450000,人,
tourism_awa_year,千葉県 観光入込調査（速報）地域別 観光入込客数,https://www.pref.chiba.lg.jp/kankou/toukeidata/kankoukyaku/documents/r5kankouirikomisokuhou.pdf,,2023,,安房地域,,,観光入込客数,10290000,人,
tourism_awa_year,千葉県 観光入込調査（速報）地域別 観光入込客数,https://www.pref.chiba.lg.jp/kankou/press/2025/documents/r6kankouirikomisokuhou.pdf,,2024,,安房地域,,,観光入込客数,1014000,人,令和6年速報
census_oaza,総務省 令和2年国勢調査 小地域集計（町丁・字等）,https://www.e-stat.go.jp/stat-search/files?stat_infid=000032163260,,2020,,館山市,全市,,人口,45153,人,
census_oaza,総務省 令和2年国勢調査 小地域集計（町丁・字等）,https://www.e-stat.go.jp/stat-search/files?stat_infid=000032163260,,2020,,館山市,全市,,0〜14歳,4121,人,
census_oaza,総務省 令和2年国勢調査 小地域集計（町丁・字等）,https://www.e-stat.go.jp/stat-search/files?stat_infid=000032163260,,2020,,館山市,全市,,15〜64歳,21071,人,
census_oaza,総務省 令和2年国勢調査 小地域集計（町丁・字等）,https://www.e-stat.go.jp/stat-search/files?stat_infid=000032163260,,2020,,館山市,全市,,65歳以上,17734,人,
census_oaza,総務省 令和2年国勢調査 小地域集計（町丁・字等）,https://www.e-stat.go.jp/stat-search/files?stat_infid=000032163260,,2020,,館山市,全市,,平均年齢,54.10008,歳,
census_oaza,総務省 令和2年国勢調査 小地域集計（町丁・字等）,https://www.e-stat.go.jp/stat-search/files?stat_infid=000032163260,,2020,,館山市,館山,,人口,2853,人,
census_oaza,総務省 令和2年国勢調査 小地域集計（町丁・字等）,https://www.e-stat.go.jp/stat-search/files?stat_infid=000032163260,,2020,,館山市,館山,,0〜14歳,193,人,
census_oaza,総務省 令和2年国勢調査 小地域集計（町丁・字等）,https://www.e-stat.go.jp/stat-search/files?stat_infid=000032163260,,2020,,館山市,館山,,15〜64歳,1254,人,
census_oaza,総務省 令和2年国勢調査 小地域集計（町丁・字等）,https://www.e-stat.go.jp/stat-search/files?stat_infid=000032163260,,2020,,館山市,館山,,65歳以上,1244,人,
census_oaza,総務省 令和2年国勢調査 小地域集計（町丁・字等）,https://www.e-stat.go.jp/stat-search/files?stat_infid=000032163260,,2020,,館山市,館山,,平均年齢,57.00093,歳,
census_oaza,総務省 令和2年国勢調査 小地域集計（町丁・字等）,https://www.e-stat.go.jp/stat-search/files?stat_infid=000032163260,,2020,,館山市,館山,,人口,1917,人,
census_oaza,総務省 令和2年国勢調査 小地域集計（町丁・字等）,https://www.e-stat.go.jp/stat-search/files?stat_infid=000032163260,,2020,,館山市,館山,,0〜14歳,173,人,
census_oaza,総務省 令和2年国勢調査 小地域集計（町丁・字等）,https://www.e-stat.go.jp/stat-search/files?stat_infid=000032163260,,2020,,館山市,館山,,15〜64歳,918,人,
census_oaza,総務省 令和2年国勢調査 小地域集計（町丁・字等）,https://www.e-stat.go.jp/stat-search/files?stat_infid=000032163260,,2020,,館山市,館山,,65歳以上,650,人,
census_oaza,総務省 令和2年国勢調査 小地域集計（町丁・字等）,https://www.e-stat.go.jp/stat-search/files?stat_infid=000032163260,,2020,,館山市,館山,,平均年齢,52.3633,歳,
census_oaza,総務省 令和2年国勢調査 小地域集計（町丁・字等）,https://www.e-stat.go.jp/stat-search/files?stat_infid=000032163260,,2020,,館山市,下真倉,,人口,1552,人,
census_oaza,総務省 令和2年国勢調査 小地域集計（町丁・字等）,https://www.e-stat.go.jp/stat-search/files?stat_infid=000032163260,,2020,,館山市,下真倉,,0〜14歳,139,人,
census_oaza,総務省 令和2年国勢調査 小地域集計（町丁・字等）,https://www.e-stat.go.jp/stat-search/files?stat_infid=000032163260,,2020,,館山市,下真倉,,15〜64歳,701,人,
census_oaza,総務省 令和2年国勢調査 小地域集計（町丁・字等）,https://www.e-stat.go.jp/stat-search/files?stat_infid=000032163260,,2020,,館山市,下真倉,,65歳以上,632,人,
census_oaza,総務省 令和2年国勢調査 小地域集計（町丁・字等）,https://www.e-stat.go.jp/stat-search/files?stat_infid=000032163260,,2020,,館山市,下真倉,,平均年齢,53.64742,歳,
census_oaza,総務省 令和2年国勢調査 小地域集計（町丁・字等）,https://www.e-stat.go.jp/stat-search/files?stat_infid=000032163260,,2020,,館山市,沼,,人口,1775,人,
census_oaza,総務省 令和2年国勢調査 小地域集計（町丁・字等）,https://www.e-stat.go.jp/stat-search/files?stat_infid=000032163260,,2020,,館山市,沼,,0〜14歳,151,人,
census_oaza,総務省 令和2年国勢調査 小地域集計（町丁・字等）,https://www.e-stat.go.jp/stat-search/files?stat_infid=000032163260,,2020,,館山市,沼,,15〜64歳,780,人,
census_oaza,総務省 令和2年国勢調査 小地域集計（町丁・字等）,https://www.e-stat.go.jp/stat-search/files?stat_infid=000032163260,,2020,,館山市,沼,,65歳以上,714,人,
census_oaza,総務省 令和2年国勢調査 小地域集計（町丁・字等）,https://www.e-stat.go.jp/stat-search/files?stat_infid=000032163260,,2020,,館山市,沼,,平均年齢,54.94316,歳,
census_oaza,総務省 令和2年国勢調査 小地域集計（町丁・字等）,https://www.e-stat.go.jp/stat-search/files?stat_infid=000032163260,,2020,,館山市,宮城,,人口,1100,人,
census_oaza,総務省 令和2年国勢調査 小地域集計（町丁・字等）,https://www.e-stat.go.jp/stat-search/files?stat_infid=000032163260,,2020,,館山市,宮城,,0〜14歳,50,人,
census_oaza,総務省 令和2年国勢調査 小地域集計（町丁・字等）,https://www.e-stat.go.jp/stat-search/files?stat_infid=000032163260,,2020,,館山市,宮城,,15〜64歳,631,人,
census_oaza,総務省 令和2年国勢調査 小地域集計（町丁・字等）,https://www.e-stat.go.jp/stat-search/files?stat_infid=000032163260,,2020,,館山市,宮城,,65歳以上,359,人,
census_oaza,総務省 令和2年国勢調査 小地域集計（町丁・字等）,https://www.e-stat.go.jp/stat-search/files?stat_infid=000032163260,,2020,,館山市,宮城,,平均年齢,48.95096,歳,
census_oaza,総務省 令和2年国勢調査 小地域集計（町丁・字等）,https://www.e-stat.go.jp/stat-search/files?stat_infid=000032163260,,2020,,館山市,笠名,,人口,776,人,
census_oaza,総務省 令和2年国勢調査 小地域集計（町丁・字等）,https://www.e-stat.go.jp/stat-search/files?stat_infid=000032163260,,2020,,館山市,笠名,,0〜14歳,55,人,
census_oaza,総務省 令和2年国勢調査 小地域集計（町丁・字等）,https://www.e-stat.go.jp/stat-search/files?stat_infid=000032163260,,2020,,館山市,笠名,,15〜64歳,340,人,
census_oaza,総務省 令和2年国勢調査 小地域集計（町丁・字等）,https://www.e-stat.go.jp/stat-search/files?stat_infid=000032163260,,2020,,館山市,笠名,,65歳以上,288,人,
census_oaza,総務省 令和2年国勢調査 小地域集計（町丁・字等）,https://www.e-stat.go.jp/stat-search/files?stat_infid=000032163260,,2020,,館山市,笠名,,平均年齢,54.88799,歳,
census_oaza,総務省 令和2年国勢調査 小地域集計（町丁・字等）,https://www.e-stat.go.jp/stat-search/files?stat_infid=000032163260,,2020,,館山市,大賀,,人口,1151,人,
census_oaza,総務省 令和2年国勢調査 小地域集計（町丁・字等）,https://www.e-stat.go.jp/stat-search/files?stat_infid=000032163260,,2020,,館山市,大賀,,0〜14歳,130,人,
census_oaza,総務省 令和2年国勢調査 小地域集計（町丁・字等）,https://www.e-stat.go.jp/stat-search/files?stat_infid=000032163260,,2020,,館山市,大賀,,15〜64歳,663,人,
census_oaza,総務省 令和2年国勢調査 小地域集計（町丁・字等）,https://www.e-stat.go.jp/stat-search/files?stat_infid=000032163260,,2020,,館山市,大賀,,65歳以上,294,人,
census_oaza,総務省 令和2年国勢調査 小地域集計（町丁・字等）,https://www.e-stat.go.jp/stat-search/files?stat_infid=000032163260,,2020,,館山市,大賀,,平均年齢,44.83211,歳,
census_oaza,総務省 令和2年国勢調査 小地域集計（町丁・字等）,https://www.e-stat.go.jp/stat-search/files?stat_infid=000032163260,,2020,,館山市,北条,,人口,5698,人,
census_oaza,総務省 令和2年国勢調査 小地域集計（町丁・字等）,https://www.e-stat.go.jp/stat-search/files?stat_infid=000032163260,,2020,,館山市,北条,,0〜14歳,594,人,
census_oaza,総務省 令和2年国勢調査 小地域集計（町丁・字等）,https://www.e-stat.go.jp/stat-search/files?stat_infid=000032163260,,2020,,館山市,北条,,15〜64歳,2817,人,
census_oaza,総務省 令和2年国勢調査 小地域集計（町丁・字等）,https://www.e-stat.go.jp/stat-search/files?stat_infid=000032163260,,2020,,館山市,北条,,65歳以上,1921,人,
census_oaza,総務省 令和2年国勢調査 小地域集計（町丁・字等）,https://www.e-stat.go.jp/stat-search/files?stat_infid=000032163260,,2020,,館山市,北条,,平均年齢,51.70724,歳,
census_oaza,総務省 令和2年国勢調査 小地域集計（町丁・字等）,https://www.e-stat.go.jp/stat-search/files?stat_infid=000032163260,,2020,,館山市,新宿,,人口,64,人,
census_oaza,総務省 令和2年国勢調査 小地域集計（町丁・字等）,https://www.e-stat.go.jp/stat-search/files?stat_infid=000032163260,,2020,,館山市,新宿,,0〜14歳,2,人,
census_oaza,総務省 令和2年国勢調査 小地域集計（町丁・字等）,https://www.e-stat.go.jp/stat-search/files?stat_infid=000032163260,,2020,,館山市,新宿,,15〜64歳,30,人,
census_oaza,総務省 令和2年国勢調査 小地域集計（町丁・字等）,https://www.e-stat.go.jp/stat-search/files?stat_infid=000032163260,,2020,,館山市,新宿,,65歳以上,30,人,
census_oaza,総務省 令和2年国勢調査 小地域集計（町丁・字等）,https://www.e-stat.go.jp/stat-search/files?stat_infid=000032163260,,2020,,館山市,新宿,,平均年齢,59.64516,歳,
census_oaza,総務省 令和2年国勢調査 小地域集計（町丁・字等）,https://www.e-stat.go.jp/stat-search/files?stat_infid=000032163260,,2020,,館山市,長須賀,,人口,1615,人,
census_oaza,総務省 令和2年国勢調査 小地域集計（町丁・字等）,https://www.e-stat.go.jp/stat-search/files?stat_infid=000032163260,,2020,,館山市,長須賀,,0〜14歳,133,人,
census_oaza,総務省 令和2年国勢調査 小地域集計（町丁・字等）,https://www.e-stat.go.jp/stat-search/files?stat_infid=000032163260,,2020,,館山市,長須賀,,15〜64歳,757,人,
census_oaza,総務省 令和2年国勢調査 小地域集計（町丁・字等）,https://www.e-stat.go.jp/stat-search/files?stat_infid=000032163260,,2020,,館山市,長須賀,,65歳以上,658,人,
census_oaza,総務省 令和2年国勢調査 小地域集計（町丁・字等）,https://www.e-stat.go.jp/stat-search/files?stat_infid=000032163260,,2020,,館山市,長須賀,,平均年齢,55.46447,歳,
census_oaza,総務省 令和2年国勢調査 小地域集計（町丁・字等）,https://www.e-stat.go.jp/stat-search/files?stat_infid=000032163260,,2020,,館山市,八幡,,人口,1893,人,
census_oaza,総務省 令和2年国勢調査 小地域集計（町丁・字等）,https://www.e-stat.go.jp/stat-search/files?stat_infid=000032163260,,2020,,館山市,八幡,,0〜14歳,200,人,
census_oaza,総務省 令和2年国勢調査 小地域集計（町丁・字等）,https://www.e-stat.go.jp/stat-search/files?stat_infid=000032163260,,2020,,館山市,八幡,,15〜64歳,957,人,
census_oaza,総務省 令和2年国勢調査 小地域集計（町丁・字等）,https://www.e-stat.go.jp/stat-search/files?stat_infid=000032163260,,2020,,館山市,八幡,,65歳以上,660,人,
census_oaza,総務省 令和2年国勢調査 小地域集計（町丁・字等）,https://www.e-stat.go.jp/stat-search/files?stat_infid=000032163260,,2020,,館山市,八幡,,平均年齢,52.17749,歳,
census_oaza,総務省 令和2年国勢調査 小地域集計（町丁・字等）,https://www.e-stat.go.jp/stat-search/files?stat_infid=000032163260,,2020,,館山市,湊,,人口,1402,人,
census_oaza,総務省 令和2年国勢調査 小地域集計（町丁・字等）,https://www.e-stat.go.jp/stat-search/files?stat_infid=000032163260,,2020,,館山市,湊,,0〜14歳,146,人,
census_oaza,総務省 令和2年国勢調査 小地域集計（町丁・字等）,https://www.e-stat.go.jp/stat-search/files?stat_infid=000032163260,,2020,,館山市,湊,,15〜64歳,606,人,
census_oaza,総務省 令和2年国勢調査 小地域集計（町丁・字等）,https://www.e-stat.go.jp/stat-search/files?stat_infid=000032163260,,2020,,館山市,湊,,65歳以上,546,人,
census_oaza,総務省 令和2年国勢調査 小地域集計（町丁・字等）,https://www.e-stat.go.jp/stat-search/files?stat_infid=000032163260,,2020,,館山市,湊,,平均年齢,54.43374,歳,
census_oaza,総務省 令和2年国勢調査 小地域集計（町丁・字等）,https://www.e-stat.go.jp/stat-search/files?stat_infid=000032163260,,2020,,館山市,高井,,人口,961,人,
census_oaza,総務省 令和2年国勢調査 小地域集計（町丁・字等）,https://www.e-stat.go.jp/stat-search/files?stat_infid=000032163260,,2020,,館山市,高井,,0〜14歳,149,人,
census_oaza,総務省 令和2年国勢調査 小地域集計（町丁・字等）,https://www.e-stat.go.jp/stat-search/files?stat_infid=000032163260,,2020,,館山市,高井,,15〜64歳,547,人,
census_oaza,総務省 令和2年国勢調査 小地域集計（町丁・字等）,https://www.e-stat.go.jp/stat-search/files?stat_infid=000032163260,,2020,,館山市,高井,,65歳以上,210,人,
census_oaza,総務省 令和2年国勢調査 小地域集計（町丁・字等）,https://www.e-stat.go.jp/stat-search/files?stat_infid=000032163260,,2020,,館山市,高井,,平均年齢,44.38079,歳,
census_oaza,総務省 令和2年国勢調査 小地域集計（町丁・字等）,https://www.e-stat.go.jp/stat-search/files?stat_infid=000032163260,,2020,,館山市,上野原,,人口,761,人,
census_oaza,総務省 令和2年国勢調査 小地域集計（町丁・字等）,https://www.e-stat.go.jp/stat-search/files?stat_infid=000032163260,,2020,,館山市,上野原,,0〜14歳,116,人,
census_oaza,総務省 令和2年国勢調査 小地域集計（町丁・字等）,https://www.e-stat.go.jp/stat-search/files?stat_infid=000032163260,,2020,,館山市,上野原,,15〜64歳,444,人,
census_oaza,総務省 令和2年国勢調査 小地域集計（町丁・字等）,https://www.e-stat.go.jp/stat-search/files?stat_infid=000032163260,,2020,,館山市,上野原,,65歳以上,191,人,
census_oaza,総務省 令和2年国勢調査 小地域集計（町丁・字等）,https://www.e-stat.go.jp/stat-search/files?stat_infid=000032163260,,2020,,館山市,上野原,,平均年齢,44.98202,歳,
census_oaza,総務省 令和2年国勢調査 小地域集計（町丁・字等）,https://www.e-stat.go.jp/stat-search/files?stat_infid=000032163260,,2020,,館山市,北条正木,,人口,265,人,
census_oaza,総務省 令和2年国勢調査 小地域集計（町丁・字等）,https://www.e-stat.go.jp/stat-search/files?stat_infid=000032163260,,2020,,館山市,北条正木,,0〜14歳,28,人,
census_oaza,総務省 令和2年国勢調査 小地域集計（町丁・字等）,https://www.e-stat.go.jp/stat-search/files?stat_infid=000032163260,,2020,,館山市,北条正木,,15〜64歳,140,人,
census_oaza,総務省 令和2年国勢調査 小地域集計（町丁・字等）,https://www.e-stat.go.jp/stat-search/files?stat_infid=000032163260,,2020,,館山市,北条正木,,65歳以上,88,人,
census_oaza,総務省 令和2年国勢調査 小地域集計（町丁・字等）,https://www.e-stat.go.jp/stat-search/files?stat_infid=000032163260,,2020,,館山市,北条正木,,平均年齢,50.03125,歳,
census_oaza,総務省 令和2年国勢調査 小地域集計（町丁・字等）,https://www.e-stat.go.jp/stat-search/files?stat_infid=000032163260,,2020,,館山市,那古,,人口,2464,人,
census_oaza,総務省 令和2年国勢調査 小地域集計（町丁・字等）,https://www.e-stat.go.jp/stat-search/files?stat_infid=000032163260,,2020,,館山市,那古,,0〜14歳,236,人,
census_oaza,総務省 令和2年国勢調査 小地域集計（町丁・字等）,https://www.e-stat.go.jp/stat-search/files?stat_infid=000032163260,,2020,,館山市,那古,,15〜64歳,1201,人,
census_oaza,総務省 令和2年国勢調査 小地域集計（町丁・字等）,https://www.e-stat.go.jp/stat-search/files?stat_infid=000032163260,,2020,,館山市,那古,,65歳以上,873,人,
census_oaza,総務省 令和2年国勢調査 小地域集計（町丁・字等）,https://www.e-stat.go.jp/stat-search/files?stat_infid=000032163260,,2020,,館山市,那古,,平均年齢,52.14589,歳,
census_oaza,総務省 令和2年国勢調査 小地域集計（町丁・字等）,https://www.e-stat.go.jp/stat-search/files?stat_infid=000032163260,,2020,,館山市,正木,,人口,1794,人,
census_oaza,総務省 令和2年国勢調査 小地域集計（町丁・字等）,https://www.e-stat.go.jp/stat-search/files?stat_infid=000032163260,,2020,,館山市,正木,,0〜14歳,177,人,
census_oaza,総務省 令和2年国勢調査 小地域集計（町丁・字等）,https://www.e-stat.go.jp/stat-search/files?stat_infid=000032163260,,2020,,館山市,正木,,15〜64歳,863,人,
census_oaza,総務省 令和2年国勢調査 小地域集計（町丁・字等）,https://www.e-stat.go.jp/stat-search/files?stat_infid=000032163260,,2020,,館山市,正木,,65歳以上,660,人,
census_oaza,総務省 令和2年国勢調査 小地域集計（町丁・字等）,https://www.e-stat.go.jp/stat-search/files?stat_infid=000032163260,,2020,,館山市,正木,,平均年齢,53.27353,歳,
census_oaza,総務省 令和2年国勢調査 小地域集計（町丁・字等）,https://www.e-stat.go.jp/stat-search/files?stat_infid=000032163260,,2020,,館山市,亀ケ原,,人口,824,人,
census_oaza,総務省 令和2年国勢調査 小地域集計（町丁・字等）,https://www.e-stat.go.jp/stat-search/files?stat_infid=000032163260,,2020,,館山市,亀ケ原,,0〜14歳,126,人,
census_oaza,総務省 令和2年国勢調査 小地域集計（町丁・字等）,https://www.e-stat.go.jp/stat-search/files?stat_infid=000032163260,,2020,,館山市,亀ケ原,,15〜64歳,416,人,
census_oaza,総務省 令和2年国勢調査 小地域集計（町丁・字等）,https://www.e-stat.go.jp/stat-search/files?stat_infid=000032163260,,2020,,館山市,亀ケ原,,65歳以上,258,人,
census_oaza,総務省 令和2年国勢調査 小地域集計（町丁・字等）,https://www.e-stat.go.jp/stat-search/files?stat_infid=000032163260,,2020,,館山市,亀ケ原,,平均年齢,47.76875,歳,
census_oaza,総務省 令和2年国勢調査 小地域集計（町丁・字等）,https://www.e-stat.go.jp/stat-search/files?stat_infid=000032163260,,2020,,館山市,小原,,人口,141,人,
census_oaza,総務省 令和2年国勢調査 小地域集計（町丁・字等）,https://www.e-stat.go.jp/stat-search/files?stat_infid=000032163260,,2020,,館山市,小原,,0〜14歳,8,人,
census_oaza,総務省 令和2年国勢調査 小地域集計（町丁・字等）,https://www.e-stat.go.jp/stat-search/files?stat_infid=000032163260,,2020,,館山市,小原,,15〜64歳,52,人,
census_oaza,総務省 令和2年国勢調査 小地域集計（町丁・字等）,https://www.e-stat.go.jp/stat-search/files?stat_infid=000032163260,,2020,,館山市,小原,,65歳以上,72,人,
census_oaza,総務省 令和2年国勢調査 小地域集計（町丁・字等）,https://www.e-stat.go.jp/stat-search/files?stat_infid=000032163260,,2020,,館山市,小原,,平均年齢,61.15909,歳,
census_oaza,総務省 令和2年国勢調査 小地域集計（町丁・字等）,https://www.e-stat.go.jp/stat-search/files?stat_infid=000032163260,,2020,,館山市,船形,,人口,2400,人,
census_oaza,総務省 令和2年国勢調査 小地域集計（町丁・字等）,https://www.e-stat.go.jp/stat-search/files?stat_infid=000032163260,,2020,,館山市,船形,,0〜14歳,209,人,
census_oaza,総務省 令和2年国勢調査 小地域集計（町丁・字等）,https://www.e-stat.go.jp/stat-search/files?stat_infid=000032163260,,2020,,館山市,船形,,15〜64歳,1037,人,
census_oaza,総務省 令和2年国勢調査 小地域集計（町丁・字等）,https://www.e-stat.go.jp/stat-search/files?stat_infid=000032163260,,2020,,館山市,船形,,65歳以上,1071,人,
census_oaza,総務省 令和2年国勢調査 小地域集計（町丁・字等）,https://www.e-stat.go.jp/stat-search/files?stat_infid=000032163260,,2020,,館山市,船形,,平均年齢,56.49137,歳,
census_oaza,総務省 令和2年国勢調査 小地域集計（町丁・字等）,https://www.e-stat.go.jp/stat-search/files?stat_infid=000032163260,,2020,,館山市,川名,,人口,388,人,
census_oaza,総務省 令和2年国勢調査 小地域集計（町丁・字等）,https://www.e-stat.go.jp/stat-search/files?stat_infid=000032163260,,2020,,館山市,川名,,0〜14歳,21,人,
census_oaza,総務省 令和2年国勢調査 小地域集計（町丁・字等）,https://www.e-stat.go.jp/stat-search/files?stat_infid=000032163260,,2020,,館山市,川名,,15〜64歳,173,人,
census_oaza,総務省 令和2年国勢調査 小地域集計（町丁・字等）,https://www.e-stat.go.jp/stat-search/files?stat_infid=000032163260,,2020,,館山市,川名,,65歳以上,178,人,
census_oaza,総務省 令和2年国勢調査 小地域集計（町丁・字等）,https://www.e-stat.go.jp/stat-search/files?stat_infid=000032163260,,2020,,館山市,川名,,平均年齢,59.30108,歳,
census_oaza,総務省 令和2年国勢調査 小地域集計（町丁・字等）,https://www.e-stat.go.jp/stat-search/files?stat_infid=000032163260,,2020,,館山市,香,,人口,175,人,
census_oaza,総務省 令和2年国勢調査 小地域集計（町丁・字等）,https://www.e-stat.go.jp/stat-search/files?stat_infid=000032163260,,2020,,館山市,香,,0〜14歳,4,人,
census_oaza,総務省 令和2年国勢調査 小地域集計（町丁・字等）,https://www.e-stat.go.jp/stat-search/files?stat_infid=000032163260,,2020,,館山市,香,,15〜64歳,57,人,
census_oaza,総務省 令和2年国勢調査 小地域集計（町丁・字等）,https://www.e-stat.go.jp/stat-search/files?stat_infid=000032163260,,2020,,館山市,香,,65歳以上,114,人,
census_oaza,総務省 令和2年国勢調査 小地域集計（町丁・字等）,https://www.e-stat.go.jp/stat-search/files?stat_infid=000032163260,,2020,,館山市,香,,平均年齢,67.80286,歳,
census_oaza,総務省 令和2年国勢調査 小地域集計（町丁・字等）,https://www.e-stat.go.jp/stat-search/files?stat_infid=000032163260,,2020,,館山市,塩見,,人口,184,人,
census_oaza,総務省 令和2年国勢調査 小地域集計（町丁・字等）,https://www.e-stat.go.jp/stat-search/files?stat_infid=000032163260,,2020,,館山市,塩見,,0〜14歳,13,人,
census_oaza,総務省 令和2年国勢調査 小地域集計（町丁・字等）,https://www.e-stat.go.jp/stat-search/files?stat_infid=000032163260,,2020,,館山市,塩見,,15〜64歳,60,人,
census_oaza,総務省 令和2年国勢調査 小地域集計（町丁・字等）,https://www.e-stat.go.jp/stat-search/files?stat_infid=000032163260,,2020,,館山市,塩見,,65歳以上,98,人,
census_oaza,総務省 令和2年国勢調査 小地域集計（町丁・字等）,https://www.e-stat.go.jp/stat-search/files?stat_infid=000032163260,,2020,,館山市,塩見,,平均年齢,61.09649,歳,
census_oaza,総務省 令和2年国勢調査 小地域集計（町丁・字等）,https://www.e-stat.go.jp/stat-search/files?stat_infid=000032163260,,2020,,館山市,浜田,,人口,305,人,
census_oaza,総務省 令和2年国勢調査 小地域集計（町丁・字等）,https://www.e-stat.go.jp/stat-search/files?stat_infid=000032163260,,2020,,館山市,浜田,,0〜14歳,11,人,
census_oaza,総務省 令和2年国勢調査 小地域集計（町丁・字等）,https://www.e-stat.go.jp/stat-search/files?stat_infid=000032163260,,2020,,館山市,浜田,,15〜64歳,82,人,
census_oaza,総務省 令和2年国勢調査 小地域集計（町丁・字等）,https://www.e-stat.go.jp/stat-search/files?stat_infid=000032163260,,2020,,館山市,浜田,,65歳以上,208,人,
census_oaza,総務省 令和2年国勢調査 小地域集計（町丁・字等）,https://www.e-stat.go.jp/stat-search/files?stat_infid=000032163260,,2020,,館山市,浜田,,平均年齢,71.42359,歳,
census_oaza,総務省 令和2年国勢調査 小地域集計（町丁・字等）,https://www.e-stat.go.jp/stat-search/files?stat_infid=000032163260,,2020,,館山市,早物,,人口,92,人,
census_oaza,総務省 令和2年国勢調査 小地域集計（町丁・字等）,https://www.e-stat.go.jp/stat-search/files?stat_infid=000032163260,,2020,,館山市,早物,,0〜14歳,3,人,
census_oaza,総務省 令和2年国勢調査 小地域集計（町丁・字等）,https://www.e-stat.go.jp/stat-search/files?stat_infid=000032163260,,2020,,館山市,早物,,15〜64歳,41,人,
census_oaza,総務省 令和2年国勢調査 小地域集計（町丁・字等）,https://www.e-stat.go.jp/stat-search/files?stat_infid=000032163260,,2020,,館山市,早物,,65歳以上,48,人,
census_oaza,総務省 令和2年国勢調査 小地域集計（町丁・字等）,https://www.e-stat.go.jp/stat-search/files?stat_infid=000032163260,,2020,,館山市,早物,,平均年齢,64.5,歳,
census_oaza,総務省 令和2年国勢調査 小地域集計（町丁・字等）,https://www.e-stat.go.jp/stat-search/files?stat_infid=000032163260,,2020,,館山市,波左間,,人口,225,人,
census_oaza,総務省 令和2年国勢調査 小地域集計（町丁・字等）,https://www.e-stat.go.jp/stat-search/files?stat_infid=000032163260,,2020,,館山市,波左間,,0〜14歳,21,人,
census_oaza,総務省 令和2年国勢調査 小地域集計（町丁・字等）,https://www.e-stat.go.jp/stat-search/files?stat_infid=000032163260,,2020,,館山市,波左間,,15〜64歳,90,人,
census_oaza,総務省 令和2年国勢調査 小地域集計（町丁・字等）,https://www.e-stat.go.jp/stat-search/files?stat_infid=000032163260,,2020,,館山市,波左間,,65歳以上,113,人,
census_oaza,総務省 令和2年国勢調査 小地域集計（町丁・字等）,https://www.e-stat.go.jp/stat-search/files?stat_infid=000032163260,,2020,,館山市,波左間,,平均年齢,58.25446,歳,
census_oaza,総務省 令和2年国勢調査 小地域集計（町丁・字等）,https://www.e-stat.go.jp/stat-search/files?stat_infid=000032163260,,2020,,館山市,加賀名,,人口,141,人,
census_oaza,総務省 令和2年国勢調査 小地域集計（町丁・字等）,https://www.e-stat.go.jp/stat-search/files?stat_infid=000032163260,,2020,,館山市,加賀名,,0〜14歳,1,人,
census_oaza,総務省 令和2年国勢調査 小地域集計（町丁・字等）,https://www.e-stat.go.jp/stat-search/files?stat_infid=000032163260,,2020,,館山市,加賀名,,15〜64歳,37,人,
census_oaza,総務省 令和2年国勢調査 小地域集計（町丁・字等）,https://www.e-stat.go.jp/stat-search/files?stat_infid=000032163260,,2020,,館山市,加賀名,,65歳以上,97,人,
census_oaza,総務省 令和2年国勢調査 小地域集計（町丁・字等）,https://www.e-stat.go.jp/stat-search/files?stat_infid=000032163260,,2020,,館山市,加賀名,,平均年齢,67.6037,歳,
census_oaza,総務省 令和2年国勢調査 小地域集計（町丁・字等）,https://www.e-stat.go.jp/stat-search/files?stat_infid=000032163260,,2020,,館山市,波左間,,人口,320,人,
census_oaza,総務省 令和2年国勢調査 小地域集計（町丁・字等）,https://www.e-stat.go.jp/stat-search/files?stat_infid=000032163260,,2020,,館山市,波左間,,0〜14歳,22,人,
census_oaza,総務省 令和2年国勢調査 小地域集計（町丁・字等）,https://www.e-stat.go.jp/stat-search/files?stat_infid=000032163260,,2020,,館山市,波左間,,15〜64歳,107,人,
census_oaza,総務省 令和2年国勢調査 小地域集計（町丁・字等）,https://www.e-stat.go.jp/stat-search/files?stat_infid=000032163260,,2020,,館山市,波左間,,65歳以上,187,人,
census_oaza,総務省 令和2年国勢調査 小地域集計（町丁・字等）,https://www.e-stat.go.jp/stat-search/files?stat_infid=000032163260,,2020,,館山市,波左間,,平均年齢,64.28481,歳,
census_oaza,総務省 令和2年国勢調査 小地域集計（町丁・字等）,https://www.e-stat.go.jp/stat-search/files?stat_infid=000032163260,,2020,,館山市,坂田,,人口,151,人,
census_oaza,総務省 令和2年国勢調査 小地域集計（町丁・字等）,https://www.e-stat.go.jp/stat-search/files?stat_infid=000032163260,,2020,,館山市,坂田,,0〜14歳,9,人,
census_oaza,総務省 令和2年国勢調査 小地域集計（町丁・字等）,https://www.e-stat.go.jp/stat-search/files?stat_infid=000032163260,,2020,,館山市,坂田,,15〜64歳,49,人,
census_oaza,総務省 令和2年国勢調査 小地域集計（町丁・字等）,https://www.e-stat.go.jp/stat-search/files?stat_infid=000032163260,,2020,,館山市,坂田,,65歳以上,86,人,
census_oaza,総務省 令和2年国勢調査 小地域集計（町丁・字等）,https://www.e-stat.go.jp/stat-search/files?stat_infid=000032163260,,2020,,館山市,坂田,,平均年齢,64.14583,歳,
census_oaza,総務省 令和2年国勢調査 小地域集計（町丁・字等）,https://www.e-stat.go.jp/stat-search/files?stat_infid=000032163260,,2020,,館山市,洲崎,,人口,306,人,
census_oaza,総務省 令和2年国勢調査 小地域集計（町丁・字等）,https://www.e-stat.go.jp/stat-search/files?stat_infid=000032163260,,2020,,館山市,洲崎,,0〜14歳,21,人,
census_oaza,総務省 令和2年国勢調査 小地域集計（町丁・字等）,https://www.e-stat.go.jp/stat-search/files?stat_infid=000032163260,,2020,,館山市,洲崎,,15〜64歳,130,人,
census_oaza,総務省 令和2年国勢調査 小地域集計（町丁・字等）,https://www.e-stat.go.jp/stat-search/files?stat_infid=000032163260,,2020,,館山市,洲崎,,65歳以上,144,人,
census_oaza,総務省 令和2年国勢調査 小地域集計（町丁・字等）,https://www.e-stat.go.jp/stat-search/files?stat_infid=000032163260,,2020,,館山市,洲崎,,平均年齢,58.89322,歳,
census_oaza,総務省 令和2年国勢調査 小地域集計（町丁・字等）,https://www.e-stat.go.jp/stat-search/files?stat_infid=000032163260,,2020,,館山市,西川名,,人口,139,人,
census_oaza,総務省 令和2年国勢調査 小地域集計（町丁・字等）,https://www.e-stat.go.jp/stat-search/files?stat_infid=000032163260,,2020,,館山市,西川名,,0〜14歳,8,人,
census_oaza,総務省 令和2年国勢調査 小地域集計（町丁・字等）,https://www.e-stat.go.jp/stat-search/files?stat_infid=000032163260,,2020,,館山市,西川名,,15〜64歳,52,人,
census_oaza,総務省 令和2年国勢調査 小地域集計（町丁・字等）,https://www.e-stat.go.jp/stat-search/files?stat_infid=000032163260,,2020,,館山市,西川名,,65歳以上,74,人,
census_oaza,総務省 令和2年国勢調査 小地域集計（町丁・字等）,https://www.e-stat.go.jp/stat-search/files?stat_infid=000032163260,,2020,,館山市,西川名,,平均年齢,62.39552,歳,
census_oaza,総務省 令和2年国勢調査 小地域集計（町丁・字等）,https://www.e-stat.go.jp/stat-search/files?stat_infid=000032163260,,2020,,館山市,伊戸,,人口,238,人,
census_oaza,総務省 令和2年国勢調査 小地域集計（町丁・字等）,https://www.e-stat.go.jp/stat-search/files?stat_infid=000032163260,,2020,,館山市,伊戸,,0〜14歳,8,人,
census_oaza,総務省 令和2年国勢調査 小地域集計（町丁・字等）,https://www.e-stat.go.jp/stat-search/files?stat_infid=000032163260,,2020,,館山市,伊戸,,15〜64歳,83,人,
census_oaza,総務省 令和2年国勢調査 小地域集計（町丁・字等）,https://www.e-stat.go.jp/stat-search/files?stat_infid=000032163260,,2020,,館山市,伊戸,,65歳以上,143,人,
census_oaza,総務省 令和2年国勢調査 小地域集計（町丁・字等）,https://www.e-stat.go.jp/stat-search/files?stat_infid=000032163260,,2020,,館山市,伊戸,,平均年齢,64.08974,歳,
census_oaza,総務省 令和2年国勢調査 小地域集計（町丁・字等）,https://www.e-stat.go.jp/stat-search/files?stat_infid=000032163260,,2020,,館山市,坂足,,人口,21,人,
census_oaza,総務省 令和2年国勢調査 小地域集計（町丁・字等）,https://www.e-stat.go.jp/stat-search/files?stat_infid=000032163260,,2020,,館山市,坂足,,0〜14歳,0,人,
census_oaza,総務省 令和2年国勢調査 小地域集計（町丁・字等）,https://www.e-stat.go.jp/stat-search/files?stat_infid=000032163260,,2020,,館山市,坂足,,15〜64歳,7,人,
census_oaza,総務省 令和2年国勢調査 小地域集計（町丁・字等）,https://www.e-stat.go.jp/stat-search/files?stat_infid=000032163260,,2020,,館山市,坂足,,65歳以上,14,人,
census_oaza,総務省 令和2年国勢調査 小地域集計（町丁・字等）,https://www.e-stat.go.jp/stat-search/files?stat_infid=000032163260,,2020,,館山市,坂足,,平均年齢,65.54762,歳,
census_oaza,総務省 令和2年国勢調査 小地域集計（町丁・字等）,https://www.e-stat.go.jp/stat-search/files?stat_infid=000032163260,,2020,,館山市,小沼,,人口,66,人,
census_oaza,総務省 令和2年国勢調査 小地域集計（町丁・字等）,https://www.e-stat.go.jp/stat-search/files?stat_infid=000032163260,,2020,,館山市,小沼,,0〜14歳,1,人,
census_oaza,総務省 令和2年国勢調査 小地域集計（町丁・字等）,https://www.e-stat.go.jp/stat-search/files?stat_infid=000032163260,,2020,,館山市,小沼,,15〜64歳,30,人,
census_oaza,総務省 令和2年国勢調査 小地域集計（町丁・字等）,https://www.e-stat.go.jp/stat-search/files?stat_infid=000032163260,,2020,,館山市,小沼,,65歳以上,35,人,
census_oaza,総務省 令和2年国勢調査 小地域集計（町丁・字等）,https://www.e-stat.go.jp/stat-search/files?stat_infid=000032163260,,2020,,館山市,小沼,,平均年齢,62.68182,歳,
census_oaza,総務省 令和2年国勢調査 小地域集計（町丁・字等）,https://www.e-stat.go.jp/stat-search/files?stat_infid=000032163260,,2020,,館山市,坂井,,人口,102,人,
census_oaza,総務省 令和2年国勢調査 小地域集計（町丁・字等）,https://www.e-stat.go.jp/stat-search/files?stat_infid=000032163260,,2020,,館山市,坂井,,0〜14歳,7,人,
census_oaza,総務省 令和2年国勢調査 小地域集計（町丁・字等）,https://www.e-stat.go.jp/stat-search/files?stat_infid=000032163260,,2020,,館山市,坂井,,15〜64歳,50,人,
census_oaza,総務省 令和2年国勢調査 小地域集計（町丁・字等）,https://www.e-stat.go.jp/stat-search/files?stat_infid=000032163260,,2020,,館山市,坂井,,65歳以上,45,人,
census_oaza,総務省 令和2年国勢調査 小地域集計（町丁・字等）,https://www.e-stat.go.jp/stat-search/files?stat_infid=000032163260,,2020,,館山市,坂井,,平均年齢,58.37255,歳,
census_oaza,総務省 令和2年国勢調査 小地域集計（町丁・字等）,https://www.e-stat.go.jp/stat-search/files?stat_infid=000032163260,,2020,,館山市,大神宮,,人口,437,人,
census_oaza,総務省 令和2年国勢調査 小地域集計（町丁・字等）,https://www.e-stat.go.jp/stat-search/files?stat_infid=000032163260,,2020,,館山市,大神宮,,0〜14歳,25,人,
census_oaza,総務省 令和2年国勢調査 小地域集計（町丁・字等）,https://www.e-stat.go.jp/stat-search/files?stat_infid=000032163260,,2020,,館山市,大神宮,,15〜64歳,177,人,
census_oaza,総務省 令和2年国勢調査 小地域集計（町丁・字等）,https://www.e-stat.go.jp/stat-search/files?stat_infid=000032163260,,2020,,館山市,大神宮,,65歳以上,213,人,
census_oaza,総務省 令和2年国勢調査 小地域集計（町丁・字等）,https://www.e-stat.go.jp/stat-search/files?stat_infid=000032163260,,2020,,館山市,大神宮,,平均年齢,61.18675,歳,
census_oaza,総務省 令和2年国勢調査 小地域集計（町丁・字等）,https://www.e-stat.go.jp/stat-search/files?stat_infid=000032163260,,2020,,館山市,中里,,人口,248,人,
census_oaza,総務省 令和2年国勢調査 小地域集計（町丁・字等）,https://www.e-stat.go.jp/stat-search/files?stat_infid=000032163260,,2020,,館山市,中里,,0〜14歳,6,人,
census_oaza,総務省 令和2年国勢調査 小地域集計（町丁・字等）,https://www.e-stat.go.jp/stat-search/files?stat_infid=000032163260,,2020,,館山市,中里,,15〜64歳,155,人,
census_oaza,総務省 令和2年国勢調査 小地域集計（町丁・字等）,https://www.e-stat.go.jp/stat-search/files?stat_infid=000032163260,,2020,,館山市,中里,,65歳以上,85,人,
census_oaza,総務省 令和2年国勢調査 小地域集計（町丁・字等）,https://www.e-stat.go.jp/stat-search/files?stat_infid=000032163260,,2020,,館山市,中里,,平均年齢,57.91057,歳,
census_oaza,総務省 令和2年国勢調査 小地域集計（町丁・字等）,https://www.e-stat.go.jp/stat-search/files?stat_infid=000032163260,,2020,,館山市,竜岡,,人口,146,人,
census_oaza,総務省 令和2年国勢調査 小地域集計（町丁・字等）,https://www.e-stat.go.jp/stat-search/files?stat_infid=000032163260,,2020,,館山市,竜岡,,0〜14歳,6,人,
census_oaza,総務省 令和2年国勢調査 小地域集計（町丁・字等）,https://www.e-stat.go.jp/stat-search/files?stat_infid=000032163260,,2020,,館山市,竜岡,,15〜64歳,66,人,
census_oaza,総務省 令和2年国勢調査 小地域集計（町丁・字等）,https://www.e-stat.go.jp/stat-search/files?stat_infid=000032163260,,2020,,館山市,竜岡,,65歳以上,73,人,
census_oaza,総務省 令和2年国勢調査 小地域集計（町丁・字等）,https://www.e-stat.go.jp/stat-search/files?stat_infid=000032163260,,2020,,館山市,竜岡,,平均年齢,61.74138,歳,
census_oaza,総務省 令和2年国勢調査 小地域集計（町丁・字等）,https://www.e-stat.go.jp/stat-search/files?stat_infid=000032163260,,2020,,館山市,犬石,,人口,647,人,
census_oaza,総務省 令和2年国勢調査 小地域集計（町丁・字等）,https://www.e-stat.go.jp/stat-search/files?stat_infid=000032163260,,2020,,館山市,犬石,,0〜14歳,66,人,
census_oaza,総務省 令和2年国勢調査 小地域集計（町丁・字等）,https://www.e-stat.go.jp/stat-search/files?stat_infid=000032163260,,2020,,館山市,犬石,,15〜64歳,299,人,
census_oaza,総務省 令和2年国勢調査 小地域集計（町丁・字等）,https://www.e-stat.go.jp/stat-search/files?stat_infid=000032163260,,2020,,館山市,犬石,,65歳以上,261,人,
census_oaza,総務省 令和2年国勢調査 小地域集計（町丁・字等）,https://www.e-stat.go.jp/stat-search/files?stat_infid=000032163260,,2020,,館山市,犬石,,平均年齢,54.5016,歳,
census_oaza,総務省 令和2年国勢調査 小地域集計（町丁・字等）,https://www.e-stat.go.jp/stat-search/files?stat_infid=000032163260,,2020,,館山市,佐野,,人口,480,人,
census_oaza,総務省 令和2年国勢調査 小地域集計（町丁・字等）,https://www.e-stat.go.jp/stat-search/files?stat_infid=000032163260,,2020,,館山市,佐野,,0〜14歳,47,人,
census_oaza,総務省 令和2年国勢調査 小地域集計（町丁・字等）,https://www.e-stat.go.jp/stat-search/files?stat_infid=000032163260,,2020,,館山市,佐野,,15〜64歳,203,人,
census_oaza,総務省 令和2年国勢調査 小地域集計（町丁・字等）,https://www.e-stat.go.jp/stat-search/files?stat_infid=000032163260,,2020,,館山市,佐野,,65歳以上,222,人,
census_oaza,総務省 令和2年国勢調査 小地域集計（町丁・字等）,https://www.e-stat.go.jp/stat-search/files?stat_infid=000032163260,,2020,,館山市,佐野,,平均年齢,57.31992,歳,
census_oaza,総務省 令和2年国勢調査 小地域集計（町丁・字等）,https://www.e-stat.go.jp/stat-search/files?stat_infid=000032163260,,2020,,館山市,藤原,,人口,282,人,
census_oaza,総務省 令和2年国勢調査 小地域集計（町丁・字等）,https://www.e-stat.go.jp/stat-search/files?stat_infid=000032163260,,2020,,館山市,藤原,,0〜14歳,26,人,
census_oaza,総務省 令和2年国勢調査 小地域集計（町丁・字等）,https://www.e-stat.go.jp/stat-search/files?stat_infid=000032163260,,2020,,館山市,藤原,,15〜64歳,134,人,
census_oaza,総務省 令和2年国勢調査 小地域集計（町丁・字等）,https://www.e-stat.go.jp/stat-search/files?stat_infid=000032163260,,2020,,館山市,藤原,,65歳以上,119,人,
census_oaza,総務省 令和2年国勢調査 小地域集計（町丁・字等）,https://www.e-stat.go.jp/stat-search/files?stat_infid=000032163260,,2020,,館山市,藤原,,平均年齢,54.62545,歳,
census_oaza,総務省 令和2年国勢調査 小地域集計（町丁・字等）,https://www.e-stat.go.jp/stat-search/files?stat_infid=000032163260,,2020,,館山市,洲宮,,人口,260,人,
census_oaza,総務省 令和2年国勢調査 小地域集計（町丁・字等）,https://www.e-stat.go.jp/stat-search/files?stat_infid=000032163260,,2020,,館山市,洲宮,,0〜14歳,37,人,
census_oaza,総務省 令和2年国勢調査 小地域集計（町丁・字等）,https://www.e-stat.go.jp/stat-search/files?stat_infid=000032163260,,2020,,館山市,洲宮,,15〜64歳,104,人,
census_oaza,総務省 令和2年国勢調査 小地域集計（町丁・字等）,https://www.e-stat.go.jp/stat-search/files?stat_infid=000032163260,,2020,,館山市,洲宮,,65歳以上,116,人,
census_oaza,総務省 令和2年国勢調査 小地域集計（町丁・字等）,https://www.e-stat.go.jp/stat-search/files?stat_infid=000032163260,,2020,,館山市,洲宮,,平均年齢,54.04864,歳,
census_oaza,総務省 令和2年国勢調査 小地域集計（町丁・字等）,https://www.e-stat.go.jp/stat-search/files?stat_infid=000032163260,,2020,,館山市,茂名,,人口,62,人,
census_oaza,総務省 令和2年国勢調査 小地域集計（町丁・字等）,https://www.e-stat.go.jp/stat-search/files?stat_infid=000032163260,,2020,,館山市,茂名,,0〜14歳,3,人,
census_oaza,総務省 令和2年国勢調査 小地域集計（町丁・字等）,https://www.e-stat.go.jp/stat-search/files?stat_infid=000032163260,,2020,,館山市,茂名,,15〜64歳,21,人,
census_oaza,総務省 令和2年国勢調査 小地域集計（町丁・字等）,https://www.e-stat.go.jp/stat-search/files?stat_infid=000032163260,,2020,,館山市,茂名,,65歳以上,37,人,
census_oaza,総務省 令和2年国勢調査 小地域集計（町丁・字等）,https://www.e-stat.go.jp/stat-search/files?stat_infid=000032163260,,2020,,館山市,茂名,,平均年齢,61.61475,歳,
census_oaza,総務省 令和2年国勢調査 小地域集計（町丁・字等）,https://www.e-stat.go.jp/stat-search/files?stat_infid=000032163260,,2020,,館山市,布沼,,人口,240,人,
census_oaza,総務省 令和2年国勢調査 小地域集計（町丁・字等）,https://www.e-stat.go.jp/stat-search/files?stat_infid=000032163260,,2020,,館山市,布沼,,0〜14歳,31,人,
census_oaza,総務省 令和2年国勢調査 小地域集計（町丁・字等）,https://www.e-stat.go.jp/stat-search/files?stat_infid=000032163260,,2020,,館山市,布沼,,15〜64歳,109,人,
census_oaza,総務省 令和2年国勢調査 小地域集計（町丁・字等）,https://www.e-stat.go.jp/stat-search/files?stat_infid=000032163260,,2020,,館山市,布沼,,65歳以上,100,人,
census_oaza,総務省 令和2年国勢調査 小地域集計（町丁・字等）,https://www.e-stat.go.jp/stat-search/files?stat_infid=000032163260,,2020,,館山市,布沼,,平均年齢,53.50417,歳,
census_oaza,総務省 令和2年国勢調査 小地域集計（町丁・字等）,https://www.e-stat.go.jp/stat-search/files?stat_infid=000032163260,,2020,,館山市,布良,,人口,314,人,
census_oaza,総務省 令和2年国勢調査 小地域集計（町丁・字等）,https://www.e-stat.go.jp/stat-search/files?stat_infid=000032163260,,2020,,館山市,布良,,0〜14歳,13,人,
census_oaza,総務省 令和2年国勢調査 小地域集計（町丁・字等）,https://www.e-stat.go.jp/stat-search/files?stat_infid=000032163260,,2020,,館山市,布良,,15〜64歳,104,人,
census_oaza,総務省 令和2年国勢調査 小地域集計（町丁・字等）,https://www.e-stat.go.jp/stat-search/files?stat_infid=000032163260,,2020,,館山市,布良,,65歳以上,194,人,
census_oaza,総務省 令和2年国勢調査 小地域集計（町丁・字等）,https://www.e-stat.go.jp/stat-search/files?stat_infid=000032163260,,2020,,館山市,布良,,平均年齢,65.5,歳,
census_oaza,総務省 令和2年国勢調査 小地域集計（町丁・字等）,https://www.e-stat.go.jp/stat-search/files?stat_infid=000032163260,,2020,,館山市,相浜,,人口,386,人,
census_oaza,総務省 令和2年国勢調査 小地域集計（町丁・字等）,https://www.e-stat.go.jp/stat-search/files?stat_infid=000032163260,,2020,,館山市,相浜,,0〜14歳,13,人,
census_oaza,総務省 令和2年国勢調査 小地域集計（町丁・字等）,https://www.e-stat.go.jp/stat-search/files?stat_infid=000032163260,,2020,,館山市,相浜,,15〜64歳,110,人,
census_oaza,総務省 令和2年国勢調査 小地域集計（町丁・字等）,https://www.e-stat.go.jp/stat-search/files?stat_infid=000032163260,,2020,,館山市,相浜,,65歳以上,260,人,
census_oaza,総務省 令和2年国勢調査 小地域集計（町丁・字等）,https://www.e-stat.go.jp/stat-search/files?stat_infid=000032163260,,2020,,館山市,相浜,,平均年齢,67.86292,歳,
census_oaza,総務省 令和2年国勢調査 小地域集計（町丁・字等）,https://www.e-stat.go.jp/stat-search/files?stat_infid=000032163260,,2020,,館山市,東長田,,人口,102,人,
census_oaza,総務省 令和2年国勢調査 小地域集計（町丁・字等）,https://www.e-stat.go.jp/stat-search/files?stat_infid=000032163260,,2020,,館山市,東長田,,0〜14歳,2,人,
census_oaza,総務省 令和2年国勢調査 小地域集計（町丁・字等）,https://www.e-stat.go.jp/stat-search/files?stat_infid=000032163260,,2020,,館山市,東長田,,15〜64歳,49,人,
census_oaza,総務省 令和2年国勢調査 小地域集計（町丁・字等）,https://www.e-stat.go.jp/stat-search/files?stat_infid=000032163260,,2020,,館山市,東長田,,65歳以上,49,人,
census_oaza,総務省 令和2年国勢調査 小地域集計（町丁・字等）,https://www.e-stat.go.jp/stat-search/files?stat_infid=000032163260,,2020,,館山市,東長田,,平均年齢,59.08,歳,
census_oaza,総務省 令和2年国勢調査 小地域集計（町丁・字等）,https://www.e-stat.go.jp/stat-search/files?stat_infid=000032163260,,2020,,館山市,東長田,,人口,213,人,
census_oaza,総務省 令和2年国勢調査 小地域集計（町丁・字等）,https://www.e-stat.go.jp/stat-search/files?stat_infid=000032163260,,2020,,館山市,東長田,,0〜14歳,19,人,
census_oaza,総務省 令和2年国勢調査 小地域集計（町丁・字等）,https://www.e-stat.go.jp/stat-search/files?stat_infid=000032163260,,2020,,館山市,東長田,,15〜64歳,98,人,
census_oaza,総務省 令和2年国勢調査 小地域集計（町丁・字等）,https://www.e-stat.go.jp/stat-search/files?stat_infid=000032163260,,2020,,館山市,東長田,,65歳以上,93,人,
census_oaza,総務省 令和2年国勢調査 小地域集計（町丁・字等）,https://www.e-stat.go.jp/stat-search/files?stat_infid=000032163260,,2020,,館山市,東長田,,平均年齢,55.62381,歳,
census_oaza,総務省 令和2年国勢調査 小地域集計（町丁・字等）,https://www.e-stat.go.jp/stat-search/files?stat_infid=000032163260,,2020,,館山市,大戸,,人口,149,人,
census_oaza,総務省 令和2年国勢調査 小地域集計（町丁・字等）,https://www.e-stat.go.jp/stat-search/files?stat_infid=000032163260,,2020,,館山市,大戸,,0〜14歳,14,人,
census_oaza,総務省 令和2年国勢調査 小地域集計（町丁・字等）,https://www.e-stat.go.jp/stat-search/files?stat_infid=000032163260,,2020,,館山市,大戸,,15〜64歳,67,人,
census_oaza,総務省 令和2年国勢調査 小地域集計（町丁・字等）,https://www.e-stat.go.jp/stat-search/files?stat_infid=000032163260,,2020,,館山市,大戸,,65歳以上,63,人,
census_oaza,総務省 令和2年国勢調査 小地域集計（町丁・字等）,https://www.e-stat.go.jp/stat-search/files?stat_infid=000032163260,,2020,,館山市,大戸,,平均年齢,55.23611,歳,
census_oaza,総務省 令和2年国勢調査 小地域集計（町丁・字等）,https://www.e-stat.go.jp/stat-search/files?stat_infid=000032163260,,2020,,館山市,西長田,,人口,75,人,
census_oaza,総務省 令和2年国勢調査 小地域集計（町丁・字等）,https://www.e-stat.go.jp/stat-search/files?stat_infid=000032163260,,2020,,館山市,西長田,,0〜14歳,4,人,
census_oaza,総務省 令和2年国勢調査 小地域集計（町丁・字等）,https://www.e-stat.go.jp/stat-search/files?stat_infid=000032163260,,2020,,館山市,西長田,,15〜64歳,34,人,
census_oaza,総務省 令和2年国勢調査 小地域集計（町丁・字等）,https://www.e-stat.go.jp/stat-search/files?stat_infid=000032163260,,2020,,館山市,西長田,,65歳以上,35,人,
census_oaza,総務省 令和2年国勢調査 小地域集計（町丁・字等）,https://www.e-stat.go.jp/stat-search/files?stat_infid=000032163260,,2020,,館山市,西長田,,平均年齢,58.18493,歳,
census_oaza,総務省 令和2年国勢調査 小地域集計（町丁・字等）,https://www.e-stat.go.jp/stat-search/files?stat_infid=000032163260,,2020,,館山市,岡田,,人口,50,人,
census_oaza,総務省 令和2年国勢調査 小地域集計（町丁・字等）,https://www.e-stat.go.jp/stat-search/files?stat_infid=000032163260,,2020,,館山市,岡田,,0〜14歳,1,人,
census_oaza,総務省 令和2年国勢調査 小地域集計（町丁・字等）,https://www.e-stat.go.jp/stat-search/files?stat_infid=000032163260,,2020,,館山市,岡田,,15〜64歳,16,人,
census_oaza,総務省 令和2年国勢調査 小地域集計（町丁・字等）,https://www.e-stat.go.jp/stat-search/files?stat_infid=000032163260,,2020,,館山市,岡田,,65歳以上,31,人,
census_oaza,総務省 令和2年国勢調査 小地域集計（町丁・字等）,https://www.e-stat.go.jp/stat-search/files?stat_infid=000032163260,,2020,,館山市,岡田,,平均年齢,66.25,歳,
census_oaza,総務省 令和2年国勢調査 小地域集計（町丁・字等）,https://www.e-stat.go.jp/stat-search/files?stat_infid=000032163260,,2020,,館山市,南条,,人口,449,人,
census_oaza,総務省 令和2年国勢調査 小地域集計（町丁・字等）,https://www.e-stat.go.jp/stat-search/files?stat_infid=000032163260,,2020,,館山市,南条,,0〜14歳,39,人,
census_oaza,総務省 令和2年国勢調査 小地域集計（町丁・字等）,https://www.e-stat.go.jp/stat-search/files?stat_infid=000032163260,,2020,,館山市,南条,,15〜64歳,210,人,
census_oaza,総務省 令和2年国勢調査 小地域集計（町丁・字等）,https://www.e-stat.go.jp/stat-search/files?stat_infid=000032163260,,2020,,館山市,南条,,65歳以上,187,人,
census_oaza,総務省 令和2年国勢調査 小地域集計（町丁・字等）,https://www.e-stat.go.jp/stat-search/files?stat_infid=000032163260,,2020,,館山市,南条,,平均年齢,54.02294,歳,
census_oaza,総務省 令和2年国勢調査 小地域集計（町丁・字等）,https://www.e-stat.go.jp/stat-search/files?stat_infid=000032163260,,2020,,館山市,飯沼,,人口,51,人,
census_oaza,総務省 令和2年国勢調査 小地域集計（町丁・字等）,https://www.e-stat.go.jp/stat-search/files?stat_infid=000032163260,,2020,,館山市,飯沼,,0〜14歳,2,人,
census_oaza,総務省 令和2年国勢調査 小地域集計（町丁・字等）,https://www.e-stat.go.jp/stat-search/files?stat_infid=000032163260,,2020,,館山市,飯沼,,15〜64歳,17,人,
census_oaza,総務省 令和2年国勢調査 小地域集計（町丁・字等）,https://www.e-stat.go.jp/stat-search/files?stat_infid=000032163260,,2020,,館山市,飯沼,,65歳以上,29,人,
census_oaza,総務省 令和2年国勢調査 小地域集計（町丁・字等）,https://www.e-stat.go.jp/stat-search/files?stat_infid=000032163260,,2020,,館山市,飯沼,,平均年齢,62.91667,歳,
census_oaza,総務省 令和2年国勢調査 小地域集計（町丁・字等）,https://www.e-stat.go.jp/stat-search/files?stat_infid=000032163260,,2020,,館山市,古茂口,,人口,246,人,
census_oaza,総務省 令和2年国勢調査 小地域集計（町丁・字等）,https://www.e-stat.go.jp/stat-search/files?stat_infid=000032163260,,2020,,館山市,古茂口,,0〜14歳,30,人,
census_oaza,総務省 令和2年国勢調査 小地域集計（町丁・字等）,https://www.e-stat.go.jp/stat-search/files?stat_infid=000032163260,,2020,,館山市,古茂口,,15〜64歳,98,人,
census_oaza,総務省 令和2年国勢調査 小地域集計（町丁・字等）,https://www.e-stat.go.jp/stat-search/files?stat_infid=000032163260,,2020,,館山市,古茂口,,65歳以上,112,人,
census_oaza,総務省 令和2年国勢調査 小地域集計（町丁・字等）,https://www.e-stat.go.jp/stat-search/files?stat_infid=000032163260,,2020,,館山市,古茂口,,平均年齢,56.8625,歳,
census_oaza,総務省 令和2年国勢調査 小地域集計（町丁・字等）,https://www.e-stat.go.jp/stat-search/files?stat_infid=000032163260,,2020,,館山市,作名,,人口,101,人,
census_oaza,総務省 令和2年国勢調査 小地域集計（町丁・字等）,https://www.e-stat.go.jp/stat-search/files?stat_infid=000032163260,,2020,,館山市,作名,,0〜14歳,3,人,
census_oaza,総務省 令和2年国勢調査 小地域集計（町丁・字等）,https://www.e-stat.go.jp/stat-search/files?stat_infid=000032163260,,2020,,館山市,作名,,15〜64歳,55,人,
census_oaza,総務省 令和2年国勢調査 小地域集計（町丁・字等）,https://www.e-stat.go.jp/stat-search/files?stat_infid=000032163260,,2020,,館山市,作名,,65歳以上,43,人,
census_oaza,総務省 令和2年国勢調査 小地域集計（町丁・字等）,https://www.e-stat.go.jp/stat-search/files?stat_infid=000032163260,,2020,,館山市,作名,,平均年齢,55.34158,歳,
census_oaza,総務省 令和2年国勢調査 小地域集計（町丁・字等）,https://www.e-stat.go.jp/stat-search/files?stat_infid=000032163260,,2020,,館山市,山荻,,人口,124,人,
census_oaza,総務省 令和2年国勢調査 小地域集計（町丁・字等）,https://www.e-stat.go.jp/stat-search/files?stat_infid=000032163260,,2020,,館山市,山荻,,0〜14歳,10,人,
census_oaza,総務省 令和2年国勢調査 小地域集計（町丁・字等）,https://www.e-stat.go.jp/stat-search/files?stat_infid=000032163260,,2020,,館山市,山荻,,15〜64歳,52,人,
census_oaza,総務省 令和2年国勢調査 小地域集計（町丁・字等）,https://www.e-stat.go.jp/stat-search/files?stat_infid=000032163260,,2020,,館山市,山荻,,65歳以上,61,人,
census_oaza,総務省 令和2年国勢調査 小地域集計（町丁・字等）,https://www.e-stat.go.jp/stat-search/files?stat_infid=000032163260,,2020,,館山市,山荻,,平均年齢,57.95528,歳,
census_oaza,総務省 令和2年国勢調査 小地域集計（町丁・字等）,https://www.e-stat.go.jp/stat-search/files?stat_infid=000032163260,,2020,,館山市,畑,,人口,81,人,
census_oaza,総務省 令和2年国勢調査 小地域集計（町丁・字等）,https://www.e-stat.go.jp/stat-search/files?stat_infid=000032163260,,2020,,館山市,畑,,0〜14歳,3,人,
census_oaza,総務省 令和2年国勢調査 小地域集計（町丁・字等）,https://www.e-stat.go.jp/stat-search/files?stat_infid=000032163260,,2020,,館山市,畑,,15〜64歳,23,人,
census_oaza,総務省 令和2年国勢調査 小地域集計（町丁・字等）,https://www.e-stat.go.jp/stat-search/files?stat_infid=000032163260,,2020,,館山市,畑,,65歳以上,54,人,
census_oaza,総務省 令和2年国勢調査 小地域集計（町丁・字等）,https://www.e-stat.go.jp/stat-search/files?stat_infid=000032163260,,2020,,館山市,畑,,平均年齢,65.1375,歳,
census_oaza,総務省 令和2年国勢調査 小地域集計（町丁・字等）,https://www.e-stat.go.jp/stat-search/files?stat_infid=000032163260,,2020,,館山市,神余,,人口,584,人,
census_oaza,総務省 令和2年国勢調査 小地域集計（町丁・字等）,https://www.e-stat.go.jp/stat-search/files?stat_infid=000032163260,,2020,,館山市,神余,,0〜14歳,38,人,
census_oaza,総務省 令和2年国勢調査 小地域集計（町丁・字等）,https://www.e-stat.go.jp/stat-search/files?stat_infid=000032163260,,2020,,館山市,神余,,15〜64歳,234,人,
census_oaza,総務省 令和2年国勢調査 小地域集計（町丁・字等）,https://www.e-stat.go.jp/stat-search/files?stat_infid=000032163260,,2020,,館山市,神余,,65歳以上,309,人,
census_oaza,総務省 令和2年国勢調査 小地域集計（町丁・字等）,https://www.e-stat.go.jp/stat-search/files?stat_infid=000032163260,,2020,,館山市,神余,,平均年齢,59.8012,歳,
census_oaza,総務省 令和2年国勢調査 小地域集計（町丁・字等）,https://www.e-stat.go.jp/stat-search/files?stat_infid=000032163260,,2020,,館山市,大網,,人口,305,人,
census_oaza,総務省 令和2年国勢調査 小地域集計（町丁・字等）,https://www.e-stat.go.jp/stat-search/files?stat_infid=000032163260,,2020,,館山市,大網,,0〜14歳,35,人,
census_oaza,総務省 令和2年国勢調査 小地域集計（町丁・字等）,https://www.e-stat.go.jp/stat-search/files?stat_infid=000032163260,,2020,,館山市,大網,,15〜64歳,141,人,
census_oaza,総務省 令和2年国勢調査 小地域集計（町丁・字等）,https://www.e-stat.go.jp/stat-search/files?stat_infid=000032163260,,2020,,館山市,大網,,65歳以上,97,人,
census_oaza,総務省 令和2年国勢調査 小地域集計（町丁・字等）,https://www.e-stat.go.jp/stat-search/files?stat_infid=000032163260,,2020,,館山市,大網,,平均年齢,50.42674,歳,
census_oaza,総務省 令和2年国勢調査 小地域集計（町丁・字等）,https://www.e-stat.go.jp/stat-search/files?stat_infid=000032163260,,2020,,館山市,安布里,,人口,716,人,
census_oaza,総務省 令和2年国勢調査 小地域集計（町丁・字等）,https://www.e-stat.go.jp/stat-search/files?stat_infid=000032163260,,2020,,館山市,安布里,,0〜14歳,110,人,
census_oaza,総務省 令和2年国勢調査 小地域集計（町丁・字等）,https://www.e-stat.go.jp/stat-search/files?stat_infid=000032163260,,2020,,館山市,安布里,,15〜64歳,342,人,
census_oaza,総務省 令和2年国勢調査 小地域集計（町丁・字等）,https://www.e-stat.go.jp/stat-search/files?stat_infid=000032163260,,2020,,館山市,安布里,,65歳以上,229,人,
census_oaza,総務省 令和2年国勢調査 小地域集計（町丁・字等）,https://www.e-stat.go.jp/stat-search/files?stat_infid=000032163260,,2020,,館山市,安布里,,平均年齢,47.83627,歳,
census_oaza,総務省 令和2年国勢調査 小地域集計（町丁・字等）,https://www.e-stat.go.jp/stat-search/files?stat_infid=000032163260,,2020,,館山市,山本,,人口,876,人,
census_oaza,総務省 令和2年国勢調査 小地域集計（町丁・字等）,https://www.e-stat.go.jp/stat-search/files?stat_infid=000032163260,,2020,,館山市,山本,,0〜14歳,73,人,
census_oaza,総務省 令和2年国勢調査 小地域集計（町丁・字等）,https://www.e-stat.go.jp/stat-search/files?stat_infid=000032163260,,2020,,館山市,山本,,15〜64歳,441,人,
census_oaza,総務省 令和2年国勢調査 小地域集計（町丁・字等）,https://www.e-stat.go.jp/stat-search/files?stat_infid=000032163260,,2020,,館山市,山本,,65歳以上,313,人,
census_oaza,総務省 令和2年国勢調査 小地域集計（町丁・字等）,https://www.e-stat.go.jp/stat-search/files?stat_infid=000032163260,,2020,,館山市,山本,,平均年齢,52.72975,歳,
census_oaza,総務省 令和2年国勢調査 小地域集計（町丁・字等）,https://www.e-stat.go.jp/stat-search/files?stat_infid=000032163260,,2020,,館山市,国分,,人口,722,人,
census_oaza,総務省 令和2年国勢調査 小地域集計（町丁・字等）,https://www.e-stat.go.jp/stat-search/files?stat_infid=000032163260,,2020,,館山市,国分,,0〜14歳,95,人,
census_oaza,総務省 令和2年国勢調査 小地域集計（町丁・字等）,https://www.e-stat.go.jp/stat-search/files?stat_infid=000032163260,,2020,,館山市,国分,,15〜64歳,348,人,
census_oaza,総務省 令和2年国勢調査 小地域集計（町丁・字等）,https://www.e-stat.go.jp/stat-search/files?stat_infid=000032163260,,2020,,館山市,国分,,65歳以上,262,人,
census_oaza,総務省 令和2年国勢調査 小地域集計（町丁・字等）,https://www.e-stat.go.jp/stat-search/files?stat_infid=000032163260,,2020,,館山市,国分,,平均年齢,50.97234,歳,
census_oaza,総務省 令和2年国勢調査 小地域集計（町丁・字等）,https://www.e-stat.go.jp/stat-search/files?stat_infid=000032163260,,2020,,館山市,稲,,人口,255,人,
census_oaza,総務省 令和2年国勢調査 小地域集計（町丁・字等）,https://www.e-stat.go.jp/stat-search/files?stat_infid=000032163260,,2020,,館山市,稲,,0〜14歳,14,人,
census_oaza,総務省 令和2年国勢調査 小地域集計（町丁・字等）,https://www.e-stat.go.jp/stat-search/files?stat_infid=000032163260,,2020,,館山市,稲,,15〜64歳,119,人,
census_oaza,総務省 令和2年国勢調査 小地域集計（町丁・字等）,https://www.e-stat.go.jp/stat-search/files?stat_infid=000032163260,,2020,,館山市,稲,,65歳以上,99,人,
census_oaza,総務省 令和2年国勢調査 小地域集計（町丁・字等）,https://www.e-stat.go.jp/stat-search/files?stat_infid=000032163260,,2020,,館山市,稲,,平均年齢,56.13362,歳,
census_oaza,総務省 令和2年国勢調査 小地域集計（町丁・字等）,https://www.e-stat.go.jp/stat-search/files?stat_infid=000032163260,,2020,,館山市,広瀬,,人口,238,人,
census_oaza,総務省 令和2年国勢調査 小地域集計（町丁・字等）,https://www.e-stat.go.jp/stat-search/files?stat_infid=000032163260,,2020,,館山市,広瀬,,0〜14歳,16,人,
census_oaza,総務省 令和2年国勢調査 小地域集計（町丁・字等）,https://www.e-stat.go.jp/stat-search/files?stat_infid=000032163260,,2020,,館山市,広瀬,,15〜64歳,114,人,
census_oaza,総務省 令和2年国勢調査 小地域集計（町丁・字等）,https://www.e-stat.go.jp/stat-search/files?stat_infid=000032163260,,2020,,館山市,広瀬,,65歳以上,99,人,
census_oaza,総務省 令和2年国勢調査 小地域集計（町丁・字等）,https://www.e-stat.go.jp/stat-search/files?stat_infid=000032163260,,2020,,館山市,広瀬,,平均年齢,55.67904,歳,
census_oaza,総務省 令和2年国勢調査 小地域集計（町丁・字等）,https://www.e-stat.go.jp/stat-search/files?stat_infid=000032163260,,2020,,館山市,広瀬,,人口,464,人,
census_oaza,総務省 令和2年国勢調査 小地域集計（町丁・字等）,https://www.e-stat.go.jp/stat-search/files?stat_infid=000032163260,,2020,,館山市,広瀬,,0〜14歳,31,人,
census_oaza,総務省 令和2年国勢調査 小地域集計（町丁・字等）,https://www.e-stat.go.jp/stat-search/files?stat_infid=000032163260,,2020,,館山市,広瀬,,15〜64歳,181,人,
census_oaza,総務省 令和2年国勢調査 小地域集計（町丁・字等）,https://www.e-stat.go.jp/stat-search/files?stat_infid=000032163260,,2020,,館山市,広瀬,,65歳以上,226,人,
census_oaza,総務省 令和2年国勢調査 小地域集計（町丁・字等）,https://www.e-stat.go.jp/stat-search/files?stat_infid=000032163260,,2020,,館山市,広瀬,,平均年齢,60.35616,歳,
census_oaza,総務省 令和2年国勢調査 小地域集計（町丁・字等）,https://www.e-stat.go.jp/stat-search/files?stat_infid=000032163260,,2020,,館山市,水岡,,人口,60,人,
census_oaza,総務省 令和2年国勢調査 小地域集計（町丁・字等）,https://www.e-stat.go.jp/stat-search/files?stat_infid=000032163260,,2020,,館山市,水岡,,0〜14歳,1,人,
census_oaza,総務省 令和2年国勢調査 小地域集計（町丁・字等）,https://www.e-stat.go.jp/stat-search/files?stat_infid=000032163260,,2020,,館山市,水岡,,15〜64歳,28,人,
census_oaza,総務省 令和2年国勢調査 小地域集計（町丁・字等）,https://www.e-stat.go.jp/stat-search/files?stat_infid=000032163260,,2020,,館山市,水岡,,65歳以上,29,人,
census_oaza,総務省 令和2年国勢調査 小地域集計（町丁・字等）,https://www.e-stat.go.jp/stat-search/files?stat_infid=000032163260,,2020,,館山市,水岡,,平均年齢,59.72414,歳,
census_oaza,総務省 令和2年国勢調査 小地域集計（町丁・字等）,https://www.e-stat.go.jp/stat-search/files?stat_infid=000032163260,,2020,,館山市,水岡,,人口,154,人,
census_oaza,総務省 令和2年国勢調査 小地域集計（町丁・字等）,https://www.e-stat.go.jp/stat-search/files?stat_infid=000032163260,,2020,,館山市,水岡,,0〜14歳,6,人,
census_oaza,総務省 令和2年国勢調査 小地域集計（町丁・字等）,https://www.e-stat.go.jp/stat-search/files?stat_infid=000032163260,,2020,,館山市,水岡,,15〜64歳,77,人,
census_oaza,総務省 令和2年国勢調査 小地域集計（町丁・字等）,https://www.e-stat.go.jp/stat-search/files?stat_infid=000032163260,,2020,,館山市,水岡,,65歳以上,69,人,
census_oaza,総務省 令和2年国勢調査 小地域集計（町丁・字等）,https://www.e-stat.go.jp/stat-search/files?stat_infid=000032163260,,2020,,館山市,水岡,,平均年齢,59.20395,歳,
census_oaza,総務省 令和2年国勢調査 小地域集計（町丁・字等）,https://www.e-stat.go.jp/stat-search/files?stat_infid=000032163260,,2020,,館山市,安東,,人口,148,人,
census_oaza,総務省 令和2年国勢調査 小地域集計（町丁・字等）,https://www.e-stat.go.jp/stat-search/files?stat_infid=000032163260,,2020,,館山市,安東,,0〜14歳,9,人,
census_oaza,総務省 令和2年国勢調査 小地域集計（町丁・字等）,https://www.e-stat.go.jp/stat-search/files?stat_infid=000032163260,,2020,,館山市,安東,,15〜64歳,80,人,
census_oaza,総務省 令和2年国勢調査 小地域集計（町丁・字等）,https://www.e-stat.go.jp/stat-search/files?stat_infid=000032163260,,2020,,館山市,安東,,65歳以上,59,人,
census_oaza,総務省 令和2年国勢調査 小地域集計（町丁・字等）,https://www.e-stat.go.jp/stat-search/files?stat_infid=000032163260,,2020,,館山市,安東,,平均年齢,56.29054,歳,
census_oaza,総務省 令和2年国勢調査 小地域集計（町丁・字等）,https://www.e-stat.go.jp/stat-search/files?stat_infid=000032163260,,2020,,館山市,二子,,人口,286,人,
census_oaza,総務省 令和2年国勢調査 小地域集計（町丁・字等）,https://www.e-stat.go.jp/stat-search/files?stat_infid=000032163260,,2020,,館山市,二子,,0〜14歳,19,人,
census_oaza,総務省 令和2年国勢調査 小地域集計（町丁・字等）,https://www.e-stat.go.jp/stat-search/files?stat_infid=000032163260,,2020,,館山市,二子,,15〜64歳,141,人,
census_oaza,総務省 令和2年国勢調査 小地域集計（町丁・字等）,https://www.e-stat.go.jp/stat-search/files?stat_infid=000032163260,,2020,,館山市,二子,,65歳以上,108,人,
census_oaza,総務省 令和2年国勢調査 小地域集計（町丁・字等）,https://www.e-stat.go.jp/stat-search/files?stat_infid=000032163260,,2020,,館山市,二子,,平均年齢,53.1791,歳,
census_oaza,総務省 令和2年国勢調査 小地域集計（町丁・字等）,https://www.e-stat.go.jp/stat-search/files?stat_infid=000032163260,,2020,,館山市,薗,,人口,287,人,
census_oaza,総務省 令和2年国勢調査 小地域集計（町丁・字等）,https://www.e-stat.go.jp/stat-search/files?stat_infid=000032163260,,2020,,館山市,薗,,0〜14歳,48,人,
census_oaza,総務省 令和2年国勢調査 小地域集計（町丁・字等）,https://www.e-stat.go.jp/stat-search/files?stat_infid=000032163260,,2020,,館山市,薗,,15〜64歳,126,人,
census_oaza,総務省 令和2年国勢調査 小地域集計（町丁・字等）,https://www.e-stat.go.jp/stat-search/files?stat_infid=000032163260,,2020,,館山市,薗,,65歳以上,99,人,
census_oaza,総務省 令和2年国勢調査 小地域集計（町丁・字等）,https://www.e-stat.go.jp/stat-search/files?stat_infid=000032163260,,2020,,館山市,薗,,平均年齢,47.49634,歳,
census_oaza,総務省 令和2年国勢調査 小地域集計（町丁・字等）,https://www.e-stat.go.jp/stat-search/files?stat_infid=000032163260,,2020,,館山市,水玉,,人口,127,人,
census_oaza,総務省 令和2年国勢調査 小地域集計（町丁・字等）,https://www.e-stat.go.jp/stat-search/files?stat_infid=000032163260,,2020,,館山市,水玉,,0〜14歳,20,人,
census_oaza,総務省 令和2年国勢調査 小地域集計（町丁・字等）,https://www.e-stat.go.jp/stat-search/files?stat_infid=000032163260,,2020,,館山市,水玉,,15〜64歳,59,人,
census_oaza,総務省 令和2年国勢調査 小地域集計（町丁・字等）,https://www.e-stat.go.jp/stat-search/files?stat_infid=000032163260,,2020,,館山市,水玉,,65歳以上,48,人,
census_oaza,総務省 令和2年国勢調査 小地域集計（町丁・字等）,https://www.e-stat.go.jp/stat-search/files?stat_infid=000032163260,,2020,,館山市,水玉,,平均年齢,49.24803,歳,
census_oaza,総務省 令和2年国勢調査 小地域集計（町丁・字等）,https://www.e-stat.go.jp/stat-search/files?stat_infid=000032163260,,2020,,館山市,大井,,人口,128,人,
census_oaza,総務省 令和2年国勢調査 小地域集計（町丁・字等）,https://www.e-stat.go.jp/stat-search/files?stat_infid=000032163260,,2020,,館山市,大井,,0〜14歳,9,人,
census_oaza,総務省 令和2年国勢調査 小地域集計（町丁・字等）,https://www.e-stat.go.jp/stat-search/files?stat_infid=000032163260,,2020,,館山市,大井,,15〜64歳,54,人,
census_oaza,総務省 令和2年国勢調査 小地域集計（町丁・字等）,https://www.e-stat.go.jp/stat-search/files?stat_infid=000032163260,,2020,,館山市,大井,,65歳以上,65,人,
census_oaza,総務省 令和2年国勢調査 小地域集計（町丁・字等）,https://www.e-stat.go.jp/stat-search/files?stat_infid=000032163260,,2020,,館山市,大井,,平均年齢,58.76563,歳,
census_oaza,総務省 令和2年国勢調査 小地域集計（町丁・字等）,https://www.e-stat.go.jp/stat-search/files?stat_infid=000032163260,,2020,,館山市,竹原,,人口,321,人,
census_oaza,総務省 令和2年国勢調査 小地域集計（町丁・字等）,https://www.e-stat.go.jp/stat-search/files?stat_infid=000032163260,,2020,,館山市,竹原,,0〜14歳,21,人,
census_oaza,総務省 令和2年国勢調査 小地域集計（町丁・字等）,https://www.e-stat.go.jp/stat-search/files?stat_infid=000032163260,,2020,,館山市,竹原,,15〜64歳,156,人,
census_oaza,総務省 令和2年国勢調査 小地域集計（町丁・字等）,https://www.e-stat.go.jp/stat-search/files?stat_infid=000032163260,,2020,,館山市,竹原,,65歳以上,144,人,
census_oaza,総務省 令和2年国勢調査 小地域集計（町丁・字等）,https://www.e-stat.go.jp/stat-search/files?stat_infid=000032163260,,2020,,館山市,竹原,,平均年齢,55.79907,歳,
census_oaza,総務省 令和2年国勢調査 小地域集計（町丁・字等）,https://www.e-stat.go.jp/stat-search/files?stat_infid=000032163260,,2020,,館山市,江田,,人口,80,人,
census_oaza,総務省 令和2年国勢調査 小地域集計（町丁・字等）,https://www.e-stat.go.jp/stat-search/files?stat_infid=000032163260,,2020,,館山市,江田,,0〜14歳,11,人,
census_oaza,総務省 令和2年国勢調査 小地域集計（町丁・字等）,https://www.e-stat.go.jp/stat-search/files?stat_infid=000032163260,,2020,,館山市,江田,,15〜64歳,27,人,
census_oaza,総務省 令和2年国勢調査 小地域集計（町丁・字等）,https://www.e-stat.go.jp/stat-search/files?stat_infid=000032163260,,2020,,館山市,江田,,65歳以上,39,人,
census_oaza,総務省 令和2年国勢調査 小地域集計（町丁・字等）,https://www.e-stat.go.jp/stat-search/files?stat_infid=000032163260,,2020,,館山市,江田,,平均年齢,55.7987,歳,
census_oaza,総務省 令和2年国勢調査 小地域集計（町丁・字等）,https://www.e-stat.go.jp/stat-search/files?stat_infid=000032163260,,2020,,南房総市,全市,,人口,35831,人,
census_oaza,総務省 令和2年国勢調査 小地域集計（町丁・字等）,https://www.e-stat.go.jp/stat-search/files?stat_infid=000032163260,,2020,,南房総市,全市,,0〜14歳,3001,人,
census_oaza,総務省 令和2年国勢調査 小地域集計（町丁・字等）,https://www.e-stat.go.jp/stat-search/files?stat_infid=000032163260,,2020,,南房総市,全市,,15〜64歳,15867,人,
census_oaza,総務省 令和2年国勢調査 小地域集計（町丁・字等）,https://www.e-stat.go.jp/stat-search/files?stat_infid=000032163260,,2020,,南房総市,全市,,65歳以上,16895,人,
census_oaza,総務省 令和2年国勢調査 小地域集計（町丁・字等）,https://www.e-stat.go.jp/stat-search/files?stat_infid=000032163260,,2020,,南房総市,全市,,平均年齢,57.49578,歳,
census_oaza,総務省 令和2年国勢調査 小地域集計（町丁・字等）,https://www.e-stat.go.jp/stat-search/files?stat_infid=000032163260,,2020,,南房総市,富浦町南無谷,,人口,535,人,
census_oaza,総務省 令和2年国勢調査 小地域集計（町丁・字等）,https://www.e-stat.go.jp/stat-search/files?stat_infid=000032163260,,2020,,南房総市,富浦町南無谷,,0〜14歳,33,人,
census_oaza,総務省 令和2年国勢調査 小地域集計（町丁・字等）,https://www.e-stat.go.jp/stat-search/files?stat_infid=000032163260,,2020,,南房総市,富浦町南無谷,,15〜64歳,246,人,
census_oaza,総務省 令和2年国勢調査 小地域集計（町丁・字等）,https://www.e-stat.go.jp/stat-search/files?stat_infid=000032163260,,2020,,南房総市,富浦町南無谷,,65歳以上,256,人,
census_oaza,総務省 令和2年国勢調査 小地域集計（町丁・字等）,https://www.e-stat.go.jp/stat-search/files?stat_infid=000032163260,,2020,,南房総市,富浦町南無谷,,平均年齢,57.7785,歳,
census_oaza,総務省 令和2年国勢調査 小地域集計（町丁・字等）,https://www.e-stat.go.jp/stat-search/files?stat_infid=000032163260,,2020,,南房総市,富浦町豊岡,,人口,374,人,
census_oaza,総務省 令和2年国勢調査 小地域集計（町丁・字等）,https://www.e-stat.go.jp/stat-search/files?stat_infid=000032163260,,2020,,南房総市,富浦町豊岡,,0〜14歳,21,人,
census_oaza,総務省 令和2年国勢調査 小地域集計（町丁・字等）,https://www.e-stat.go.jp/stat-search/files?stat_infid=000032163260,,2020,,南房総市,富浦町豊岡,,15〜64歳,172,人,
census_oaza,総務省 令和2年国勢調査 小地域集計（町丁・字等）,https://www.e-stat.go.jp/stat-search/files?stat_infid=000032163260,,2020,,南房総市,富浦町豊岡,,65歳以上,181,人,
census_oaza,総務省 令和2年国勢調査 小地域集計（町丁・字等）,https://www.e-stat.go.jp/stat-search/files?stat_infid=000032163260,,2020,,南房総市,富浦町豊岡,,平均年齢,59.36898,歳,
census_oaza,総務省 令和2年国勢調査 小地域集計（町丁・字等）,https://www.e-stat.go.jp/stat-search/files?stat_infid=000032163260,,2020,,南房総市,富浦町原岡,,人口,1054,人,
census_oaza,総務省 令和2年国勢調査 小地域集計（町丁・字等）,https://www.e-stat.go.jp/stat-search/files?stat_infid=000032163260,,2020,,南房総市,富浦町原岡,,0〜14歳,109,人,
census_oaza,総務省 令和2年国勢調査 小地域集計（町丁・字等）,https://www.e-stat.go.jp/stat-search/files?stat_infid=000032163260,,2020,,南房総市,富浦町原岡,,15〜64歳,474,人,
census_oaza,総務省 令和2年国勢調査 小地域集計（町丁・字等）,https://www.e-stat.go.jp/stat-search/files?stat_infid=000032163260,,2020,,南房総市,富浦町原岡,,65歳以上,465,人,
census_oaza,総務省 令和2年国勢調査 小地域集計（町丁・字等）,https://www.e-stat.go.jp/stat-search/files?stat_infid=000032163260,,2020,,南房総市,富浦町原岡,,平均年齢,55.3855,歳,
census_oaza,総務省 令和2年国勢調査 小地域集計（町丁・字等）,https://www.e-stat.go.jp/stat-search/files?stat_infid=000032163260,,2020,,南房総市,富浦町多田良,,人口,975,人,
census_oaza,総務省 令和2年国勢調査 小地域集計（町丁・字等）,https://www.e-stat.go.jp/stat-search/files?stat_infid=000032163260,,2020,,南房総市,富浦町多田良,,0〜14歳,120,人,
census_oaza,総務省 令和2年国勢調査 小地域集計（町丁・字等）,https://www.e-stat.go.jp/stat-search/files?stat_infid=000032163260,,2020,,南房総市,富浦町多田良,,15〜64歳,443,人,
census_oaza,総務省 令和2年国勢調査 小地域集計（町丁・字等）,https://www.e-stat.go.jp/stat-search/files?stat_infid=000032163260,,2020,,南房総市,富浦町多田良,,65歳以上,411,人,
census_oaza,総務省 令和2年国勢調査 小地域集計（町丁・字等）,https://www.e-stat.go.jp/stat-search/files?stat_infid=000032163260,,2020,,南房総市,富浦町多田良,,平均年齢,53.41478,歳,
census_oaza,総務省 令和2年国勢調査 小地域集計（町丁・字等）,https://www.e-stat.go.jp/stat-search/files?stat_infid=000032163260,,2020,,南房総市,富浦町青木,,人口,171,人,
census_oaza,総務省 令和2年国勢調査 小地域集計（町丁・字等）,https://www.e-stat.go.jp/stat-search/files?stat_infid=000032163260,,2020,,南房総市,富浦町青木,,0〜14歳,12,人,
census_oaza,総務省 令和2年国勢調査 小地域集計（町丁・字等）,https://www.e-stat.go.jp/stat-search/files?stat_infid=000032163260,,2020,,南房総市,富浦町青木,,15〜64歳,101,人,
census_oaza,総務省 令和2年国勢調査 小地域集計（町丁・字等）,https://www.e-stat.go.jp/stat-search/files?stat_infid=000032163260,,2020,,南房総市,富浦町青木,,65歳以上,58,人,
census_oaza,総務省 令和2年国勢調査 小地域集計（町丁・字等）,https://www.e-stat.go.jp/stat-search/files?stat_infid=000032163260,,2020,,南房総市,富浦町青木,,平均年齢,52.10819,歳,
census_oaza,総務省 令和2年国勢調査 小地域集計（町丁・字等）,https://www.e-stat.go.jp/stat-search/files?stat_infid=000032163260,,2020,,南房総市,富浦町深名,,人口,500,人,
census_oaza,総務省 令和2年国勢調査 小地域集計（町丁・字等）,https://www.e-stat.go.jp/stat-search/files?stat_infid=000032163260,,2020,,南房総市,富浦町深名,,0〜14歳,54,人,
census_oaza,総務省 令和2年国勢調査 小地域集計（町丁・字等）,https://www.e-stat.go.jp/stat-search/files?stat_infid=000032163260,,2020,,南房総市,富浦町深名,,15〜64歳,203,人,
census_oaza,総務省 令和2年国勢調査 小地域集計（町丁・字等）,https://www.e-stat.go.jp/stat-search/files?stat_infid=000032163260,,2020,,南房総市,富浦町深名,,65歳以上,242,人,
census_oaza,総務省 令和2年国勢調査 小地域集計（町丁・字等）,https://www.e-stat.go.jp/stat-search/files?stat_infid=000032163260,,2020,,南房総市,富浦町深名,,平均年齢,57.78657,歳,
census_oaza,総務省 令和2年国勢調査 小地域集計（町丁・字等）,https://www.e-stat.go.jp/stat-search/files?stat_infid=000032163260,,2020,,南房総市,富浦町福澤,,人口,195,人,
census_oaza,総務省 令和2年国勢調査 小地域集計（町丁・字等）,https://www.e-stat.go.jp/stat-search/files?stat_infid=000032163260,,2020,,南房総市,富浦町福澤,,0〜14歳,23,人,
census_oaza,総務省 令和2年国勢調査 小地域集計（町丁・字等）,https://www.e-stat.go.jp/stat-search/files?stat_infid=000032163260,,2020,,南房総市,富浦町福澤,,15〜64歳,74,人,
census_oaza,総務省 令和2年国勢調査 小地域集計（町丁・字等）,https://www.e-stat.go.jp/stat-search/files?stat_infid=000032163260,,2020,,南房総市,富浦町福澤,,65歳以上,98,人,
census_oaza,総務省 令和2年国勢調査 小地域集計（町丁・字等）,https://www.e-stat.go.jp/stat-search/files?stat_infid=000032163260,,2020,,南房総市,富浦町福澤,,平均年齢,56.12564,歳,
census_oaza,総務省 令和2年国勢調査 小地域集計（町丁・字等）,https://www.e-stat.go.jp/stat-search/files?stat_infid=000032163260,,2020,,南房総市,富浦町宮本,,人口,105,人,
census_oaza,総務省 令和2年国勢調査 小地域集計（町丁・字等）,https://www.e-stat.go.jp/stat-search/files?stat_infid=000032163260,,2020,,南房総市,富浦町宮本,,0〜14歳,11,人,
census_oaza,総務省 令和2年国勢調査 小地域集計（町丁・字等）,https://www.e-stat.go.jp/stat-search/files?stat_infid=000032163260,,2020,,南房総市,富浦町宮本,,15〜64歳,46,人,
census_oaza,総務省 令和2年国勢調査 小地域集計（町丁・字等）,https://www.e-stat.go.jp/stat-search/files?stat_infid=000032163260,,2020,,南房総市,富浦町宮本,,65歳以上,48,人,
census_oaza,総務省 令和2年国勢調査 小地域集計（町丁・字等）,https://www.e-stat.go.jp/stat-search/files?stat_infid=000032163260,,2020,,南房総市,富浦町宮本,,平均年齢,56.3381,歳,
census_oaza,総務省 令和2年国勢調査 小地域集計（町丁・字等）,https://www.e-stat.go.jp/stat-search/files?stat_infid=000032163260,,2020,,南房総市,富浦町大津,,人口,144,人,
census_oaza,総務省 令和2年国勢調査 小地域集計（町丁・字等）,https://www.e-stat.go.jp/stat-search/files?stat_infid=000032163260,,2020,,南房総市,富浦町大津,,0〜14歳,17,人,
census_oaza,総務省 令和2年国勢調査 小地域集計（町丁・字等）,https://www.e-stat.go.jp/stat-search/files?stat_infid=000032163260,,2020,,南房総市,富浦町大津,,15〜64歳,66,人,
census_oaza,総務省 令和2年国勢調査 小地域集計（町丁・字等）,https://www.e-stat.go.jp/stat-search/files?stat_infid=000032163260,,2020,,南房総市,富浦町大津,,65歳以上,61,人,
census_oaza,総務省 令和2年国勢調査 小地域集計（町丁・字等）,https://www.e-stat.go.jp/stat-search/files?stat_infid=000032163260,,2020,,南房総市,富浦町大津,,平均年齢,54.06944,歳,
census_oaza,総務省 令和2年国勢調査 小地域集計（町丁・字等）,https://www.e-stat.go.jp/stat-search/files?stat_infid=000032163260,,2020,,南房総市,富浦町丹生,,人口,60,人,
census_oaza,総務省 令和2年国勢調査 小地域集計（町丁・字等）,https://www.e-stat.go.jp/stat-search/files?stat_infid=000032163260,,2020,,南房総市,富浦町丹生,,0〜14歳,0,人,
census_oaza,総務省 令和2年国勢調査 小地域集計（町丁・字等）,https://www.e-stat.go.jp/stat-search/files?stat_infid=000032163260,,2020,,南房総市,富浦町丹生,,15〜64歳,28,人,
census_oaza,総務省 令和2年国勢調査 小地域集計（町丁・字等）,https://www.e-stat.go.jp/stat-search/files?stat_infid=000032163260,,2020,,南房総市,富浦町丹生,,65歳以上,30,人,
census_oaza,総務省 令和2年国勢調査 小地域集計（町丁・字等）,https://www.e-stat.go.jp/stat-search/files?stat_infid=000032163260,,2020,,南房総市,富浦町丹生,,平均年齢,65.43103,歳,
census_oaza,総務省 令和2年国勢調査 小地域集計（町丁・字等）,https://www.e-stat.go.jp/stat-search/files?stat_infid=000032163260,,2020,,南房総市,富浦町手取,,人口,32,人,
census_oaza,総務省 令和2年国勢調査 小地域集計（町丁・字等）,https://www.e-stat.go.jp/stat-search/files?stat_infid=000032163260,,2020,,南房総市,富浦町手取,,0〜14歳,7,人,
census_oaza,総務省 令和2年国勢調査 小地域集計（町丁・字等）,https://www.e-stat.go.jp/stat-search/files?stat_infid=000032163260,,2020,,南房総市,富浦町手取,,15〜64歳,12,人,
census_oaza,総務省 令和2年国勢調査 小地域集計（町丁・字等）,https://www.e-stat.go.jp/stat-search/files?stat_infid=000032163260,,2020,,南房総市,富浦町手取,,65歳以上,13,人,
census_oaza,総務省 令和2年国勢調査 小地域集計（町丁・字等）,https://www.e-stat.go.jp/stat-search/files?stat_infid=000032163260,,2020,,南房総市,富浦町手取,,平均年齢,50.46875,歳,
census_oaza,総務省 令和2年国勢調査 小地域集計（町丁・字等）,https://www.e-stat.go.jp/stat-search/files?stat_infid=000032163260,,2020,,南房総市,富浦町居倉,,人口,22,人,
census_oaza,総務省 令和2年国勢調査 小地域集計（町丁・字等）,https://www.e-stat.go.jp/stat-search/files?stat_infid=000032163260,,2020,,南房総市,富浦町居倉,,0〜14歳,2,人,
census_oaza,総務省 令和2年国勢調査 小地域集計（町丁・字等）,https://www.e-stat.go.jp/stat-search/files?stat_infid=000032163260,,2020,,南房総市,富浦町居倉,,15〜64歳,9,人,
census_oaza,総務省 令和2年国勢調査 小地域集計（町丁・字等）,https://www.e-stat.go.jp/stat-search/files?stat_infid=000032163260,,2020,,南房総市,富浦町居倉,,65歳以上,11,人,
census_oaza,総務省 令和2年国勢調査 小地域集計（町丁・字等）,https://www.e-stat.go.jp/stat-search/files?stat_infid=000032163260,,2020,,南房総市,富浦町居倉,,平均年齢,57.68182,歳,
census_oaza,総務省 令和2年国勢調査 小地域集計（町丁・字等）,https://www.e-stat.go.jp/stat-search/files?stat_infid=000032163260,,2020,,南房総市,久枝,,人口,823,人,
census_oaza,総務省 令和2年国勢調査 小地域集計（町丁・字等）,https://www.e-stat.go.jp/stat-search/files?stat_infid=000032163260,,2020,,南房総市,久枝,,0〜14歳,49,人,
census_oaza,総務省 令和2年国勢調査 小地域集計（町丁・字等）,https://www.e-stat.go.jp/stat-search/files?stat_infid=000032163260,,2020,,南房総市,久枝,,15〜64歳,345,人,
census_oaza,総務省 令和2年国勢調査 小地域集計（町丁・字等）,https://www.e-stat.go.jp/stat-search/files?stat_infid=000032163260,,2020,,南房総市,久枝,,65歳以上,429,人,
census_oaza,総務省 令和2年国勢調査 小地域集計（町丁・字等）,https://www.e-stat.go.jp/stat-search/files?stat_infid=000032163260,,2020,,南房総市,久枝,,平均年齢,61.34812,歳,
census_oaza,総務省 令和2年国勢調査 小地域集計（町丁・字等）,https://www.e-stat.go.jp/stat-search/files?stat_infid=000032163260,,2020,,南房総市,市部,,人口,827,人,
census_oaza,総務省 令和2年国勢調査 小地域集計（町丁・字等）,https://www.e-stat.go.jp/stat-search/files?stat_infid=000032163260,,2020,,南房総市,市部,,0〜14歳,98,人,
census_oaza,総務省 令和2年国勢調査 小地域集計（町丁・字等）,https://www.e-stat.go.jp/stat-search/files?stat_infid=000032163260,,2020,,南房総市,市部,,15〜64歳,389,人,
census_oaza,総務省 令和2年国勢調査 小地域集計（町丁・字等）,https://www.e-stat.go.jp/stat-search/files?stat_infid=000032163260,,2020,,南房総市,市部,,65歳以上,333,人,
census_oaza,総務省 令和2年国勢調査 小地域集計（町丁・字等）,https://www.e-stat.go.jp/stat-search/files?stat_infid=000032163260,,2020,,南房総市,市部,,平均年齢,52.96585,歳,
census_oaza,総務省 令和2年国勢調査 小地域集計（町丁・字等）,https://www.e-stat.go.jp/stat-search/files?stat_infid=000032163260,,2020,,南房総市,竹内,,人口,250,人,
census_oaza,総務省 令和2年国勢調査 小地域集計（町丁・字等）,https://www.e-stat.go.jp/stat-search/files?stat_infid=000032163260,,2020,,南房総市,竹内,,0〜14歳,34,人,
census_oaza,総務省 令和2年国勢調査 小地域集計（町丁・字等）,https://www.e-stat.go.jp/stat-search/files?stat_infid=000032163260,,2020,,南房総市,竹内,,15〜64歳,106,人,
census_oaza,総務省 令和2年国勢調査 小地域集計（町丁・字等）,https://www.e-stat.go.jp/stat-search/files?stat_infid=000032163260,,2020,,南房総市,竹内,,65歳以上,110,人,
census_oaza,総務省 令和2年国勢調査 小地域集計（町丁・字等）,https://www.e-stat.go.jp/stat-search/files?stat_infid=000032163260,,2020,,南房総市,竹内,,平均年齢,53.04,歳,
census_oaza,総務省 令和2年国勢調査 小地域集計（町丁・字等）,https://www.e-stat.go.jp/stat-search/files?stat_infid=000032163260,,2020,,南房総市,高崎,,人口,825,人,
census_oaza,総務省 令和2年国勢調査 小地域集計（町丁・字等）,https://www.e-stat.go.jp/stat-search/files?stat_infid=000032163260,,2020,,南房総市,高崎,,0〜14歳,87,人,
census_oaza,総務省 令和2年国勢調査 小地域集計（町丁・字等）,https://www.e-stat.go.jp/stat-search/files?stat_infid=000032163260,,2020,,南房総市,高崎,,15〜64歳,366,人,
census_oaza,総務省 令和2年国勢調査 小地域集計（町丁・字等）,https://www.e-stat.go.jp/stat-search/files?stat_infid=000032163260,,2020,,南房総市,高崎,,65歳以上,367,人,
census_oaza,総務省 令和2年国勢調査 小地域集計（町丁・字等）,https://www.e-stat.go.jp/stat-search/files?stat_infid=000032163260,,2020,,南房総市,高崎,,平均年齢,55.26341,歳,
census_oaza,総務省 令和2年国勢調査 小地域集計（町丁・字等）,https://www.e-stat.go.jp/stat-search/files?stat_infid=000032163260,,2020,,南房総市,小浦,,人口,130,人,
census_oaza,総務省 令和2年国勢調査 小地域集計（町丁・字等）,https://www.e-stat.go.jp/stat-search/files?stat_infid=000032163260,,2020,,南房総市,小浦,,0〜14歳,10,人,
census_oaza,総務省 令和2年国勢調査 小地域集計（町丁・字等）,https://www.e-stat.go.jp/stat-search/files?stat_infid=000032163260,,2020,,南房総市,小浦,,15〜64歳,53,人,
census_oaza,総務省 令和2年国勢調査 小地域集計（町丁・字等）,https://www.e-stat.go.jp/stat-search/files?stat_infid=000032163260,,2020,,南房総市,小浦,,65歳以上,67,人,
census_oaza,総務省 令和2年国勢調査 小地域集計（町丁・字等）,https://www.e-stat.go.jp/stat-search/files?stat_infid=000032163260,,2020,,南房総市,小浦,,平均年齢,59.32308,歳,
census_oaza,総務省 令和2年国勢調査 小地域集計（町丁・字等）,https://www.e-stat.go.jp/stat-search/files?stat_infid=000032163260,,2020,,南房総市,宮谷,,人口,87,人,
census_oaza,総務省 令和2年国勢調査 小地域集計（町丁・字等）,https://www.e-stat.go.jp/stat-search/files?stat_infid=000032163260,,2020,,南房総市,宮谷,,0〜14歳,5,人,
census_oaza,総務省 令和2年国勢調査 小地域集計（町丁・字等）,https://www.e-stat.go.jp/stat-search/files?stat_infid=000032163260,,2020,,南房総市,宮谷,,15〜64歳,40,人,
census_oaza,総務省 令和2年国勢調査 小地域集計（町丁・字等）,https://www.e-stat.go.jp/stat-search/files?stat_infid=000032163260,,2020,,南房総市,宮谷,,65歳以上,42,人,
census_oaza,総務省 令和2年国勢調査 小地域集計（町丁・字等）,https://www.e-stat.go.jp/stat-search/files?stat_infid=000032163260,,2020,,南房総市,宮谷,,平均年齢,58.44253,歳,
census_oaza,総務省 令和2年国勢調査 小地域集計（町丁・字等）,https://www.e-stat.go.jp/stat-search/files?stat_infid=000032163260,,2020,,南房総市,合戸,,人口,192,人,
census_oaza,総務省 令和2年国勢調査 小地域集計（町丁・字等）,https://www.e-stat.go.jp/stat-search/files?stat_infid=000032163260,,2020,,南房総市,合戸,,0〜14歳,16,人,
census_oaza,総務省 令和2年国勢調査 小地域集計（町丁・字等）,https://www.e-stat.go.jp/stat-search/files?stat_infid=000032163260,,2020,,南房総市,合戸,,15〜64歳,78,人,
census_oaza,総務省 令和2年国勢調査 小地域集計（町丁・字等）,https://www.e-stat.go.jp/stat-search/files?stat_infid=000032163260,,2020,,南房総市,合戸,,65歳以上,98,人,
census_oaza,総務省 令和2年国勢調査 小地域集計（町丁・字等）,https://www.e-stat.go.jp/stat-search/files?stat_infid=000032163260,,2020,,南房総市,合戸,,平均年齢,57.65625,歳,
census_oaza,総務省 令和2年国勢調査 小地域集計（町丁・字等）,https://www.e-stat.go.jp/stat-search/files?stat_infid=000032163260,,2020,,南房総市,二部,,人口,195,人,
census_oaza,総務省 令和2年国勢調査 小地域集計（町丁・字等）,https://www.e-stat.go.jp/stat-search/files?stat_infid=000032163260,,2020,,南房総市,二部,,0〜14歳,9,人,
census_oaza,総務省 令和2年国勢調査 小地域集計（町丁・字等）,https://www.e-stat.go.jp/stat-search/files?stat_infid=000032163260,,2020,,南房総市,二部,,15〜64歳,87,人,
census_oaza,総務省 令和2年国勢調査 小地域集計（町丁・字等）,https://www.e-stat.go.jp/stat-search/files?stat_infid=000032163260,,2020,,南房総市,二部,,65歳以上,99,人,
census_oaza,総務省 令和2年国勢調査 小地域集計（町丁・字等）,https://www.e-stat.go.jp/stat-search/files?stat_infid=000032163260,,2020,,南房総市,二部,,平均年齢,61.05897,歳,
census_oaza,総務省 令和2年国勢調査 小地域集計（町丁・字等）,https://www.e-stat.go.jp/stat-search/files?stat_infid=000032163260,,2020,,南房総市,検儀谷,,人口,94,人,
census_oaza,総務省 令和2年国勢調査 小地域集計（町丁・字等）,https://www.e-stat.go.jp/stat-search/files?stat_infid=000032163260,,2020,,南房総市,検儀谷,,0〜14歳,3,人,
census_oaza,総務省 令和2年国勢調査 小地域集計（町丁・字等）,https://www.e-stat.go.jp/stat-search/files?stat_infid=000032163260,,2020,,南房総市,検儀谷,,15〜64歳,44,人,
census_oaza,総務省 令和2年国勢調査 小地域集計（町丁・字等）,https://www.e-stat.go.jp/stat-search/files?stat_infid=000032163260,,2020,,南房総市,検儀谷,,65歳以上,47,人,
census_oaza,総務省 令和2年国勢調査 小地域集計（町丁・字等）,https://www.e-stat.go.jp/stat-search/files?stat_infid=000032163260,,2020,,南房総市,検儀谷,,平均年齢,58.12766,歳,
census_oaza,総務省 令和2年国勢調査 小地域集計（町丁・字等）,https://www.e-stat.go.jp/stat-search/files?stat_infid=000032163260,,2020,,南房総市,平久里中,,人口,245,人,
census_oaza,総務省 令和2年国勢調査 小地域集計（町丁・字等）,https://www.e-stat.go.jp/stat-search/files?stat_infid=000032163260,,2020,,南房総市,平久里中,,0〜14歳,23,人,
census_oaza,総務省 令和2年国勢調査 小地域集計（町丁・字等）,https://www.e-stat.go.jp/stat-search/files?stat_infid=000032163260,,2020,,南房総市,平久里中,,15〜64歳,107,人,
census_oaza,総務省 令和2年国勢調査 小地域集計（町丁・字等）,https://www.e-stat.go.jp/stat-search/files?stat_infid=000032163260,,2020,,南房総市,平久里中,,65歳以上,115,人,
census_oaza,総務省 令和2年国勢調査 小地域集計（町丁・字等）,https://www.e-stat.go.jp/stat-search/files?stat_infid=000032163260,,2020,,南房総市,平久里中,,平均年齢,56.80204,歳,
census_oaza,総務省 令和2年国勢調査 小地域集計（町丁・字等）,https://www.e-stat.go.jp/stat-search/files?stat_infid=000032163260,,2020,,南房総市,山田,,人口,173,人,
census_oaza,総務省 令和2年国勢調査 小地域集計（町丁・字等）,https://www.e-stat.go.jp/stat-search/files?stat_infid=000032163260,,2020,,南房総市,山田,,0〜14歳,18,人,
census_oaza,総務省 令和2年国勢調査 小地域集計（町丁・字等）,https://www.e-stat.go.jp/stat-search/files?stat_infid=000032163260,,2020,,南房総市,山田,,15〜64歳,57,人,
census_oaza,総務省 令和2年国勢調査 小地域集計（町丁・字等）,https://www.e-stat.go.jp/stat-search/files?stat_infid=000032163260,,2020,,南房総市,山田,,65歳以上,97,人,
census_oaza,総務省 令和2年国勢調査 小地域集計（町丁・字等）,https://www.e-stat.go.jp/stat-search/files?stat_infid=000032163260,,2020,,南房総市,山田,,平均年齢,59.04651,歳,
census_oaza,総務省 令和2年国勢調査 小地域集計（町丁・字等）,https://www.e-stat.go.jp/stat-search/files?stat_infid=000032163260,,2020,,南房総市,荒川,,人口,161,人,
census_oaza,総務省 令和2年国勢調査 小地域集計（町丁・字等）,https://www.e-stat.go.jp/stat-search/files?stat_infid=000032163260,,2020,,南房総市,荒川,,0〜14歳,12,人,
census_oaza,総務省 令和2年国勢調査 小地域集計（町丁・字等）,https://www.e-stat.go.jp/stat-search/files?stat_infid=000032163260,,2020,,南房総市,荒川,,15〜64歳,68,人,
census_oaza,総務省 令和2年国勢調査 小地域集計（町丁・字等）,https://www.e-stat.go.jp/stat-search/files?stat_infid=000032163260,,2020,,南房総市,荒川,,65歳以上,79,人,
census_oaza,総務省 令和2年国勢調査 小地域集計（町丁・字等）,https://www.e-stat.go.jp/stat-search/files?stat_infid=000032163260,,2020,,南房総市,荒川,,平均年齢,59.90881,歳,
census_oaza,総務省 令和2年国勢調査 小地域集計（町丁・字等）,https://www.e-stat.go.jp/stat-search/files?stat_infid=000032163260,,2020,,南房総市,川上,,人口,66,人,
census_oaza,総務省 令和2年国勢調査 小地域集計（町丁・字等）,https://www.e-stat.go.jp/stat-search/files?stat_infid=000032163260,,2020,,南房総市,川上,,0〜14歳,2,人,
census_oaza,総務省 令和2年国勢調査 小地域集計（町丁・字等）,https://www.e-stat.go.jp/stat-search/files?stat_infid=000032163260,,2020,,南房総市,川上,,15〜64歳,32,人,
census_oaza,総務省 令和2年国勢調査 小地域集計（町丁・字等）,https://www.e-stat.go.jp/stat-search/files?stat_infid=000032163260,,2020,,南房総市,川上,,65歳以上,32,人,
census_oaza,総務省 令和2年国勢調査 小地域集計（町丁・字等）,https://www.e-stat.go.jp/stat-search/files?stat_infid=000032163260,,2020,,南房総市,川上,,平均年齢,60.63636,歳,
census_oaza,総務省 令和2年国勢調査 小地域集計（町丁・字等）,https://www.e-stat.go.jp/stat-search/files?stat_infid=000032163260,,2020,,南房総市,井野,,人口,83,人,
census_oaza,総務省 令和2年国勢調査 小地域集計（町丁・字等）,https://www.e-stat.go.jp/stat-search/files?stat_infid=000032163260,,2020,,南房総市,井野,,0〜14歳,12,人,
census_oaza,総務省 令和2年国勢調査 小地域集計（町丁・字等）,https://www.e-stat.go.jp/stat-search/files?stat_infid=000032163260,,2020,,南房総市,井野,,15〜64歳,33,人,
census_oaza,総務省 令和2年国勢調査 小地域集計（町丁・字等）,https://www.e-stat.go.jp/stat-search/files?stat_infid=000032163260,,2020,,南房総市,井野,,65歳以上,38,人,
census_oaza,総務省 令和2年国勢調査 小地域集計（町丁・字等）,https://www.e-stat.go.jp/stat-search/files?stat_infid=000032163260,,2020,,南房総市,井野,,平均年齢,54.71687,歳,
census_oaza,総務省 令和2年国勢調査 小地域集計（町丁・字等）,https://www.e-stat.go.jp/stat-search/files?stat_infid=000032163260,,2020,,南房総市,吉沢,,人口,196,人,
census_oaza,総務省 令和2年国勢調査 小地域集計（町丁・字等）,https://www.e-stat.go.jp/stat-search/files?stat_infid=000032163260,,2020,,南房総市,吉沢,,0〜14歳,18,人,
census_oaza,総務省 令和2年国勢調査 小地域集計（町丁・字等）,https://www.e-stat.go.jp/stat-search/files?stat_infid=000032163260,,2020,,南房総市,吉沢,,15〜64歳,69,人,
census_oaza,総務省 令和2年国勢調査 小地域集計（町丁・字等）,https://www.e-stat.go.jp/stat-search/files?stat_infid=000032163260,,2020,,南房総市,吉沢,,65歳以上,109,人,
census_oaza,総務省 令和2年国勢調査 小地域集計（町丁・字等）,https://www.e-stat.go.jp/stat-search/files?stat_infid=000032163260,,2020,,南房総市,吉沢,,平均年齢,60.93367,歳,
census_oaza,総務省 令和2年国勢調査 小地域集計（町丁・字等）,https://www.e-stat.go.jp/stat-search/files?stat_infid=000032163260,,2020,,南房総市,平久里下,,人口,361,人,
census_oaza,総務省 令和2年国勢調査 小地域集計（町丁・字等）,https://www.e-stat.go.jp/stat-search/files?stat_infid=000032163260,,2020,,南房総市,平久里下,,0〜14歳,31,人,
census_oaza,総務省 令和2年国勢調査 小地域集計（町丁・字等）,https://www.e-stat.go.jp/stat-search/files?stat_infid=000032163260,,2020,,南房総市,平久里下,,15〜64歳,126,人,
census_oaza,総務省 令和2年国勢調査 小地域集計（町丁・字等）,https://www.e-stat.go.jp/stat-search/files?stat_infid=000032163260,,2020,,南房総市,平久里下,,65歳以上,202,人,
census_oaza,総務省 令和2年国勢調査 小地域集計（町丁・字等）,https://www.e-stat.go.jp/stat-search/files?stat_infid=000032163260,,2020,,南房総市,平久里下,,平均年齢,62.14903,歳,
census_oaza,総務省 令和2年国勢調査 小地域集計（町丁・字等）,https://www.e-stat.go.jp/stat-search/files?stat_infid=000032163260,,2020,,南房総市,犬掛,,人口,71,人,
census_oaza,総務省 令和2年国勢調査 小地域集計（町丁・字等）,https://www.e-stat.go.jp/stat-search/files?stat_infid=000032163260,,2020,,南房総市,犬掛,,0〜14歳,5,人,
census_oaza,総務省 令和2年国勢調査 小地域集計（町丁・字等）,https://www.e-stat.go.jp/stat-search/files?stat_infid=000032163260,,2020,,南房総市,犬掛,,15〜64歳,32,人,
census_oaza,総務省 令和2年国勢調査 小地域集計（町丁・字等）,https://www.e-stat.go.jp/stat-search/files?stat_infid=000032163260,,2020,,南房総市,犬掛,,65歳以上,34,人,
census_oaza,総務省 令和2年国勢調査 小地域集計（町丁・字等）,https://www.e-stat.go.jp/stat-search/files?stat_infid=000032163260,,2020,,南房総市,犬掛,,平均年齢,57.90845,歳,
census_oaza,総務省 令和2年国勢調査 小地域集計（町丁・字等）,https://www.e-stat.go.jp/stat-search/files?stat_infid=000032163260,,2020,,南房総市,増間,,人口,96,人,
census_oaza,総務省 令和2年国勢調査 小地域集計（町丁・字等）,https://www.e-stat.go.jp/stat-search/files?stat_infid=000032163260,,2020,,南房総市,増間,,0〜14歳,6,人,
census_oaza,総務省 令和2年国勢調査 小地域集計（町丁・字等）,https://www.e-stat.go.jp/stat-search/files?stat_infid=000032163260,,2020,,南房総市,増間,,15〜64歳,39,人,
census_oaza,総務省 令和2年国勢調査 小地域集計（町丁・字等）,https://www.e-stat.go.jp/stat-search/files?stat_infid=000032163260,,2020,,南房総市,増間,,65歳以上,51,人,
census_oaza,総務省 令和2年国勢調査 小地域集計（町丁・字等）,https://www.e-stat.go.jp/stat-search/files?stat_infid=000032163260,,2020,,南房総市,増間,,平均年齢,62.25,歳,
census_oaza,総務省 令和2年国勢調査 小地域集計（町丁・字等）,https://www.e-stat.go.jp/stat-search/files?stat_infid=000032163260,,2020,,南房総市,上滝田,,人口,247,人,
census_oaza,総務省 令和2年国勢調査 小地域集計（町丁・字等）,https://www.e-stat.go.jp/stat-search/files?stat_infid=000032163260,,2020,,南房総市,上滝田,,0〜14歳,12,人,
census_oaza,総務省 令和2年国勢調査 小地域集計（町丁・字等）,https://www.e-stat.go.jp/stat-search/files?stat_infid=000032163260,,2020,,南房総市,上滝田,,15〜64歳,124,人,
census_oaza,総務省 令和2年国勢調査 小地域集計（町丁・字等）,https://www.e-stat.go.jp/stat-search/files?stat_infid=000032163260,,2020,,南房総市,上滝田,,65歳以上,111,人,
census_oaza,総務省 令和2年国勢調査 小地域集計（町丁・字等）,https://www.e-stat.go.jp/stat-search/files?stat_infid=000032163260,,2020,,南房総市,上滝田,,平均年齢,58.41903,歳,
census_oaza,総務省 令和2年国勢調査 小地域集計（町丁・字等）,https://www.e-stat.go.jp/stat-search/files?stat_infid=000032163260,,2020,,南房総市,下滝田,,人口,297,人,
census_oaza,総務省 令和2年国勢調査 小地域集計（町丁・字等）,https://www.e-stat.go.jp/stat-search/files?stat_infid=000032163260,,2020,,南房総市,下滝田,,0〜14歳,34,人,
census_oaza,総務省 令和2年国勢調査 小地域集計（町丁・字等）,https://www.e-stat.go.jp/stat-search/files?stat_infid=000032163260,,2020,,南房総市,下滝田,,15〜64歳,138,人,
census_oaza,総務省 令和2年国勢調査 小地域集計（町丁・字等）,https://www.e-stat.go.jp/stat-search/files?stat_infid=000032163260,,2020,,南房総市,下滝田,,65歳以上,125,人,
census_oaza,総務省 令和2年国勢調査 小地域集計（町丁・字等）,https://www.e-stat.go.jp/stat-search/files?stat_infid=000032163260,,2020,,南房総市,下滝田,,平均年齢,53.44276,歳,
census_oaza,総務省 令和2年国勢調査 小地域集計（町丁・字等）,https://www.e-stat.go.jp/stat-search/files?stat_infid=000032163260,,2020,,南房総市,千代,,人口,238,人,
census_oaza,総務省 令和2年国勢調査 小地域集計（町丁・字等）,https://www.e-stat.go.jp/stat-search/files?stat_infid=000032163260,,2020,,南房総市,千代,,0〜14歳,41,人,
census_oaza,総務省 令和2年国勢調査 小地域集計（町丁・字等）,https://www.e-stat.go.jp/stat-search/files?stat_infid=000032163260,,2020,,南房総市,千代,,15〜64歳,113,人,
census_oaza,総務省 令和2年国勢調査 小地域集計（町丁・字等）,https://www.e-stat.go.jp/stat-search/files?stat_infid=000032163260,,2020,,南房総市,千代,,65歳以上,84,人,
census_oaza,総務省 令和2年国勢調査 小地域集計（町丁・字等）,https://www.e-stat.go.jp/stat-search/files?stat_infid=000032163260,,2020,,南房総市,千代,,平均年齢,49.52521,歳,
census_oaza,総務省 令和2年国勢調査 小地域集計（町丁・字等）,https://www.e-stat.go.jp/stat-search/files?stat_infid=000032163260,,2020,,南房総市,三坂,,人口,162,人,
census_oaza,総務省 令和2年国勢調査 小地域集計（町丁・字等）,https://www.e-stat.go.jp/stat-search/files?stat_infid=000032163260,,2020,,南房総市,三坂,,0〜14歳,19,人,
census_oaza,総務省 令和2年国勢調査 小地域集計（町丁・字等）,https://www.e-stat.go.jp/stat-search/files?stat_infid=000032163260,,2020,,南房総市,三坂,,15〜64歳,92,人,
census_oaza,総務省 令和2年国勢調査 小地域集計（町丁・字等）,https://www.e-stat.go.jp/stat-search/files?stat_infid=000032163260,,2020,,南房総市,三坂,,65歳以上,51,人,
census_oaza,総務省 令和2年国勢調査 小地域集計（町丁・字等）,https://www.e-stat.go.jp/stat-search/files?stat_infid=000032163260,,2020,,南房総市,三坂,,平均年齢,50.07407,歳,
census_oaza,総務省 令和2年国勢調査 小地域集計（町丁・字等）,https://www.e-stat.go.jp/stat-search/files?stat_infid=000032163260,,2020,,南房総市,上堀,,人口,245,人,
census_oaza,総務省 令和2年国勢調査 小地域集計（町丁・字等）,https://www.e-stat.go.jp/stat-search/files?stat_infid=000032163260,,2020,,南房総市,上堀,,0〜14歳,13,人,
census_oaza,総務省 令和2年国勢調査 小地域集計（町丁・字等）,https://www.e-stat.go.jp/stat-search/files?stat_infid=000032163260,,2020,,南房総市,上堀,,15〜64歳,97,人,
census_oaza,総務省 令和2年国勢調査 小地域集計（町丁・字等）,https://www.e-stat.go.jp/stat-search/files?stat_infid=000032163260,,2020,,南房総市,上堀,,65歳以上,135,人,
census_oaza,総務省 令和2年国勢調査 小地域集計（町丁・字等）,https://www.e-stat.go.jp/stat-search/files?stat_infid=000032163260,,2020,,南房総市,上堀,,平均年齢,63.03061,歳,
census_oaza,総務省 令和2年国勢調査 小地域集計（町丁・字等）,https://www.e-stat.go.jp/stat-search/files?stat_infid=000032163260,,2020,,南房総市,下堀,,人口,113,人,
census_oaza,総務省 令和2年国勢調査 小地域集計（町丁・字等）,https://www.e-stat.go.jp/stat-search/files?stat_infid=000032163260,,2020,,南房総市,下堀,,0〜14歳,12,人,
census_oaza,総務省 令和2年国勢調査 小地域集計（町丁・字等）,https://www.e-stat.go.jp/stat-search/files?stat_infid=000032163260,,2020,,南房総市,下堀,,15〜64歳,50,人,
census_oaza,総務省 令和2年国勢調査 小地域集計（町丁・字等）,https://www.e-stat.go.jp/stat-search/files?stat_infid=000032163260,,2020,,南房総市,下堀,,65歳以上,51,人,
census_oaza,総務省 令和2年国勢調査 小地域集計（町丁・字等）,https://www.e-stat.go.jp/stat-search/files?stat_infid=000032163260,,2020,,南房総市,下堀,,平均年齢,52.98673,歳,
census_oaza,総務省 令和2年国勢調査 小地域集計（町丁・字等）,https://www.e-stat.go.jp/stat-search/files?stat_infid=000032163260,,2020,,南房総市,谷向,,人口,460,人,
census_oaza,総務省 令和2年国勢調査 小地域集計（町丁・字等）,https://www.e-stat.go.jp/stat-search/files?stat_infid=000032163260,,2020,,南房総市,谷向,,0〜14歳,70,人,
census_oaza,総務省 令和2年国勢調査 小地域集計（町丁・字等）,https://www.e-stat.go.jp/stat-search/files?stat_infid=000032163260,,2020,,南房総市,谷向,,15〜64歳,210,人,
census_oaza,総務省 令和2年国勢調査 小地域集計（町丁・字等）,https://www.e-stat.go.jp/stat-search/files?stat_infid=000032163260,,2020,,南房総市,谷向,,65歳以上,180,人,
census_oaza,総務省 令和2年国勢調査 小地域集計（町丁・字等）,https://www.e-stat.go.jp/stat-search/files?stat_infid=000032163260,,2020,,南房総市,谷向,,平均年齢,54.22826,歳,
census_oaza,総務省 令和2年国勢調査 小地域集計（町丁・字等）,https://www.e-stat.go.jp/stat-search/files?stat_infid=000032163260,,2020,,南房総市,海老敷,,人口,96,人,
census_oaza,総務省 令和2年国勢調査 小地域集計（町丁・字等）,https://www.e-stat.go.jp/stat-search/files?stat_infid=000032163260,,2020,,南房総市,海老敷,,0〜14歳,7,人,
census_oaza,総務省 令和2年国勢調査 小地域集計（町丁・字等）,https://www.e-stat.go.jp/stat-search/files?stat_infid=000032163260,,2020,,南房総市,海老敷,,15〜64歳,36,人,
census_oaza,総務省 令和2年国勢調査 小地域集計（町丁・字等）,https://www.e-stat.go.jp/stat-search/files?stat_infid=000032163260,,2020,,南房総市,海老敷,,65歳以上,53,人,
census_oaza,総務省 令和2年国勢調査 小地域集計（町丁・字等）,https://www.e-stat.go.jp/stat-search/files?stat_infid=000032163260,,2020,,南房総市,海老敷,,平均年齢,58.32292,歳,
census_oaza,総務省 令和2年国勢調査 小地域集計（町丁・字等）,https://www.e-stat.go.jp/stat-search/files?stat_infid=000032163260,,2020,,南房総市,大学口,,人口,89,人,
census_oaza,総務省 令和2年国勢調査 小地域集計（町丁・字等）,https://www.e-stat.go.jp/stat-search/files?stat_infid=000032163260,,2020,,南房総市,大学口,,0〜14歳,9,人,
census_oaza,総務省 令和2年国勢調査 小地域集計（町丁・字等）,https://www.e-stat.go.jp/stat-search/files?stat_infid=000032163260,,2020,,南房総市,大学口,,15〜64歳,45,人,
census_oaza,総務省 令和2年国勢調査 小地域集計（町丁・字等）,https://www.e-stat.go.jp/stat-search/files?stat_infid=000032163260,,2020,,南房総市,大学口,,65歳以上,35,人,
census_oaza,総務省 令和2年国勢調査 小地域集計（町丁・字等）,https://www.e-stat.go.jp/stat-search/files?stat_infid=000032163260,,2020,,南房総市,大学口,,平均年齢,53.29775,歳,
census_oaza,総務省 令和2年国勢調査 小地域集計（町丁・字等）,https://www.e-stat.go.jp/stat-search/files?stat_infid=000032163260,,2020,,南房総市,山下,,人口,91,人,
census_oaza,総務省 令和2年国勢調査 小地域集計（町丁・字等）,https://www.e-stat.go.jp/stat-search/files?stat_infid=000032163260,,2020,,南房総市,山下,,0〜14歳,7,人,
census_oaza,総務省 令和2年国勢調査 小地域集計（町丁・字等）,https://www.e-stat.go.jp/stat-search/files?stat_infid=000032163260,,2020,,南房総市,山下,,15〜64歳,43,人,
census_oaza,総務省 令和2年国勢調査 小地域集計（町丁・字等）,https://www.e-stat.go.jp/stat-search/files?stat_infid=000032163260,,2020,,南房総市,山下,,65歳以上,41,人,
census_oaza,総務省 令和2年国勢調査 小地域集計（町丁・字等）,https://www.e-stat.go.jp/stat-search/files?stat_infid=000032163260,,2020,,南房総市,山下,,平均年齢,55.97253,歳,
census_oaza,総務省 令和2年国勢調査 小地域集計（町丁・字等）,https://www.e-stat.go.jp/stat-search/files?stat_infid=000032163260,,2020,,南房総市,川田,,人口,48,人,
census_oaza,総務省 令和2年国勢調査 小地域集計（町丁・字等）,https://www.e-stat.go.jp/stat-search/files?stat_infid=000032163260,,2020,,南房総市,川田,,0〜14歳,2,人,
census_oaza,総務省 令和2年国勢調査 小地域集計（町丁・字等）,https://www.e-stat.go.jp/stat-search/files?stat_infid=000032163260,,2020,,南房総市,川田,,15〜64歳,20,人,
census_oaza,総務省 令和2年国勢調査 小地域集計（町丁・字等）,https://www.e-stat.go.jp/stat-search/files?stat_infid=000032163260,,2020,,南房総市,川田,,65歳以上,26,人,
census_oaza,総務省 令和2年国勢調査 小地域集計（町丁・字等）,https://www.e-stat.go.jp/stat-search/files?stat_infid=000032163260,,2020,,南房総市,川田,,平均年齢,60.47917,歳,
census_oaza,総務省 令和2年国勢調査 小地域集計（町丁・字等）,https://www.e-stat.go.jp/stat-search/files?stat_infid=000032163260,,2020,,南房総市,明石,,人口,114,人,
census_oaza,総務省 令和2年国勢調査 小地域集計（町丁・字等）,https://www.e-stat.go.jp/stat-search/files?stat_infid=000032163260,,2020,,南房総市,明石,,0〜14歳,27,人,
census_oaza,総務省 令和2年国勢調査 小地域集計（町丁・字等）,https://www.e-stat.go.jp/stat-search/files?stat_infid=000032163260,,2020,,南房総市,明石,,15〜64歳,57,人,
census_oaza,総務省 令和2年国勢調査 小地域集計（町丁・字等）,https://www.e-stat.go.jp/stat-search/files?stat_infid=000032163260,,2020,,南房総市,明石,,65歳以上,30,人,
census_oaza,総務省 令和2年国勢調査 小地域集計（町丁・字等）,https://www.e-stat.go.jp/stat-search/files?stat_infid=000032163260,,2020,,南房総市,明石,,平均年齢,42.46491,歳,
census_oaza,総務省 令和2年国勢調査 小地域集計（町丁・字等）,https://www.e-stat.go.jp/stat-search/files?stat_infid=000032163260,,2020,,南房総市,本織,,人口,737,人,
census_oaza,総務省 令和2年国勢調査 小地域集計（町丁・字等）,https://www.e-stat.go.jp/stat-search/files?stat_infid=000032163260,,2020,,南房総市,本織,,0〜14歳,58,人,
census_oaza,総務省 令和2年国勢調査 小地域集計（町丁・字等）,https://www.e-stat.go.jp/stat-search/files?stat_infid=000032163260,,2020,,南房総市,本織,,15〜64歳,324,人,
census_oaza,総務省 令和2年国勢調査 小地域集計（町丁・字等）,https://www.e-stat.go.jp/stat-search/files?stat_infid=000032163260,,2020,,南房総市,本織,,65歳以上,355,人,
census_oaza,総務省 令和2年国勢調査 小地域集計（町丁・字等）,https://www.e-stat.go.jp/stat-search/files?stat_infid=000032163260,,2020,,南房総市,本織,,平均年齢,58.08616,歳,
census_oaza,総務省 令和2年国勢調査 小地域集計（町丁・字等）,https://www.e-stat.go.jp/stat-search/files?stat_infid=000032163260,,2020,,南房総市,府中,,人口,318,人,
census_oaza,総務省 令和2年国勢調査 小地域集計（町丁・字等）,https://www.e-stat.go.jp/stat-search/files?stat_infid=000032163260,,2020,,南房総市,府中,,0〜14歳,34,人,
census_oaza,総務省 令和2年国勢調査 小地域集計（町丁・字等）,https://www.e-stat.go.jp/stat-search/files?stat_infid=000032163260,,2020,,南房総市,府中,,15〜64歳,156,人,
census_oaza,総務省 令和2年国勢調査 小地域集計（町丁・字等）,https://www.e-stat.go.jp/stat-search/files?stat_infid=000032163260,,2020,,南房総市,府中,,65歳以上,128,人,
census_oaza,総務省 令和2年国勢調査 小地域集計（町丁・字等）,https://www.e-stat.go.jp/stat-search/files?stat_infid=000032163260,,2020,,南房総市,府中,,平均年齢,53.79245,歳,
census_oaza,総務省 令和2年国勢調査 小地域集計（町丁・字等）,https://www.e-stat.go.jp/stat-search/files?stat_infid=000032163260,,2020,,南房総市,池之内,,人口,144,人,
census_oaza,総務省 令和2年国勢調査 小地域集計（町丁・字等）,https://www.e-stat.go.jp/stat-search/files?stat_infid=000032163260,,2020,,南房総市,池之内,,0〜14歳,15,人,
census_oaza,総務省 令和2年国勢調査 小地域集計（町丁・字等）,https://www.e-stat.go.jp/stat-search/files?stat_infid=000032163260,,2020,,南房総市,池之内,,15〜64歳,69,人,
census_oaza,総務省 令和2年国勢調査 小地域集計（町丁・字等）,https://www.e-stat.go.jp/stat-search/files?stat_infid=000032163260,,2020,,南房総市,池之内,,65歳以上,57,人,
census_oaza,総務省 令和2年国勢調査 小地域集計（町丁・字等）,https://www.e-stat.go.jp/stat-search/files?stat_infid=000032163260,,2020,,南房総市,池之内,,平均年齢,55.25177,歳,
census_oaza,総務省 令和2年国勢調査 小地域集計（町丁・字等）,https://www.e-stat.go.jp/stat-search/files?stat_infid=000032163260,,2020,,南房総市,中,,人口,161,人,
census_oaza,総務省 令和2年国勢調査 小地域集計（町丁・字等）,https://www.e-stat.go.jp/stat-search/files?stat_infid=000032163260,,2020,,南房総市,中,,0〜14歳,20,人,
census_oaza,総務省 令和2年国勢調査 小地域集計（町丁・字等）,https://www.e-stat.go.jp/stat-search/files?stat_infid=000032163260,,2020,,南房総市,中,,15〜64歳,81,人,
census_oaza,総務省 令和2年国勢調査 小地域集計（町丁・字等）,https://www.e-stat.go.jp/stat-search/files?stat_infid=000032163260,,2020,,南房総市,中,,65歳以上,60,人,
census_oaza,総務省 令和2年国勢調査 小地域集計（町丁・字等）,https://www.e-stat.go.jp/stat-search/files?stat_infid=000032163260,,2020,,南房総市,中,,平均年齢,51.40062,歳,
census_oaza,総務省 令和2年国勢調査 小地域集計（町丁・字等）,https://www.e-stat.go.jp/stat-search/files?stat_infid=000032163260,,2020,,南房総市,御庄,,人口,156,人,
census_oaza,総務省 令和2年国勢調査 小地域集計（町丁・字等）,https://www.e-stat.go.jp/stat-search/files?stat_infid=000032163260,,2020,,南房総市,御庄,,0〜14歳,24,人,
census_oaza,総務省 令和2年国勢調査 小地域集計（町丁・字等）,https://www.e-stat.go.jp/stat-search/files?stat_infid=000032163260,,2020,,南房総市,御庄,,15〜64歳,58,人,
census_oaza,総務省 令和2年国勢調査 小地域集計（町丁・字等）,https://www.e-stat.go.jp/stat-search/files?stat_infid=000032163260,,2020,,南房総市,御庄,,65歳以上,74,人,
census_oaza,総務省 令和2年国勢調査 小地域集計（町丁・字等）,https://www.e-stat.go.jp/stat-search/files?stat_infid=000032163260,,2020,,南房総市,御庄,,平均年齢,55.96795,歳,
census_oaza,総務省 令和2年国勢調査 小地域集計（町丁・字等）,https://www.e-stat.go.jp/stat-search/files?stat_infid=000032163260,,2020,,南房総市,山名,,人口,295,人,
census_oaza,総務省 令和2年国勢調査 小地域集計（町丁・字等）,https://www.e-stat.go.jp/stat-search/files?stat_infid=000032163260,,2020,,南房総市,山名,,0〜14歳,28,人,
census_oaza,総務省 令和2年国勢調査 小地域集計（町丁・字等）,https://www.e-stat.go.jp/stat-search/files?stat_infid=000032163260,,2020,,南房総市,山名,,15〜64歳,134,人,
census_oaza,総務省 令和2年国勢調査 小地域集計（町丁・字等）,https://www.e-stat.go.jp/stat-search/files?stat_infid=000032163260,,2020,,南房総市,山名,,65歳以上,130,人,
census_oaza,総務省 令和2年国勢調査 小地域集計（町丁・字等）,https://www.e-stat.go.jp/stat-search/files?stat_infid=000032163260,,2020,,南房総市,山名,,平均年齢,56.41781,歳,
census_oaza,総務省 令和2年国勢調査 小地域集計（町丁・字等）,https://www.e-stat.go.jp/stat-search/files?stat_infid=000032163260,,2020,,南房総市,白浜町乙浜,,人口,309,人,
census_oaza,総務省 令和2年国勢調査 小地域集計（町丁・字等）,https://www.e-stat.go.jp/stat-search/files?stat_infid=000032163260,,2020,,南房総市,白浜町乙浜,,0〜14歳,20,人,
census_oaza,総務省 令和2年国勢調査 小地域集計（町丁・字等）,https://www.e-stat.go.jp/stat-search/files?stat_infid=000032163260,,2020,,南房総市,白浜町乙浜,,15〜64歳,130,人,
census_oaza,総務省 令和2年国勢調査 小地域集計（町丁・字等）,https://www.e-stat.go.jp/stat-search/files?stat_infid=000032163260,,2020,,南房総市,白浜町乙浜,,65歳以上,157,人,
census_oaza,総務省 令和2年国勢調査 小地域集計（町丁・字等）,https://www.e-stat.go.jp/stat-search/files?stat_infid=000032163260,,2020,,南房総市,白浜町乙浜,,平均年齢,60.7215,歳,
census_oaza,総務省 令和2年国勢調査 小地域集計（町丁・字等）,https://www.e-stat.go.jp/stat-search/files?stat_infid=000032163260,,2020,,南房総市,白浜町白浜,,人口,275,人,
census_oaza,総務省 令和2年国勢調査 小地域集計（町丁・字等）,https://www.e-stat.go.jp/stat-search/files?stat_infid=000032163260,,2020,,南房総市,白浜町白浜,,0〜14歳,10,人,
census_oaza,総務省 令和2年国勢調査 小地域集計（町丁・字等）,https://www.e-stat.go.jp/stat-search/files?stat_infid=000032163260,,2020,,南房総市,白浜町白浜,,15〜64歳,109,人,
census_oaza,総務省 令和2年国勢調査 小地域集計（町丁・字等）,https://www.e-stat.go.jp/stat-search/files?stat_infid=000032163260,,2020,,南房総市,白浜町白浜,,65歳以上,156,人,
census_oaza,総務省 令和2年国勢調査 小地域集計（町丁・字等）,https://www.e-stat.go.jp/stat-search/files?stat_infid=000032163260,,2020,,南房総市,白浜町白浜,,平均年齢,64.00909,歳,
census_oaza,総務省 令和2年国勢調査 小地域集計（町丁・字等）,https://www.e-stat.go.jp/stat-search/files?stat_infid=000032163260,,2020,,南房総市,白浜町白浜,,人口,174,人,
census_oaza,総務省 令和2年国勢調査 小地域集計（町丁・字等）,https://www.e-stat.go.jp/stat-search/files?stat_infid=000032163260,,2020,,南房総市,白浜町白浜,,0〜14歳,8,人,
census_oaza,総務省 令和2年国勢調査 小地域集計（町丁・字等）,https://www.e-stat.go.jp/stat-search/files?stat_infid=000032163260,,2020,,南房総市,白浜町白浜,,15〜64歳,74,人,
census_oaza,総務省 令和2年国勢調査 小地域集計（町丁・字等）,https://www.e-stat.go.jp/stat-search/files?stat_infid=000032163260,,2020,,南房総市,白浜町白浜,,65歳以上,92,人,
census_oaza,総務省 令和2年国勢調査 小地域集計（町丁・字等）,https://www.e-stat.go.jp/stat-search/files?stat_infid=000032163260,,2020,,南房総市,白浜町白浜,,平均年齢,62.27011,歳,
census_oaza,総務省 令和2年国勢調査 小地域集計（町丁・字等）,https://www.e-stat.go.jp/stat-search/files?stat_infid=000032163260,,2020,,南房総市,白浜町白浜,,人口,335,人,
census_oaza,総務省 令和2年国勢調査 小地域集計（町丁・字等）,https://www.e-stat.go.jp/stat-search/files?stat_infid=000032163260,,2020,,南房総市,白浜町白浜,,0〜14歳,26,人,
census_oaza,総務省 令和2年国勢調査 小地域集計（町丁・字等）,https://www.e-stat.go.jp/stat-search/files?stat_infid=000032163260,,2020,,南房総市,白浜町白浜,,15〜64歳,140,人,
census_oaza,総務省 令和2年国勢調査 小地域集計（町丁・字等）,https://www.e-stat.go.jp/stat-search/files?stat_infid=000032163260,,2020,,南房総市,白浜町白浜,,65歳以上,169,人,
census_oaza,総務省 令和2年国勢調査 小地域集計（町丁・字等）,https://www.e-stat.go.jp/stat-search/files?stat_infid=000032163260,,2020,,南房総市,白浜町白浜,,平均年齢,58.81343,歳,
census_oaza,総務省 令和2年国勢調査 小地域集計（町丁・字等）,https://www.e-stat.go.jp/stat-search/files?stat_infid=000032163260,,2020,,南房総市,白浜町白浜,,人口,234,人,
census_oaza,総務省 令和2年国勢調査 小地域集計（町丁・字等）,https://www.e-stat.go.jp/stat-search/files?stat_infid=000032163260,,2020,,南房総市,白浜町白浜,,0〜14歳,4,人,
census_oaza,総務省 令和2年国勢調査 小地域集計（町丁・字等）,https://www.e-stat.go.jp/stat-search/files?stat_infid=000032163260,,2020,,南房総市,白浜町白浜,,15〜64歳,105,人,
census_oaza,総務省 令和2年国勢調査 小地域集計（町丁・字等）,https://www.e-stat.go.jp/stat-search/files?stat_infid=000032163260,,2020,,南房総市,白浜町白浜,,65歳以上,125,人,
census_oaza,総務省 令和2年国勢調査 小地域集計（町丁・字等）,https://www.e-stat.go.jp/stat-search/files?stat_infid=000032163260,,2020,,南房総市,白浜町白浜,,平均年齢,63.11538,歳,
census_oaza,総務省 令和2年国勢調査 小地域集計（町丁・字等）,https://www.e-stat.go.jp/stat-search/files?stat_infid=000032163260,,2020,,南房総市,白浜町白浜,,人口,297,人,
census_oaza,総務省 令和2年国勢調査 小地域集計（町丁・字等）,https://www.e-stat.go.jp/stat-search/files?stat_infid=000032163260,,2020,,南房総市,白浜町白浜,,0〜14歳,22,人,
census_oaza,総務省 令和2年国勢調査 小地域集計（町丁・字等）,https://www.e-stat.go.jp/stat-search/files?stat_infid=000032163260,,2020,,南房総市,白浜町白浜,,15〜64歳,127,人,
census_oaza,総務省 令和2年国勢調査 小地域集計（町丁・字等）,https://www.e-stat.go.jp/stat-search/files?stat_infid=000032163260,,2020,,南房総市,白浜町白浜,,65歳以上,147,人,
census_oaza,総務省 令和2年国勢調査 小地域集計（町丁・字等）,https://www.e-stat.go.jp/stat-search/files?stat_infid=000032163260,,2020,,南房総市,白浜町白浜,,平均年齢,58.0777,歳,
census_oaza,総務省 令和2年国勢調査 小地域集計（町丁・字等）,https://www.e-stat.go.jp/stat-search/files?stat_infid=000032163260,,2020,,南房総市,白浜町白浜,,人口,333,人,
census_oaza,総務省 令和2年国勢調査 小地域集計（町丁・字等）,https://www.e-stat.go.jp/stat-search/files?stat_infid=000032163260,,2020,,南房総市,白浜町白浜,,0〜14歳,28,人,
census_oaza,総務省 令和2年国勢調査 小地域集計（町丁・字等）,https://www.e-stat.go.jp/stat-search/files?stat_infid=000032163260,,2020,,南房総市,白浜町白浜,,15〜64歳,146,人,
census_oaza,総務省 令和2年国勢調査 小地域集計（町丁・字等）,https://www.e-stat.go.jp/stat-search/files?stat_infid=000032163260,,2020,,南房総市,白浜町白浜,,65歳以上,159,人,
census_oaza,総務省 令和2年国勢調査 小地域集計（町丁・字等）,https://www.e-stat.go.jp/stat-search/files?stat_infid=000032163260,,2020,,南房総市,白浜町白浜,,平均年齢,56.99249,歳,
census_oaza,総務省 令和2年国勢調査 小地域集計（町丁・字等）,https://www.e-stat.go.jp/stat-search/files?stat_infid=000032163260,,2020,,南房総市,白浜町白浜,,人口,421,人,
census_oaza,総務省 令和2年国勢調査 小地域集計（町丁・字等）,https://www.e-stat.go.jp/stat-search/files?stat_infid=000032163260,,2020,,南房総市,白浜町白浜,,0〜14歳,23,人,
census_oaza,総務省 令和2年国勢調査 小地域集計（町丁・字等）,https://www.e-stat.go.jp/stat-search/files?stat_infid=000032163260,,2020,,南房総市,白浜町白浜,,15〜64歳,180,人,
census_oaza,総務省 令和2年国勢調査 小地域集計（町丁・字等）,https://www.e-stat.go.jp/stat-search/files?stat_infid=000032163260,,2020,,南房総市,白浜町白浜,,65歳以上,218,人,
census_oaza,総務省 令和2年国勢調査 小地域集計（町丁・字等）,https://www.e-stat.go.jp/stat-search/files?stat_infid=000032163260,,2020,,南房総市,白浜町白浜,,平均年齢,60.34086,歳,
census_oaza,総務省 令和2年国勢調査 小地域集計（町丁・字等）,https://www.e-stat.go.jp/stat-search/files?stat_infid=000032163260,,2020,,南房総市,白浜町白浜,,人口,176,人,
census_oaza,総務省 令和2年国勢調査 小地域集計（町丁・字等）,https://www.e-stat.go.jp/stat-search/files?stat_infid=000032163260,,2020,,南房総市,白浜町白浜,,0〜14歳,8,人,
census_oaza,総務省 令和2年国勢調査 小地域集計（町丁・字等）,https://www.e-stat.go.jp/stat-search/files?stat_infid=000032163260,,2020,,南房総市,白浜町白浜,,15〜64歳,75,人,
census_oaza,総務省 令和2年国勢調査 小地域集計（町丁・字等）,https://www.e-stat.go.jp/stat-search/files?stat_infid=000032163260,,2020,,南房総市,白浜町白浜,,65歳以上,90,人,
census_oaza,総務省 令和2年国勢調査 小地域集計（町丁・字等）,https://www.e-stat.go.jp/stat-search/files?stat_infid=000032163260,,2020,,南房総市,白浜町白浜,,平均年齢,60.10694,歳,
census_oaza,総務省 令和2年国勢調査 小地域集計（町丁・字等）,https://www.e-stat.go.jp/stat-search/files?stat_infid=000032163260,,2020,,南房総市,白浜町滝口,,人口,292,人,
census_oaza,総務省 令和2年国勢調査 小地域集計（町丁・字等）,https://www.e-stat.go.jp/stat-search/files?stat_infid=000032163260,,2020,,南房総市,白浜町滝口,,0〜14歳,17,人,
census_oaza,総務省 令和2年国勢調査 小地域集計（町丁・字等）,https://www.e-stat.go.jp/stat-search/files?stat_infid=000032163260,,2020,,南房総市,白浜町滝口,,15〜64歳,84,人,
census_oaza,総務省 令和2年国勢調査 小地域集計（町丁・字等）,https://www.e-stat.go.jp/stat-search/files?stat_infid=000032163260,,2020,,南房総市,白浜町滝口,,65歳以上,188,人,
census_oaza,総務省 令和2年国勢調査 小地域集計（町丁・字等）,https://www.e-stat.go.jp/stat-search/files?stat_infid=000032163260,,2020,,南房総市,白浜町滝口,,平均年齢,66.26817,歳,
census_oaza,総務省 令和2年国勢調査 小地域集計（町丁・字等）,https://www.e-stat.go.jp/stat-search/files?stat_infid=000032163260,,2020,,南房総市,白浜町滝口,,人口,492,人,
census_oaza,総務省 令和2年国勢調査 小地域集計（町丁・字等）,https://www.e-stat.go.jp/stat-search/files?stat_infid=000032163260,,2020,,南房総市,白浜町滝口,,0〜14歳,30,人,
census_oaza,総務省 令和2年国勢調査 小地域集計（町丁・字等）,https://www.e-stat.go.jp/stat-search/files?stat_infid=000032163260,,2020,,南房総市,白浜町滝口,,15〜64歳,174,人,
census_oaza,総務省 令和2年国勢調査 小地域集計（町丁・字等）,https://www.e-stat.go.jp/stat-search/files?stat_infid=000032163260,,2020,,南房総市,白浜町滝口,,65歳以上,288,人,
census_oaza,総務省 令和2年国勢調査 小地域集計（町丁・字等）,https://www.e-stat.go.jp/stat-search/files?stat_infid=000032163260,,2020,,南房総市,白浜町滝口,,平均年齢,62.74187,歳,
census_oaza,総務省 令和2年国勢調査 小地域集計（町丁・字等）,https://www.e-stat.go.jp/stat-search/files?stat_infid=000032163260,,2020,,南房総市,白浜町滝口,,人口,274,人,
census_oaza,総務省 令和2年国勢調査 小地域集計（町丁・字等）,https://www.e-stat.go.jp/stat-search/files?stat_infid=000032163260,,2020,,南房総市,白浜町滝口,,0〜14歳,20,人,
census_oaza,総務省 令和2年国勢調査 小地域集計（町丁・字等）,https://www.e-stat.go.jp/stat-search/files?stat_infid=000032163260,,2020,,南房総市,白浜町滝口,,15〜64歳,121,人,
census_oaza,総務省 令和2年国勢調査 小地域集計（町丁・字等）,https://www.e-stat.go.jp/stat-search/files?stat_infid=000032163260,,2020,,南房総市,白浜町滝口,,65歳以上,133,人,
census_oaza,総務省 令和2年国勢調査 小地域集計（町丁・字等）,https://www.e-stat.go.jp/stat-search/files?stat_infid=000032163260,,2020,,南房総市,白浜町滝口,,平均年齢,59.09489,歳,
census_oaza,総務省 令和2年国勢調査 小地域集計（町丁・字等）,https://www.e-stat.go.jp/stat-search/files?stat_infid=000032163260,,2020,,南房総市,白浜町滝口,,人口,254,人,
census_oaza,総務省 令和2年国勢調査 小地域集計（町丁・字等）,https://www.e-stat.go.jp/stat-search/files?stat_infid=000032163260,,2020,,南房総市,白浜町滝口,,0〜14歳,25,人,
census_oaza,総務省 令和2年国勢調査 小地域集計（町丁・字等）,https://www.e-stat.go.jp/stat-search/files?stat_infid=000032163260,,2020,,南房総市,白浜町滝口,,15〜64歳,114,人,
census_oaza,総務省 令和2年国勢調査 小地域集計（町丁・字等）,https://www.e-stat.go.jp/stat-search/files?stat_infid=000032163260,,2020,,南房総市,白浜町滝口,,65歳以上,115,人,
census_oaza,総務省 令和2年国勢調査 小地域集計（町丁・字等）,https://www.e-stat.go.jp/stat-search/files?stat_infid=000032163260,,2020,,南房総市,白浜町滝口,,平均年齢,56.95669,歳,
census_oaza,総務省 令和2年国勢調査 小地域集計（町丁・字等）,https://www.e-stat.go.jp/stat-search/files?stat_infid=000032163260,,2020,,南房総市,白浜町根本,,人口,362,人,
census_oaza,総務省 令和2年国勢調査 小地域集計（町丁・字等）,https://www.e-stat.go.jp/stat-search/files?stat_infid=000032163260,,2020,,南房総市,白浜町根本,,0〜14歳,12,人,
census_oaza,総務省 令和2年国勢調査 小地域集計（町丁・字等）,https://www.e-stat.go.jp/stat-search/files?stat_infid=000032163260,,2020,,南房総市,白浜町根本,,15〜64歳,153,人,
census_oaza,総務省 令和2年国勢調査 小地域集計（町丁・字等）,https://www.e-stat.go.jp/stat-search/files?stat_infid=000032163260,,2020,,南房総市,白浜町根本,,65歳以上,197,人,
census_oaza,総務省 令和2年国勢調査 小地域集計（町丁・字等）,https://www.e-stat.go.jp/stat-search/files?stat_infid=000032163260,,2020,,南房総市,白浜町根本,,平均年齢,63.66851,歳,
census_oaza,総務省 令和2年国勢調査 小地域集計（町丁・字等）,https://www.e-stat.go.jp/stat-search/files?stat_infid=000032163260,,2020,,南房総市,千倉町白間津,,人口,467,人,
census_oaza,総務省 令和2年国勢調査 小地域集計（町丁・字等）,https://www.e-stat.go.jp/stat-search/files?stat_infid=000032163260,,2020,,南房総市,千倉町白間津,,0〜14歳,32,人,
census_oaza,総務省 令和2年国勢調査 小地域集計（町丁・字等）,https://www.e-stat.go.jp/stat-search/files?stat_infid=000032163260,,2020,,南房総市,千倉町白間津,,15〜64歳,196,人,
census_oaza,総務省 令和2年国勢調査 小地域集計（町丁・字等）,https://www.e-stat.go.jp/stat-search/files?stat_infid=000032163260,,2020,,南房総市,千倉町白間津,,65歳以上,239,人,
census_oaza,総務省 令和2年国勢調査 小地域集計（町丁・字等）,https://www.e-stat.go.jp/stat-search/files?stat_infid=000032163260,,2020,,南房総市,千倉町白間津,,平均年齢,60.16167,歳,
census_oaza,総務省 令和2年国勢調査 小地域集計（町丁・字等）,https://www.e-stat.go.jp/stat-search/files?stat_infid=000032163260,,2020,,南房総市,千倉町大川,,人口,417,人,
census_oaza,総務省 令和2年国勢調査 小地域集計（町丁・字等）,https://www.e-stat.go.jp/stat-search/files?stat_infid=000032163260,,2020,,南房総市,千倉町大川,,0〜14歳,30,人,
census_oaza,総務省 令和2年国勢調査 小地域集計（町丁・字等）,https://www.e-stat.go.jp/stat-search/files?stat_infid=000032163260,,2020,,南房総市,千倉町大川,,15〜64歳,178,人,
census_oaza,総務省 令和2年国勢調査 小地域集計（町丁・字等）,https://www.e-stat.go.jp/stat-search/files?stat_infid=000032163260,,2020,,南房総市,千倉町大川,,65歳以上,209,人,
census_oaza,総務省 令和2年国勢調査 小地域集計（町丁・字等）,https://www.e-stat.go.jp/stat-search/files?stat_infid=000032163260,,2020,,南房総市,千倉町大川,,平均年齢,58.39448,歳,
census_oaza,総務省 令和2年国勢調査 小地域集計（町丁・字等）,https://www.e-stat.go.jp/stat-search/files?stat_infid=000032163260,,2020,,南房総市,千倉町千田,,人口,420,人,
census_oaza,総務省 令和2年国勢調査 小地域集計（町丁・字等）,https://www.e-stat.go.jp/stat-search/files?stat_infid=000032163260,,2020,,南房総市,千倉町千田,,0〜14歳,35,人,
census_oaza,総務省 令和2年国勢調査 小地域集計（町丁・字等）,https://www.e-stat.go.jp/stat-search/files?stat_infid=000032163260,,2020,,南房総市,千倉町千田,,15〜64歳,182,人,
census_oaza,総務省 令和2年国勢調査 小地域集計（町丁・字等）,https://www.e-stat.go.jp/stat-search/files?stat_infid=000032163260,,2020,,南房総市,千倉町千田,,65歳以上,203,人,
census_oaza,総務省 令和2年国勢調査 小地域集計（町丁・字等）,https://www.e-stat.go.jp/stat-search/files?stat_infid=000032163260,,2020,,南房総市,千倉町千田,,平均年齢,58.01429,歳,
census_oaza,総務省 令和2年国勢調査 小地域集計（町丁・字等）,https://www.e-stat.go.jp/stat-search/files?stat_infid=000032163260,,2020,,南房総市,千倉町平磯,,人口,335,人,
census_oaza,総務省 令和2年国勢調査 小地域集計（町丁・字等）,https://www.e-stat.go.jp/stat-search/files?stat_infid=000032163260,,2020,,南房総市,千倉町平磯,,0〜14歳,17,人,
census_oaza,総務省 令和2年国勢調査 小地域集計（町丁・字等）,https://www.e-stat.go.jp/stat-search/files?stat_infid=000032163260,,2020,,南房総市,千倉町平磯,,15〜64歳,130,人,
census_oaza,総務省 令和2年国勢調査 小地域集計（町丁・字等）,https://www.e-stat.go.jp/stat-search/files?stat_infid=000032163260,,2020,,南房総市,千倉町平磯,,65歳以上,188,人,
census_oaza,総務省 令和2年国勢調査 小地域集計（町丁・字等）,https://www.e-stat.go.jp/stat-search/files?stat_infid=000032163260,,2020,,南房総市,千倉町平磯,,平均年齢,62.66418,歳,
census_oaza,総務省 令和2年国勢調査 小地域集計（町丁・字等）,https://www.e-stat.go.jp/stat-search/files?stat_infid=000032163260,,2020,,南房総市,千倉町北朝夷,,人口,268,人,
census_oaza,総務省 令和2年国勢調査 小地域集計（町丁・字等）,https://www.e-stat.go.jp/stat-search/files?stat_infid=000032163260,,2020,,南房総市,千倉町北朝夷,,0〜14歳,11,人,
census_oaza,総務省 令和2年国勢調査 小地域集計（町丁・字等）,https://www.e-stat.go.jp/stat-search/files?stat_infid=000032163260,,2020,,南房総市,千倉町北朝夷,,15〜64歳,113,人,
census_oaza,総務省 令和2年国勢調査 小地域集計（町丁・字等）,https://www.e-stat.go.jp/stat-search/files?stat_infid=000032163260,,2020,,南房総市,千倉町北朝夷,,65歳以上,144,人,
census_oaza,総務省 令和2年国勢調査 小地域集計（町丁・字等）,https://www.e-stat.go.jp/stat-search/files?stat_infid=000032163260,,2020,,南房総市,千倉町北朝夷,,平均年齢,62.21269,歳,
census_oaza,総務省 令和2年国勢調査 小地域集計（町丁・字等）,https://www.e-stat.go.jp/stat-search/files?stat_infid=000032163260,,2020,,南房総市,千倉町忽戸,,人口,500,人,
census_oaza,総務省 令和2年国勢調査 小地域集計（町丁・字等）,https://www.e-stat.go.jp/stat-search/files?stat_infid=000032163260,,2020,,南房総市,千倉町忽戸,,0〜14歳,14,人,
census_oaza,総務省 令和2年国勢調査 小地域集計（町丁・字等）,https://www.e-stat.go.jp/stat-search/files?stat_infid=000032163260,,2020,,南房総市,千倉町忽戸,,15〜64歳,192,人,
census_oaza,総務省 令和2年国勢調査 小地域集計（町丁・字等）,https://www.e-stat.go.jp/stat-search/files?stat_infid=000032163260,,2020,,南房総市,千倉町忽戸,,65歳以上,294,人,
census_oaza,総務省 令和2年国勢調査 小地域集計（町丁・字等）,https://www.e-stat.go.jp/stat-search/files?stat_infid=000032163260,,2020,,南房総市,千倉町忽戸,,平均年齢,65.18,歳,
census_oaza,総務省 令和2年国勢調査 小地域集計（町丁・字等）,https://www.e-stat.go.jp/stat-search/files?stat_infid=000032163260,,2020,,南房総市,千倉町平舘,,人口,905,人,
census_oaza,総務省 令和2年国勢調査 小地域集計（町丁・字等）,https://www.e-stat.go.jp/stat-search/files?stat_infid=000032163260,,2020,,南房総市,千倉町平舘,,0〜14歳,59,人,
census_oaza,総務省 令和2年国勢調査 小地域集計（町丁・字等）,https://www.e-stat.go.jp/stat-search/files?stat_infid=000032163260,,2020,,南房総市,千倉町平舘,,15〜64歳,402,人,
census_oaza,総務省 令和2年国勢調査 小地域集計（町丁・字等）,https://www.e-stat.go.jp/stat-search/files?stat_infid=000032163260,,2020,,南房総市,千倉町平舘,,65歳以上,444,人,
census_oaza,総務省 令和2年国勢調査 小地域集計（町丁・字等）,https://www.e-stat.go.jp/stat-search/files?stat_infid=000032163260,,2020,,南房総市,千倉町平舘,,平均年齢,58.91878,歳,
census_oaza,総務省 令和2年国勢調査 小地域集計（町丁・字等）,https://www.e-stat.go.jp/stat-search/files?stat_infid=000032163260,,2020,,南房総市,千倉町北朝夷,,人口,337,人,
census_oaza,総務省 令和2年国勢調査 小地域集計（町丁・字等）,https://www.e-stat.go.jp/stat-search/files?stat_infid=000032163260,,2020,,南房総市,千倉町北朝夷,,0〜14歳,37,人,
census_oaza,総務省 令和2年国勢調査 小地域集計（町丁・字等）,https://www.e-stat.go.jp/stat-search/files?stat_infid=000032163260,,2020,,南房総市,千倉町北朝夷,,15〜64歳,157,人,
census_oaza,総務省 令和2年国勢調査 小地域集計（町丁・字等）,https://www.e-stat.go.jp/stat-search/files?stat_infid=000032163260,,2020,,南房総市,千倉町北朝夷,,65歳以上,143,人,
census_oaza,総務省 令和2年国勢調査 小地域集計（町丁・字等）,https://www.e-stat.go.jp/stat-search/files?stat_infid=000032163260,,2020,,南房総市,千倉町北朝夷,,平均年齢,54.53264,歳,
census_oaza,総務省 令和2年国勢調査 小地域集計（町丁・字等）,https://www.e-stat.go.jp/stat-search/files?stat_infid=000032163260,,2020,,南房総市,千倉町南朝夷,,人口,768,人,
census_oaza,総務省 令和2年国勢調査 小地域集計（町丁・字等）,https://www.e-stat.go.jp/stat-search/files?stat_infid=000032163260,,2020,,南房総市,千倉町南朝夷,,0〜14歳,53,人,
census_oaza,総務省 令和2年国勢調査 小地域集計（町丁・字等）,https://www.e-stat.go.jp/stat-search/files?stat_infid=000032163260,,2020,,南房総市,千倉町南朝夷,,15〜64歳,362,人,
census_oaza,総務省 令和2年国勢調査 小地域集計（町丁・字等）,https://www.e-stat.go.jp/stat-search/files?stat_infid=000032163260,,2020,,南房総市,千倉町南朝夷,,65歳以上,353,人,
census_oaza,総務省 令和2年国勢調査 小地域集計（町丁・字等）,https://www.e-stat.go.jp/stat-search/files?stat_infid=000032163260,,2020,,南房総市,千倉町南朝夷,,平均年齢,57.83724,歳,
census_oaza,総務省 令和2年国勢調査 小地域集計（町丁・字等）,https://www.e-stat.go.jp/stat-search/files?stat_infid=000032163260,,2020,,南房総市,千倉町北朝夷,,人口,1110,人,
census_oaza,総務省 令和2年国勢調査 小地域集計（町丁・字等）,https://www.e-stat.go.jp/stat-search/files?stat_infid=000032163260,,2020,,南房総市,千倉町北朝夷,,0〜14歳,93,人,
census_oaza,総務省 令和2年国勢調査 小地域集計（町丁・字等）,https://www.e-stat.go.jp/stat-search/files?stat_infid=000032163260,,2020,,南房総市,千倉町北朝夷,,15〜64歳,525,人,
census_oaza,総務省 令和2年国勢調査 小地域集計（町丁・字等）,https://www.e-stat.go.jp/stat-search/files?stat_infid=000032163260,,2020,,南房総市,千倉町北朝夷,,65歳以上,489,人,
census_oaza,総務省 令和2年国勢調査 小地域集計（町丁・字等）,https://www.e-stat.go.jp/stat-search/files?stat_infid=000032163260,,2020,,南房総市,千倉町北朝夷,,平均年齢,56.52891,歳,
census_oaza,総務省 令和2年国勢調査 小地域集計（町丁・字等）,https://www.e-stat.go.jp/stat-search/files?stat_infid=000032163260,,2020,,南房総市,千倉町南朝夷,,人口,151,人,
census_oaza,総務省 令和2年国勢調査 小地域集計（町丁・字等）,https://www.e-stat.go.jp/stat-search/files?stat_infid=000032163260,,2020,,南房総市,千倉町南朝夷,,0〜14歳,4,人,
census_oaza,総務省 令和2年国勢調査 小地域集計（町丁・字等）,https://www.e-stat.go.jp/stat-search/files?stat_infid=000032163260,,2020,,南房総市,千倉町南朝夷,,15〜64歳,63,人,
census_oaza,総務省 令和2年国勢調査 小地域集計（町丁・字等）,https://www.e-stat.go.jp/stat-search/files?stat_infid=000032163260,,2020,,南房総市,千倉町南朝夷,,65歳以上,84,人,
census_oaza,総務省 令和2年国勢調査 小地域集計（町丁・字等）,https://www.e-stat.go.jp/stat-search/files?stat_infid=000032163260,,2020,,南房総市,千倉町南朝夷,,平均年齢,63.59272,歳,
census_oaza,総務省 令和2年国勢調査 小地域集計（町丁・字等）,https://www.e-stat.go.jp/stat-search/files?stat_infid=000032163260,,2020,,南房総市,千倉町南朝夷,,人口,116,人,
census_oaza,総務省 令和2年国勢調査 小地域集計（町丁・字等）,https://www.e-stat.go.jp/stat-search/files?stat_infid=000032163260,,2020,,南房総市,千倉町南朝夷,,0〜14歳,16,人,
census_oaza,総務省 令和2年国勢調査 小地域集計（町丁・字等）,https://www.e-stat.go.jp/stat-search/files?stat_infid=000032163260,,2020,,南房総市,千倉町南朝夷,,15〜64歳,46,人,
census_oaza,総務省 令和2年国勢調査 小地域集計（町丁・字等）,https://www.e-stat.go.jp/stat-search/files?stat_infid=000032163260,,2020,,南房総市,千倉町南朝夷,,65歳以上,54,人,
census_oaza,総務省 令和2年国勢調査 小地域集計（町丁・字等）,https://www.e-stat.go.jp/stat-search/files?stat_infid=000032163260,,2020,,南房総市,千倉町南朝夷,,平均年齢,54.08621,歳,
census_oaza,総務省 令和2年国勢調査 小地域集計（町丁・字等）,https://www.e-stat.go.jp/stat-search/files?stat_infid=000032163260,,2020,,南房総市,千倉町大貫,,人口,229,人,
census_oaza,総務省 令和2年国勢調査 小地域集計（町丁・字等）,https://www.e-stat.go.jp/stat-search/files?stat_infid=000032163260,,2020,,南房総市,千倉町大貫,,0〜14歳,25,人,
census_oaza,総務省 令和2年国勢調査 小地域集計（町丁・字等）,https://www.e-stat.go.jp/stat-search/files?stat_infid=000032163260,,2020,,南房総市,千倉町大貫,,15〜64歳,106,人,
census_oaza,総務省 令和2年国勢調査 小地域集計（町丁・字等）,https://www.e-stat.go.jp/stat-search/files?stat_infid=000032163260,,2020,,南房総市,千倉町大貫,,65歳以上,98,人,
census_oaza,総務省 令和2年国勢調査 小地域集計（町丁・字等）,https://www.e-stat.go.jp/stat-search/files?stat_infid=000032163260,,2020,,南房総市,千倉町大貫,,平均年齢,54.66157,歳,
census_oaza,総務省 令和2年国勢調査 小地域集計（町丁・字等）,https://www.e-stat.go.jp/stat-search/files?stat_infid=000032163260,,2020,,南房総市,千倉町川戸,,人口,190,人,
census_oaza,総務省 令和2年国勢調査 小地域集計（町丁・字等）,https://www.e-stat.go.jp/stat-search/files?stat_infid=000032163260,,2020,,南房総市,千倉町川戸,,0〜14歳,17,人,
census_oaza,総務省 令和2年国勢調査 小地域集計（町丁・字等）,https://www.e-stat.go.jp/stat-search/files?stat_infid=000032163260,,2020,,南房総市,千倉町川戸,,15〜64歳,88,人,
census_oaza,総務省 令和2年国勢調査 小地域集計（町丁・字等）,https://www.e-stat.go.jp/stat-search/files?stat_infid=000032163260,,2020,,南房総市,千倉町川戸,,65歳以上,85,人,
census_oaza,総務省 令和2年国勢調査 小地域集計（町丁・字等）,https://www.e-stat.go.jp/stat-search/files?stat_infid=000032163260,,2020,,南房総市,千倉町川戸,,平均年齢,55.92105,歳,
census_oaza,総務省 令和2年国勢調査 小地域集計（町丁・字等）,https://www.e-stat.go.jp/stat-search/files?stat_infid=000032163260,,2020,,南房総市,千倉町宇田,,人口,87,人,
census_oaza,総務省 令和2年国勢調査 小地域集計（町丁・字等）,https://www.e-stat.go.jp/stat-search/files?stat_infid=000032163260,,2020,,南房総市,千倉町宇田,,0〜14歳,9,人,
census_oaza,総務省 令和2年国勢調査 小地域集計（町丁・字等）,https://www.e-stat.go.jp/stat-search/files?stat_infid=000032163260,,2020,,南房総市,千倉町宇田,,15〜64歳,34,人,
census_oaza,総務省 令和2年国勢調査 小地域集計（町丁・字等）,https://www.e-stat.go.jp/stat-search/files?stat_infid=000032163260,,2020,,南房総市,千倉町宇田,,65歳以上,44,人,
census_oaza,総務省 令和2年国勢調査 小地域集計（町丁・字等）,https://www.e-stat.go.jp/stat-search/files?stat_infid=000032163260,,2020,,南房総市,千倉町宇田,,平均年齢,58.92529,歳,
census_oaza,総務省 令和2年国勢調査 小地域集計（町丁・字等）,https://www.e-stat.go.jp/stat-search/files?stat_infid=000032163260,,2020,,南房総市,千倉町瀬戸,,人口,354,人,
census_oaza,総務省 令和2年国勢調査 小地域集計（町丁・字等）,https://www.e-stat.go.jp/stat-search/files?stat_infid=000032163260,,2020,,南房総市,千倉町瀬戸,,0〜14歳,40,人,
census_oaza,総務省 令和2年国勢調査 小地域集計（町丁・字等）,https://www.e-stat.go.jp/stat-search/files?stat_infid=000032163260,,2020,,南房総市,千倉町瀬戸,,15〜64歳,186,人,
census_oaza,総務省 令和2年国勢調査 小地域集計（町丁・字等）,https://www.e-stat.go.jp/stat-search/files?stat_infid=000032163260,,2020,,南房総市,千倉町瀬戸,,65歳以上,128,人,
census_oaza,総務省 令和2年国勢調査 小地域集計（町丁・字等）,https://www.e-stat.go.jp/stat-search/files?stat_infid=000032163260,,2020,,南房総市,千倉町瀬戸,,平均年齢,51.38983,歳,
census_oaza,総務省 令和2年国勢調査 小地域集計（町丁・字等）,https://www.e-stat.go.jp/stat-search/files?stat_infid=000032163260,,2020,,南房総市,千倉町瀬戸,,人口,1702,人,
census_oaza,総務省 令和2年国勢調査 小地域集計（町丁・字等）,https://www.e-stat.go.jp/stat-search/files?stat_infid=000032163260,,2020,,南房総市,千倉町瀬戸,,0〜14歳,203,人,
census_oaza,総務省 令和2年国勢調査 小地域集計（町丁・字等）,https://www.e-stat.go.jp/stat-search/files?stat_infid=000032163260,,2020,,南房総市,千倉町瀬戸,,15〜64歳,791,人,
census_oaza,総務省 令和2年国勢調査 小地域集計（町丁・字等）,https://www.e-stat.go.jp/stat-search/files?stat_infid=000032163260,,2020,,南房総市,千倉町瀬戸,,65歳以上,694,人,
census_oaza,総務省 令和2年国勢調査 小地域集計（町丁・字等）,https://www.e-stat.go.jp/stat-search/files?stat_infid=000032163260,,2020,,南房総市,千倉町瀬戸,,平均年齢,52.82168,歳,
census_oaza,総務省 令和2年国勢調査 小地域集計（町丁・字等）,https://www.e-stat.go.jp/stat-search/files?stat_infid=000032163260,,2020,,南房総市,千倉町牧田,,人口,190,人,
census_oaza,総務省 令和2年国勢調査 小地域集計（町丁・字等）,https://www.e-stat.go.jp/stat-search/files?stat_infid=000032163260,,2020,,南房総市,千倉町牧田,,0〜14歳,3,人,
census_oaza,総務省 令和2年国勢調査 小地域集計（町丁・字等）,https://www.e-stat.go.jp/stat-search/files?stat_infid=000032163260,,2020,,南房総市,千倉町牧田,,15〜64歳,84,人,
census_oaza,総務省 令和2年国勢調査 小地域集計（町丁・字等）,https://www.e-stat.go.jp/stat-search/files?stat_infid=000032163260,,2020,,南房総市,千倉町牧田,,65歳以上,103,人,
census_oaza,総務省 令和2年国勢調査 小地域集計（町丁・字等）,https://www.e-stat.go.jp/stat-search/files?stat_infid=000032163260,,2020,,南房総市,千倉町牧田,,平均年齢,63.53158,歳,
census_oaza,総務省 令和2年国勢調査 小地域集計（町丁・字等）,https://www.e-stat.go.jp/stat-search/files?stat_infid=000032163260,,2020,,南房総市,千倉町白子,,人口,761,人,
census_oaza,総務省 令和2年国勢調査 小地域集計（町丁・字等）,https://www.e-stat.go.jp/stat-search/files?stat_infid=000032163260,,2020,,南房総市,千倉町白子,,0〜14歳,55,人,
census_oaza,総務省 令和2年国勢調査 小地域集計（町丁・字等）,https://www.e-stat.go.jp/stat-search/files?stat_infid=000032163260,,2020,,南房総市,千倉町白子,,15〜64歳,375,人,
census_oaza,総務省 令和2年国勢調査 小地域集計（町丁・字等）,https://www.e-stat.go.jp/stat-search/files?stat_infid=000032163260,,2020,,南房総市,千倉町白子,,65歳以上,331,人,
census_oaza,総務省 令和2年国勢調査 小地域集計（町丁・字等）,https://www.e-stat.go.jp/stat-search/files?stat_infid=000032163260,,2020,,南房総市,千倉町白子,,平均年齢,56.41064,歳,
census_oaza,総務省 令和2年国勢調査 小地域集計（町丁・字等）,https://www.e-stat.go.jp/stat-search/files?stat_infid=000032163260,,2020,,南房総市,千倉町川合,,人口,250,人,
census_oaza,総務省 令和2年国勢調査 小地域集計（町丁・字等）,https://www.e-stat.go.jp/stat-search/files?stat_infid=000032163260,,2020,,南房総市,千倉町川合,,0〜14歳,21,人,
census_oaza,総務省 令和2年国勢調査 小地域集計（町丁・字等）,https://www.e-stat.go.jp/stat-search/files?stat_infid=000032163260,,2020,,南房総市,千倉町川合,,15〜64歳,107,人,
census_oaza,総務省 令和2年国勢調査 小地域集計（町丁・字等）,https://www.e-stat.go.jp/stat-search/files?stat_infid=000032163260,,2020,,南房総市,千倉町川合,,65歳以上,122,人,
census_oaza,総務省 令和2年国勢調査 小地域集計（町丁・字等）,https://www.e-stat.go.jp/stat-search/files?stat_infid=000032163260,,2020,,南房総市,千倉町川合,,平均年齢,56.164,歳,
census_oaza,総務省 令和2年国勢調査 小地域集計（町丁・字等）,https://www.e-stat.go.jp/stat-search/files?stat_infid=000032163260,,2020,,南房総市,千倉町久保,,人口,99,人,
census_oaza,総務省 令和2年国勢調査 小地域集計（町丁・字等）,https://www.e-stat.go.jp/stat-search/files?stat_infid=000032163260,,2020,,南房総市,千倉町久保,,0〜14歳,10,人,
census_oaza,総務省 令和2年国勢調査 小地域集計（町丁・字等）,https://www.e-stat.go.jp/stat-search/files?stat_infid=000032163260,,2020,,南房総市,千倉町久保,,15〜64歳,41,人,
census_oaza,総務省 令和2年国勢調査 小地域集計（町丁・字等）,https://www.e-stat.go.jp/stat-search/files?stat_infid=000032163260,,2020,,南房総市,千倉町久保,,65歳以上,48,人,
census_oaza,総務省 令和2年国勢調査 小地域集計（町丁・字等）,https://www.e-stat.go.jp/stat-search/files?stat_infid=000032163260,,2020,,南房総市,千倉町久保,,平均年齢,55.98485,歳,
census_oaza,総務省 令和2年国勢調査 小地域集計（町丁・字等）,https://www.e-stat.go.jp/stat-search/files?stat_infid=000032163260,,2020,,南房総市,白子,,人口,333,人,
census_oaza,総務省 令和2年国勢調査 小地域集計（町丁・字等）,https://www.e-stat.go.jp/stat-search/files?stat_infid=000032163260,,2020,,南房総市,白子,,0〜14歳,32,人,
census_oaza,総務省 令和2年国勢調査 小地域集計（町丁・字等）,https://www.e-stat.go.jp/stat-search/files?stat_infid=000032163260,,2020,,南房総市,白子,,15〜64歳,158,人,
census_oaza,総務省 令和2年国勢調査 小地域集計（町丁・字等）,https://www.e-stat.go.jp/stat-search/files?stat_infid=000032163260,,2020,,南房総市,白子,,65歳以上,143,人,
census_oaza,総務省 令和2年国勢調査 小地域集計（町丁・字等）,https://www.e-stat.go.jp/stat-search/files?stat_infid=000032163260,,2020,,南房総市,白子,,平均年齢,55.80631,歳,
census_oaza,総務省 令和2年国勢調査 小地域集計（町丁・字等）,https://www.e-stat.go.jp/stat-search/files?stat_infid=000032163260,,2020,,南房総市,安馬谷,,人口,627,人,
census_oaza,総務省 令和2年国勢調査 小地域集計（町丁・字等）,https://www.e-stat.go.jp/stat-search/files?stat_infid=000032163260,,2020,,南房総市,安馬谷,,0〜14歳,53,人,
census_oaza,総務省 令和2年国勢調査 小地域集計（町丁・字等）,https://www.e-stat.go.jp/stat-search/files?stat_infid=000032163260,,2020,,南房総市,安馬谷,,15〜64歳,264,人,
census_oaza,総務省 令和2年国勢調査 小地域集計（町丁・字等）,https://www.e-stat.go.jp/stat-search/files?stat_infid=000032163260,,2020,,南房総市,安馬谷,,65歳以上,310,人,
census_oaza,総務省 令和2年国勢調査 小地域集計（町丁・字等）,https://www.e-stat.go.jp/stat-search/files?stat_infid=000032163260,,2020,,南房総市,安馬谷,,平均年齢,58.31818,歳,
census_oaza,総務省 令和2年国勢調査 小地域集計（町丁・字等）,https://www.e-stat.go.jp/stat-search/files?stat_infid=000032163260,,2020,,南房総市,峰,,人口,60,人,
census_oaza,総務省 令和2年国勢調査 小地域集計（町丁・字等）,https://www.e-stat.go.jp/stat-search/files?stat_infid=000032163260,,2020,,南房総市,峰,,0〜14歳,8,人,
census_oaza,総務省 令和2年国勢調査 小地域集計（町丁・字等）,https://www.e-stat.go.jp/stat-search/files?stat_infid=000032163260,,2020,,南房総市,峰,,15〜64歳,32,人,
census_oaza,総務省 令和2年国勢調査 小地域集計（町丁・字等）,https://www.e-stat.go.jp/stat-search/files?stat_infid=000032163260,,2020,,南房総市,峰,,65歳以上,20,人,
census_oaza,総務省 令和2年国勢調査 小地域集計（町丁・字等）,https://www.e-stat.go.jp/stat-search/files?stat_infid=000032163260,,2020,,南房総市,峰,,平均年齢,50.86667,歳,
census_oaza,総務省 令和2年国勢調査 小地域集計（町丁・字等）,https://www.e-stat.go.jp/stat-search/files?stat_infid=000032163260,,2020,,南房総市,久保,,人口,51,人,
census_oaza,総務省 令和2年国勢調査 小地域集計（町丁・字等）,https://www.e-stat.go.jp/stat-search/files?stat_infid=000032163260,,2020,,南房総市,久保,,0〜14歳,6,人,
census_oaza,総務省 令和2年国勢調査 小地域集計（町丁・字等）,https://www.e-stat.go.jp/stat-search/files?stat_infid=000032163260,,2020,,南房総市,久保,,15〜64歳,20,人,
census_oaza,総務省 令和2年国勢調査 小地域集計（町丁・字等）,https://www.e-stat.go.jp/stat-search/files?stat_infid=000032163260,,2020,,南房総市,久保,,65歳以上,25,人,
census_oaza,総務省 令和2年国勢調査 小地域集計（町丁・字等）,https://www.e-stat.go.jp/stat-search/files?stat_infid=000032163260,,2020,,南房総市,久保,,平均年齢,57.57843,歳,
census_oaza,総務省 令和2年国勢調査 小地域集計（町丁・字等）,https://www.e-stat.go.jp/stat-search/files?stat_infid=000032163260,,2020,,南房総市,古川,,人口,64,人,
census_oaza,総務省 令和2年国勢調査 小地域集計（町丁・字等）,https://www.e-stat.go.jp/stat-search/files?stat_infid=000032163260,,2020,,南房総市,古川,,0〜14歳,6,人,
census_oaza,総務省 令和2年国勢調査 小地域集計（町丁・字等）,https://www.e-stat.go.jp/stat-search/files?stat_infid=000032163260,,2020,,南房総市,古川,,15〜64歳,32,人,
census_oaza,総務省 令和2年国勢調査 小地域集計（町丁・字等）,https://www.e-stat.go.jp/stat-search/files?stat_infid=000032163260,,2020,,南房総市,古川,,65歳以上,26,人,
census_oaza,総務省 令和2年国勢調査 小地域集計（町丁・字等）,https://www.e-stat.go.jp/stat-search/files?stat_infid=000032163260,,2020,,南房総市,古川,,平均年齢,53.84375,歳,
census_oaza,総務省 令和2年国勢調査 小地域集計（町丁・字等）,https://www.e-stat.go.jp/stat-search/files?stat_infid=000032163260,,2020,,南房総市,加茂,,人口,429,人,
census_oaza,総務省 令和2年国勢調査 小地域集計（町丁・字等）,https://www.e-stat.go.jp/stat-search/files?stat_infid=000032163260,,2020,,南房総市,加茂,,0〜14歳,21,人,
census_oaza,総務省 令和2年国勢調査 小地域集計（町丁・字等）,https://www.e-stat.go.jp/stat-search/files?stat_infid=000032163260,,2020,,南房総市,加茂,,15〜64歳,188,人,
census_oaza,総務省 令和2年国勢調査 小地域集計（町丁・字等）,https://www.e-stat.go.jp/stat-search/files?stat_infid=000032163260,,2020,,南房総市,加茂,,65歳以上,219,人,
census_oaza,総務省 令和2年国勢調査 小地域集計（町丁・字等）,https://www.e-stat.go.jp/stat-search/files?stat_infid=000032163260,,2020,,南房総市,加茂,,平均年齢,59.60047,歳,
census_oaza,総務省 令和2年国勢調査 小地域集計（町丁・字等）,https://www.e-stat.go.jp/stat-search/files?stat_infid=000032163260,,2020,,南房総市,沓見,,人口,612,人,
census_oaza,総務省 令和2年国勢調査 小地域集計（町丁・字等）,https://www.e-stat.go.jp/stat-search/files?stat_infid=000032163260,,2020,,南房総市,沓見,,0〜14歳,65,人,
census_oaza,総務省 令和2年国勢調査 小地域集計（町丁・字等）,https://www.e-stat.go.jp/stat-search/files?stat_infid=000032163260,,2020,,南房総市,沓見,,15〜64歳,287,人,
census_oaza,総務省 令和2年国勢調査 小地域集計（町丁・字等）,https://www.e-stat.go.jp/stat-search/files?stat_infid=000032163260,,2020,,南房総市,沓見,,65歳以上,259,人,
census_oaza,総務省 令和2年国勢調査 小地域集計（町丁・字等）,https://www.e-stat.go.jp/stat-search/files?stat_infid=000032163260,,2020,,南房総市,沓見,,平均年齢,54.19394,歳,
census_oaza,総務省 令和2年国勢調査 小地域集計（町丁・字等）,https://www.e-stat.go.jp/stat-search/files?stat_infid=000032163260,,2020,,南房総市,岩糸,,人口,361,人,
census_oaza,総務省 令和2年国勢調査 小地域集計（町丁・字等）,https://www.e-stat.go.jp/stat-search/files?stat_infid=000032163260,,2020,,南房総市,岩糸,,0〜14歳,22,人,
census_oaza,総務省 令和2年国勢調査 小地域集計（町丁・字等）,https://www.e-stat.go.jp/stat-search/files?stat_infid=000032163260,,2020,,南房総市,岩糸,,15〜64歳,162,人,
census_oaza,総務省 令和2年国勢調査 小地域集計（町丁・字等）,https://www.e-stat.go.jp/stat-search/files?stat_infid=000032163260,,2020,,南房総市,岩糸,,65歳以上,177,人,
census_oaza,総務省 令和2年国勢調査 小地域集計（町丁・字等）,https://www.e-stat.go.jp/stat-search/files?stat_infid=000032163260,,2020,,南房総市,岩糸,,平均年齢,59.60249,歳,
census_oaza,総務省 令和2年国勢調査 小地域集計（町丁・字等）,https://www.e-stat.go.jp/stat-search/files?stat_infid=000032163260,,2020,,南房総市,西原,,人口,133,人,
census_oaza,総務省 令和2年国勢調査 小地域集計（町丁・字等）,https://www.e-stat.go.jp/stat-search/files?stat_infid=000032163260,,2020,,南房総市,西原,,0〜14歳,21,人,
census_oaza,総務省 令和2年国勢調査 小地域集計（町丁・字等）,https://www.e-stat.go.jp/stat-search/files?stat_infid=000032163260,,2020,,南房総市,西原,,15〜64歳,56,人,
census_oaza,総務省 令和2年国勢調査 小地域集計（町丁・字等）,https://www.e-stat.go.jp/stat-search/files?stat_infid=000032163260,,2020,,南房総市,西原,,65歳以上,56,人,
census_oaza,総務省 令和2年国勢調査 小地域集計（町丁・字等）,https://www.e-stat.go.jp/stat-search/files?stat_infid=000032163260,,2020,,南房総市,西原,,平均年齢,50.92105,歳,
census_oaza,総務省 令和2年国勢調査 小地域集計（町丁・字等）,https://www.e-stat.go.jp/stat-search/files?stat_infid=000032163260,,2020,,南房総市,小戸,,人口,88,人,
census_oaza,総務省 令和2年国勢調査 小地域集計（町丁・字等）,https://www.e-stat.go.jp/stat-search/files?stat_infid=000032163260,,2020,,南房総市,小戸,,0〜14歳,7,人,
census_oaza,総務省 令和2年国勢調査 小地域集計（町丁・字等）,https://www.e-stat.go.jp/stat-search/files?stat_infid=000032163260,,2020,,南房総市,小戸,,15〜64歳,39,人,
census_oaza,総務省 令和2年国勢調査 小地域集計（町丁・字等）,https://www.e-stat.go.jp/stat-search/files?stat_infid=000032163260,,2020,,南房総市,小戸,,65歳以上,42,人,
census_oaza,総務省 令和2年国勢調査 小地域集計（町丁・字等）,https://www.e-stat.go.jp/stat-search/files?stat_infid=000032163260,,2020,,南房総市,小戸,,平均年齢,59.05682,歳,
census_oaza,総務省 令和2年国勢調査 小地域集計（町丁・字等）,https://www.e-stat.go.jp/stat-search/files?stat_infid=000032163260,,2020,,南房総市,石堂,,人口,129,人,
census_oaza,総務省 令和2年国勢調査 小地域集計（町丁・字等）,https://www.e-stat.go.jp/stat-search/files?stat_infid=000032163260,,2020,,南房総市,石堂,,0〜14歳,7,人,
census_oaza,総務省 令和2年国勢調査 小地域集計（町丁・字等）,https://www.e-stat.go.jp/stat-search/files?stat_infid=000032163260,,2020,,南房総市,石堂,,15〜64歳,63,人,
census_oaza,総務省 令和2年国勢調査 小地域集計（町丁・字等）,https://www.e-stat.go.jp/stat-search/files?stat_infid=000032163260,,2020,,南房総市,石堂,,65歳以上,59,人,
census_oaza,総務省 令和2年国勢調査 小地域集計（町丁・字等）,https://www.e-stat.go.jp/stat-search/files?stat_infid=000032163260,,2020,,南房総市,石堂,,平均年齢,57.22093,歳,
census_oaza,総務省 令和2年国勢調査 小地域集計（町丁・字等）,https://www.e-stat.go.jp/stat-search/files?stat_infid=000032163260,,2020,,南房総市,珠師ケ谷,,人口,220,人,
census_oaza,総務省 令和2年国勢調査 小地域集計（町丁・字等）,https://www.e-stat.go.jp/stat-search/files?stat_infid=000032163260,,2020,,南房総市,珠師ケ谷,,0〜14歳,23,人,
census_oaza,総務省 令和2年国勢調査 小地域集計（町丁・字等）,https://www.e-stat.go.jp/stat-search/files?stat_infid=000032163260,,2020,,南房総市,珠師ケ谷,,15〜64歳,93,人,
census_oaza,総務省 令和2年国勢調査 小地域集計（町丁・字等）,https://www.e-stat.go.jp/stat-search/files?stat_infid=000032163260,,2020,,南房総市,珠師ケ谷,,65歳以上,104,人,
census_oaza,総務省 令和2年国勢調査 小地域集計（町丁・字等）,https://www.e-stat.go.jp/stat-search/files?stat_infid=000032163260,,2020,,南房総市,珠師ケ谷,,平均年齢,56.55909,歳,
census_oaza,総務省 令和2年国勢調査 小地域集計（町丁・字等）,https://www.e-stat.go.jp/stat-search/files?stat_infid=000032163260,,2020,,南房総市,石神,,人口,58,人,
census_oaza,総務省 令和2年国勢調査 小地域集計（町丁・字等）,https://www.e-stat.go.jp/stat-search/files?stat_infid=000032163260,,2020,,南房総市,石神,,0〜14歳,7,人,
census_oaza,総務省 令和2年国勢調査 小地域集計（町丁・字等）,https://www.e-stat.go.jp/stat-search/files?stat_infid=000032163260,,2020,,南房総市,石神,,15〜64歳,28,人,
census_oaza,総務省 令和2年国勢調査 小地域集計（町丁・字等）,https://www.e-stat.go.jp/stat-search/files?stat_infid=000032163260,,2020,,南房総市,石神,,65歳以上,23,人,
census_oaza,総務省 令和2年国勢調査 小地域集計（町丁・字等）,https://www.e-stat.go.jp/stat-search/files?stat_infid=000032163260,,2020,,南房総市,石神,,平均年齢,52.94828,歳,
census_oaza,総務省 令和2年国勢調査 小地域集計（町丁・字等）,https://www.e-stat.go.jp/stat-search/files?stat_infid=000032163260,,2020,,南房総市,前田,,人口,116,人,
census_oaza,総務省 令和2年国勢調査 小地域集計（町丁・字等）,https://www.e-stat.go.jp/stat-search/files?stat_infid=000032163260,,2020,,南房総市,前田,,0〜14歳,10,人,
census_oaza,総務省 令和2年国勢調査 小地域集計（町丁・字等）,https://www.e-stat.go.jp/stat-search/files?stat_infid=000032163260,,2020,,南房総市,前田,,15〜64歳,52,人,
census_oaza,総務省 令和2年国勢調査 小地域集計（町丁・字等）,https://www.e-stat.go.jp/stat-search/files?stat_infid=000032163260,,2020,,南房総市,前田,,65歳以上,53,人,
census_oaza,総務省 令和2年国勢調査 小地域集計（町丁・字等）,https://www.e-stat.go.jp/stat-search/files?stat_infid=000032163260,,2020,,南房総市,前田,,平均年齢,53.37826,歳,
census_oaza,総務省 令和2年国勢調査 小地域集計（町丁・字等）,https://www.e-stat.go.jp/stat-search/files?stat_infid=000032163260,,2020,,南房総市,丸本郷,,人口,222,人,
census_oaza,総務省 令和2年国勢調査 小地域集計（町丁・字等）,https://www.e-stat.go.jp/stat-search/files?stat_infid=000032163260,,2020,,南房総市,丸本郷,,0〜14歳,17,人,
census_oaza,総務省 令和2年国勢調査 小地域集計（町丁・字等）,https://www.e-stat.go.jp/stat-search/files?stat_infid=000032163260,,2020,,南房総市,丸本郷,,15〜64歳,96,人,
census_oaza,総務省 令和2年国勢調査 小地域集計（町丁・字等）,https://www.e-stat.go.jp/stat-search/files?stat_infid=000032163260,,2020,,南房総市,丸本郷,,65歳以上,109,人,
census_oaza,総務省 令和2年国勢調査 小地域集計（町丁・字等）,https://www.e-stat.go.jp/stat-search/files?stat_infid=000032163260,,2020,,南房総市,丸本郷,,平均年齢,58.09459,歳,
census_oaza,総務省 令和2年国勢調査 小地域集計（町丁・字等）,https://www.e-stat.go.jp/stat-search/files?stat_infid=000032163260,,2020,,南房総市,石堂原,,人口,36,人,
census_oaza,総務省 令和2年国勢調査 小地域集計（町丁・字等）,https://www.e-stat.go.jp/stat-search/files?stat_infid=000032163260,,2020,,南房総市,石堂原,,0〜14歳,3,人,
census_oaza,総務省 令和2年国勢調査 小地域集計（町丁・字等）,https://www.e-stat.go.jp/stat-search/files?stat_infid=000032163260,,2020,,南房総市,石堂原,,15〜64歳,18,人,
census_oaza,総務省 令和2年国勢調査 小地域集計（町丁・字等）,https://www.e-stat.go.jp/stat-search/files?stat_infid=000032163260,,2020,,南房総市,石堂原,,65歳以上,15,人,
census_oaza,総務省 令和2年国勢調査 小地域集計（町丁・字等）,https://www.e-stat.go.jp/stat-search/files?stat_infid=000032163260,,2020,,南房総市,石堂原,,平均年齢,56.25,歳,
census_oaza,総務省 令和2年国勢調査 小地域集計（町丁・字等）,https://www.e-stat.go.jp/stat-search/files?stat_infid=000032163260,,2020,,南房総市,川谷,,人口,271,人,
census_oaza,総務省 令和2年国勢調査 小地域集計（町丁・字等）,https://www.e-stat.go.jp/stat-search/files?stat_infid=000032163260,,2020,,南房総市,川谷,,0〜14歳,15,人,
census_oaza,総務省 令和2年国勢調査 小地域集計（町丁・字等）,https://www.e-stat.go.jp/stat-search/files?stat_infid=000032163260,,2020,,南房総市,川谷,,15〜64歳,79,人,
census_oaza,総務省 令和2年国勢調査 小地域集計（町丁・字等）,https://www.e-stat.go.jp/stat-search/files?stat_infid=000032163260,,2020,,南房総市,川谷,,65歳以上,177,人,
census_oaza,総務省 令和2年国勢調査 小地域集計（町丁・字等）,https://www.e-stat.go.jp/stat-search/files?stat_infid=000032163260,,2020,,南房総市,川谷,,平均年齢,68.70295,歳,
census_oaza,総務省 令和2年国勢調査 小地域集計（町丁・字等）,https://www.e-stat.go.jp/stat-search/files?stat_infid=000032163260,,2020,,南房総市,御子神,,人口,45,人,
census_oaza,総務省 令和2年国勢調査 小地域集計（町丁・字等）,https://www.e-stat.go.jp/stat-search/files?stat_infid=000032163260,,2020,,南房総市,御子神,,0〜14歳,3,人,
census_oaza,総務省 令和2年国勢調査 小地域集計（町丁・字等）,https://www.e-stat.go.jp/stat-search/files?stat_infid=000032163260,,2020,,南房総市,御子神,,15〜64歳,26,人,
census_oaza,総務省 令和2年国勢調査 小地域集計（町丁・字等）,https://www.e-stat.go.jp/stat-search/files?stat_infid=000032163260,,2020,,南房総市,御子神,,65歳以上,16,人,
census_oaza,総務省 令和2年国勢調査 小地域集計（町丁・字等）,https://www.e-stat.go.jp/stat-search/files?stat_infid=000032163260,,2020,,南房総市,御子神,,平均年齢,51.72222,歳,
census_oaza,総務省 令和2年国勢調査 小地域集計（町丁・字等）,https://www.e-stat.go.jp/stat-search/files?stat_infid=000032163260,,2020,,南房総市,宮下,,人口,306,人,
census_oaza,総務省 令和2年国勢調査 小地域集計（町丁・字等）,https://www.e-stat.go.jp/stat-search/files?stat_infid=000032163260,,2020,,南房総市,宮下,,0〜14歳,20,人,
census_oaza,総務省 令和2年国勢調査 小地域集計（町丁・字等）,https://www.e-stat.go.jp/stat-search/files?stat_infid=000032163260,,2020,,南房総市,宮下,,15〜64歳,153,人,
census_oaza,総務省 令和2年国勢調査 小地域集計（町丁・字等）,https://www.e-stat.go.jp/stat-search/files?stat_infid=000032163260,,2020,,南房総市,宮下,,65歳以上,133,人,
census_oaza,総務省 令和2年国勢調査 小地域集計（町丁・字等）,https://www.e-stat.go.jp/stat-search/files?stat_infid=000032163260,,2020,,南房総市,宮下,,平均年齢,56.46078,歳,
census_oaza,総務省 令和2年国勢調査 小地域集計（町丁・字等）,https://www.e-stat.go.jp/stat-search/files?stat_infid=000032163260,,2020,,南房総市,大井,,人口,236,人,
census_oaza,総務省 令和2年国勢調査 小地域集計（町丁・字等）,https://www.e-stat.go.jp/stat-search/files?stat_infid=000032163260,,2020,,南房総市,大井,,0〜14歳,7,人,
census_oaza,総務省 令和2年国勢調査 小地域集計（町丁・字等）,https://www.e-stat.go.jp/stat-search/files?stat_infid=000032163260,,2020,,南房総市,大井,,15〜64歳,104,人,
census_oaza,総務省 令和2年国勢調査 小地域集計（町丁・字等）,https://www.e-stat.go.jp/stat-search/files?stat_infid=000032163260,,2020,,南房総市,大井,,65歳以上,125,人,
census_oaza,総務省 令和2年国勢調査 小地域集計（町丁・字等）,https://www.e-stat.go.jp/stat-search/files?stat_infid=000032163260,,2020,,南房総市,大井,,平均年齢,61.68644,歳,
census_oaza,総務省 令和2年国勢調査 小地域集計（町丁・字等）,https://www.e-stat.go.jp/stat-search/files?stat_infid=000032163260,,2020,,南房総市,丸山平塚,,人口,58,人,
census_oaza,総務省 令和2年国勢調査 小地域集計（町丁・字等）,https://www.e-stat.go.jp/stat-search/files?stat_infid=000032163260,,2020,,南房総市,丸山平塚,,0〜14歳,0,人,
census_oaza,総務省 令和2年国勢調査 小地域集計（町丁・字等）,https://www.e-stat.go.jp/stat-search/files?stat_infid=000032163260,,2020,,南房総市,丸山平塚,,15〜64歳,58,人,
census_oaza,総務省 令和2年国勢調査 小地域集計（町丁・字等）,https://www.e-stat.go.jp/stat-search/files?stat_infid=000032163260,,2020,,南房総市,丸山平塚,,65歳以上,0,人,
census_oaza,総務省 令和2年国勢調査 小地域集計（町丁・字等）,https://www.e-stat.go.jp/stat-search/files?stat_infid=000032163260,,2020,,南房総市,丸山平塚,,平均年齢,28.22414,歳,
census_oaza,総務省 令和2年国勢調査 小地域集計（町丁・字等）,https://www.e-stat.go.jp/stat-search/files?stat_infid=000032163260,,2020,,南房総市,和田町花園,,人口,363,人,
census_oaza,総務省 令和2年国勢調査 小地域集計（町丁・字等）,https://www.e-stat.go.jp/stat-search/files?stat_infid=000032163260,,2020,,南房総市,和田町花園,,0〜14歳,21,人,
census_oaza,総務省 令和2年国勢調査 小地域集計（町丁・字等）,https://www.e-stat.go.jp/stat-search/files?stat_infid=000032163260,,2020,,南房総市,和田町花園,,15〜64歳,185,人,
census_oaza,総務省 令和2年国勢調査 小地域集計（町丁・字等）,https://www.e-stat.go.jp/stat-search/files?stat_infid=000032163260,,2020,,南房総市,和田町花園,,65歳以上,154,人,
census_oaza,総務省 令和2年国勢調査 小地域集計（町丁・字等）,https://www.e-stat.go.jp/stat-search/files?stat_infid=000032163260,,2020,,南房総市,和田町花園,,平均年齢,56.41667,歳,
census_oaza,総務省 令和2年国勢調査 小地域集計（町丁・字等）,https://www.e-stat.go.jp/stat-search/files?stat_infid=000032163260,,2020,,南房総市,和田町柴,,人口,313,人,
census_oaza,総務省 令和2年国勢調査 小地域集計（町丁・字等）,https://www.e-stat.go.jp/stat-search/files?stat_infid=000032163260,,2020,,南房総市,和田町柴,,0〜14歳,20,人,
census_oaza,総務省 令和2年国勢調査 小地域集計（町丁・字等）,https://www.e-stat.go.jp/stat-search/files?stat_infid=000032163260,,2020,,南房総市,和田町柴,,15〜64歳,150,人,
census_oaza,総務省 令和2年国勢調査 小地域集計（町丁・字等）,https://www.e-stat.go.jp/stat-search/files?stat_infid=000032163260,,2020,,南房総市,和田町柴,,65歳以上,143,人,
census_oaza,総務省 令和2年国勢調査 小地域集計（町丁・字等）,https://www.e-stat.go.jp/stat-search/files?stat_infid=000032163260,,2020,,南房総市,和田町柴,,平均年齢,57.28594,歳,
census_oaza,総務省 令和2年国勢調査 小地域集計（町丁・字等）,https://www.e-stat.go.jp/stat-search/files?stat_infid=000032163260,,2020,,南房総市,和田町仁我浦,,人口,562,人,
census_oaza,総務省 令和2年国勢調査 小地域集計（町丁・字等）,https://www.e-stat.go.jp/stat-search/files?stat_infid=000032163260,,2020,,南房総市,和田町仁我浦,,0〜14歳,31,人,
census_oaza,総務省 令和2年国勢調査 小地域集計（町丁・字等）,https://www.e-stat.go.jp/stat-search/files?stat_infid=000032163260,,2020,,南房総市,和田町仁我浦,,15〜64歳,215,人,
census_oaza,総務省 令和2年国勢調査 小地域集計（町丁・字等）,https://www.e-stat.go.jp/stat-search/files?stat_infid=000032163260,,2020,,南房総市,和田町仁我浦,,65歳以上,315,人,
census_oaza,総務省 令和2年国勢調査 小地域集計（町丁・字等）,https://www.e-stat.go.jp/stat-search/files?stat_infid=000032163260,,2020,,南房総市,和田町仁我浦,,平均年齢,61.46078,歳,
census_oaza,総務省 令和2年国勢調査 小地域集計（町丁・字等）,https://www.e-stat.go.jp/stat-search/files?stat_infid=000032163260,,2020,,南房総市,和田町和田,,人口,228,人,
census_oaza,総務省 令和2年国勢調査 小地域集計（町丁・字等）,https://www.e-stat.go.jp/stat-search/files?stat_infid=000032163260,,2020,,南房総市,和田町和田,,0〜14歳,12,人,
census_oaza,総務省 令和2年国勢調査 小地域集計（町丁・字等）,https://www.e-stat.go.jp/stat-search/files?stat_infid=000032163260,,2020,,南房総市,和田町和田,,15〜64歳,83,人,
census_oaza,総務省 令和2年国勢調査 小地域集計（町丁・字等）,https://www.e-stat.go.jp/stat-search/files?stat_infid=000032163260,,2020,,南房総市,和田町和田,,65歳以上,133,人,
census_oaza,総務省 令和2年国勢調査 小地域集計（町丁・字等）,https://www.e-stat.go.jp/stat-search/files?stat_infid=000032163260,,2020,,南房総市,和田町和田,,平均年齢,63.09211,歳,
census_oaza,総務省 令和2年国勢調査 小地域集計（町丁・字等）,https://www.e-stat.go.jp/stat-search/files?stat_infid=000032163260,,2020,,南房総市,和田町和田,,人口,142,人,
census_oaza,総務省 令和2年国勢調査 小地域集計（町丁・字等）,https://www.e-stat.go.jp/stat-search/files?stat_infid=000032163260,,2020,,南房総市,和田町和田,,0〜14歳,5,人,
census_oaza,総務省 令和2年国勢調査 小地域集計（町丁・字等）,https://www.e-stat.go.jp/stat-search/files?stat_infid=000032163260,,2020,,南房総市,和田町和田,,15〜64歳,53,人,
census_oaza,総務省 令和2年国勢調査 小地域集計（町丁・字等）,https://www.e-stat.go.jp/stat-search/files?stat_infid=000032163260,,2020,,南房総市,和田町和田,,65歳以上,84,人,
census_oaza,総務省 令和2年国勢調査 小地域集計（町丁・字等）,https://www.e-stat.go.jp/stat-search/files?stat_infid=000032163260,,2020,,南房総市,和田町和田,,平均年齢,64.21127,歳,
census_oaza,総務省 令和2年国勢調査 小地域集計（町丁・字等）,https://www.e-stat.go.jp/stat-search/files?stat_infid=000032163260,,2020,,南房総市,和田町真浦,,人口,238,人,
census_oaza,総務省 令和2年国勢調査 小地域集計（町丁・字等）,https://www.e-stat.go.jp/stat-search/files?stat_infid=000032163260,,2020,,南房総市,和田町真浦,,0〜14歳,18,人,
census_oaza,総務省 令和2年国勢調査 小地域集計（町丁・字等）,https://www.e-stat.go.jp/stat-search/files?stat_infid=000032163260,,2020,,南房総市,和田町真浦,,15〜64歳,103,人,
census_oaza,総務省 令和2年国勢調査 小地域集計（町丁・字等）,https://www.e-stat.go.jp/stat-search/files?stat_infid=000032163260,,2020,,南房総市,和田町真浦,,65歳以上,117,人,
census_oaza,総務省 令和2年国勢調査 小地域集計（町丁・字等）,https://www.e-stat.go.jp/stat-search/files?stat_infid=000032163260,,2020,,南房総市,和田町真浦,,平均年齢,58.58824,歳,
census_oaza,総務省 令和2年国勢調査 小地域集計（町丁・字等）,https://www.e-stat.go.jp/stat-search/files?stat_infid=000032163260,,2020,,南房総市,和田町小川,,人口,237,人,
census_oaza,総務省 令和2年国勢調査 小地域集計（町丁・字等）,https://www.e-stat.go.jp/stat-search/files?stat_infid=000032163260,,2020,,南房総市,和田町小川,,0〜14歳,19,人,
census_oaza,総務省 令和2年国勢調査 小地域集計（町丁・字等）,https://www.e-stat.go.jp/stat-search/files?stat_infid=000032163260,,2020,,南房総市,和田町小川,,15〜64歳,104,人,
census_oaza,総務省 令和2年国勢調査 小地域集計（町丁・字等）,https://www.e-stat.go.jp/stat-search/files?stat_infid=000032163260,,2020,,南房総市,和田町小川,,65歳以上,114,人,
census_oaza,総務省 令和2年国勢調査 小地域集計（町丁・字等）,https://www.e-stat.go.jp/stat-search/files?stat_infid=000032163260,,2020,,南房総市,和田町小川,,平均年齢,57.88397,歳,
census_oaza,総務省 令和2年国勢調査 小地域集計（町丁・字等）,https://www.e-stat.go.jp/stat-search/files?stat_infid=000032163260,,2020,,南房総市,和田町黒岩,,人口,276,人,
census_oaza,総務省 令和2年国勢調査 小地域集計（町丁・字等）,https://www.e-stat.go.jp/stat-search/files?stat_infid=000032163260,,2020,,南房総市,和田町黒岩,,0〜14歳,25,人,
census_oaza,総務省 令和2年国勢調査 小地域集計（町丁・字等）,https://www.e-stat.go.jp/stat-search/files?stat_infid=000032163260,,2020,,南房総市,和田町黒岩,,15〜64歳,103,人,
census_oaza,総務省 令和2年国勢調査 小地域集計（町丁・字等）,https://www.e-stat.go.jp/stat-search/files?stat_infid=000032163260,,2020,,南房総市,和田町黒岩,,65歳以上,148,人,
census_oaza,総務省 令和2年国勢調査 小地域集計（町丁・字等）,https://www.e-stat.go.jp/stat-search/files?stat_infid=000032163260,,2020,,南房総市,和田町黒岩,,平均年齢,61.67391,歳,
census_oaza,総務省 令和2年国勢調査 小地域集計（町丁・字等）,https://www.e-stat.go.jp/stat-search/files?stat_infid=000032163260,,2020,,南房総市,和田町上三原,,人口,256,人,
census_oaza,総務省 令和2年国勢調査 小地域集計（町丁・字等）,https://www.e-stat.go.jp/stat-search/files?stat_infid=000032163260,,2020,,南房総市,和田町上三原,,0〜14歳,18,人,
census_oaza,総務省 令和2年国勢調査 小地域集計（町丁・字等）,https://www.e-stat.go.jp/stat-search/files?stat_infid=000032163260,,2020,,南房総市,和田町上三原,,15〜64歳,145,人,
census_oaza,総務省 令和2年国勢調査 小地域集計（町丁・字等）,https://www.e-stat.go.jp/stat-search/files?stat_infid=000032163260,,2020,,南房総市,和田町上三原,,65歳以上,93,人,
census_oaza,総務省 令和2年国勢調査 小地域集計（町丁・字等）,https://www.e-stat.go.jp/stat-search/files?stat_infid=000032163260,,2020,,南房総市,和田町上三原,,平均年齢,52.15625,歳,
census_oaza,総務省 令和2年国勢調査 小地域集計（町丁・字等）,https://www.e-stat.go.jp/stat-search/files?stat_infid=000032163260,,2020,,南房総市,和田町上三原,,人口,202,人,
census_oaza,総務省 令和2年国勢調査 小地域集計（町丁・字等）,https://www.e-stat.go.jp/stat-search/files?stat_infid=000032163260,,2020,,南房総市,和田町上三原,,0〜14歳,8,人,
census_oaza,総務省 令和2年国勢調査 小地域集計（町丁・字等）,https://www.e-stat.go.jp/stat-search/files?stat_infid=000032163260,,2020,,南房総市,和田町上三原,,15〜64歳,88,人,
census_oaza,総務省 令和2年国勢調査 小地域集計（町丁・字等）,https://www.e-stat.go.jp/stat-search/files?stat_infid=000032163260,,2020,,南房総市,和田町上三原,,65歳以上,106,人,
census_oaza,総務省 令和2年国勢調査 小地域集計（町丁・字等）,https://www.e-stat.go.jp/stat-search/files?stat_infid=000032163260,,2020,,南房総市,和田町上三原,,平均年齢,61.9901,歳,
census_oaza,総務省 令和2年国勢調査 小地域集計（町丁・字等）,https://www.e-stat.go.jp/stat-search/files?stat_infid=000032163260,,2020,,南房総市,和田町白渚,,人口,186,人,
census_oaza,総務省 令和2年国勢調査 小地域集計（町丁・字等）,https://www.e-stat.go.jp/stat-search/files?stat_infid=000032163260,,2020,,南房総市,和田町白渚,,0〜14歳,12,人,
census_oaza,総務省 令和2年国勢調査 小地域集計（町丁・字等）,https://www.e-stat.go.jp/stat-search/files?stat_infid=000032163260,,2020,,南房総市,和田町白渚,,15〜64歳,82,人,
census_oaza,総務省 令和2年国勢調査 小地域集計（町丁・字等）,https://www.e-stat.go.jp/stat-search/files?stat_infid=000032163260,,2020,,南房総市,和田町白渚,,65歳以上,92,人,
census_oaza,総務省 令和2年国勢調査 小地域集計（町丁・字等）,https://www.e-stat.go.jp/stat-search/files?stat_infid=000032163260,,2020,,南房総市,和田町白渚,,平均年齢,59.37634,歳,
census_oaza,総務省 令和2年国勢調査 小地域集計（町丁・字等）,https://www.e-stat.go.jp/stat-search/files?stat_infid=000032163260,,2020,,南房総市,和田町下三原,,人口,285,人,
census_oaza,総務省 令和2年国勢調査 小地域集計（町丁・字等）,https://www.e-stat.go.jp/stat-search/files?stat_infid=000032163260,,2020,,南房総市,和田町下三原,,0〜14歳,23,人,
census_oaza,総務省 令和2年国勢調査 小地域集計（町丁・字等）,https://www.e-stat.go.jp/stat-search/files?stat_infid=000032163260,,2020,,南房総市,和田町下三原,,15〜64歳,127,人,
census_oaza,総務省 令和2年国勢調査 小地域集計（町丁・字等）,https://www.e-stat.go.jp/stat-search/files?stat_infid=000032163260,,2020,,南房総市,和田町下三原,,65歳以上,133,人,
census_oaza,総務省 令和2年国勢調査 小地域集計（町丁・字等）,https://www.e-stat.go.jp/stat-search/files?stat_infid=000032163260,,2020,,南房総市,和田町下三原,,平均年齢,57.85689,歳,
census_oaza,総務省 令和2年国勢調査 小地域集計（町丁・字等）,https://www.e-stat.go.jp/stat-search/files?stat_infid=000032163260,,2020,,南房総市,和田町中三原,,人口,218,人,
census_oaza,総務省 令和2年国勢調査 小地域集計（町丁・字等）,https://www.e-stat.go.jp/stat-search/files?stat_infid=000032163260,,2020,,南房総市,和田町中三原,,0〜14歳,17,人,
census_oaza,総務省 令和2年国勢調査 小地域集計（町丁・字等）,https://www.e-stat.go.jp/stat-search/files?stat_infid=000032163260,,2020,,南房総市,和田町中三原,,15〜64歳,111,人,
census_oaza,総務省 令和2年国勢調査 小地域集計（町丁・字等）,https://www.e-stat.go.jp/stat-search/files?stat_infid=000032163260,,2020,,南房総市,和田町中三原,,65歳以上,90,人,
census_oaza,総務省 令和2年国勢調査 小地域集計（町丁・字等）,https://www.e-stat.go.jp/stat-search/files?stat_infid=000032163260,,2020,,南房総市,和田町中三原,,平均年齢,55.94495,歳,
census_oaza,総務省 令和2年国勢調査 小地域集計（町丁・字等）,https://www.e-stat.go.jp/stat-search/files?stat_infid=000032163260,,2020,,南房総市,和田町松田,,人口,418,人,
census_oaza,総務省 令和2年国勢調査 小地域集計（町丁・字等）,https://www.e-stat.go.jp/stat-search/files?stat_infid=000032163260,,2020,,南房総市,和田町松田,,0〜14歳,38,人,
census_oaza,総務省 令和2年国勢調査 小地域集計（町丁・字等）,https://www.e-stat.go.jp/stat-search/files?stat_infid=000032163260,,2020,,南房総市,和田町松田,,15〜64歳,179,人,
census_oaza,総務省 令和2年国勢調査 小地域集計（町丁・字等）,https://www.e-stat.go.jp/stat-search/files?stat_infid=000032163260,,2020,,南房総市,和田町松田,,65歳以上,201,人,
census_oaza,総務省 令和2年国勢調査 小地域集計（町丁・字等）,https://www.e-stat.go.jp/stat-search/files?stat_infid=000032163260,,2020,,南房総市,和田町松田,,平均年齢,59.39713,歳,
census_oaza,総務省 令和2年国勢調査 小地域集計（町丁・字等）,https://www.e-stat.go.jp/stat-search/files?stat_infid=000032163260,,2020,,南房総市,和田町海発,,人口,412,人,
census_oaza,総務省 令和2年国勢調査 小地域集計（町丁・字等）,https://www.e-stat.go.jp/stat-search/files?stat_infid=000032163260,,2020,,南房総市,和田町海発,,0〜14歳,58,人,
census_oaza,総務省 令和2年国勢調査 小地域集計（町丁・字等）,https://www.e-stat.go.jp/stat-search/files?stat_infid=000032163260,,2020,,南房総市,和田町海発,,15〜64歳,197,人,
census_oaza,総務省 令和2年国勢調査 小地域集計（町丁・字等）,https://www.e-stat.go.jp/stat-search/files?stat_infid=000032163260,,2020,,南房総市,和田町海発,,65歳以上,157,人,
census_oaza,総務省 令和2年国勢調査 小地域集計（町丁・字等）,https://www.e-stat.go.jp/stat-search/files?stat_infid=000032163260,,2020,,南房総市,和田町海発,,平均年齢,52.49272,歳,
census_oaza,総務省 令和2年国勢調査 小地域集計（町丁・字等）,https://www.e-stat.go.jp/stat-search/files?stat_infid=000032163260,,2020,,南房総市,和田町沼,,人口,103,人,
census_oaza,総務省 令和2年国勢調査 小地域集計（町丁・字等）,https://www.e-stat.go.jp/stat-search/files?stat_infid=000032163260,,2020,,南房総市,和田町沼,,0〜14歳,7,人,
census_oaza,総務省 令和2年国勢調査 小地域集計（町丁・字等）,https://www.e-stat.go.jp/stat-search/files?stat_infid=000032163260,,2020,,南房総市,和田町沼,,15〜64歳,52,人,
census_oaza,総務省 令和2年国勢調査 小地域集計（町丁・字等）,https://www.e-stat.go.jp/stat-search/files?stat_infid=000032163260,,2020,,南房総市,和田町沼,,65歳以上,44,人,
census_oaza,総務省 令和2年国勢調査 小地域集計（町丁・字等）,https://www.e-stat.go.jp/stat-search/files?stat_infid=000032163260,,2020,,南房総市,和田町沼,,平均年齢,56.24757,歳,
meat_price_month,alic 畜産物の卸売価格等（総括表）,https://www.alic.go.jp/livestock/dstatis/dstatis.xlsx,,2026,9,,,牛枝肉（東京・大阪 加重平均）,卸売価格,2514,円/kg,
meat_price_month,alic 畜産物の卸売価格等（総括表）,https://www.alic.go.jp/livestock/dstatis/dstatis.xlsx,,2026,9,,,豚枝肉（極上・上）,卸売価格,596,円/kg,
meat_price_month,alic 畜産物の卸売価格等（総括表）,https://www.alic.go.jp/livestock/dstatis/dstatis.xlsx,,2026,9,,,牛枝肉（東京・大阪 加重平均）,卸売価格,2517,円/kg,
meat_price_month,alic 畜産物の卸売価格等（総括表）,https://www.alic.go.jp/livestock/dstatis/dstatis.xlsx,,2026,9,,,豚枝肉（極上・上）,卸売価格,588,円/kg,
meat_price_month,alic 畜産物の卸売価格等（総括表）,https://www.alic.go.jp/livestock/dstatis/dstatis.xlsx,,2026,9,,,牛枝肉（東京・大阪 加重平均）,卸売価格,2511,円/kg,
meat_price_month,alic 畜産物の卸売価格等（総括表）,https://www.alic.go.jp/livestock/dstatis/dstatis.xlsx,,2026,9,,,豚枝肉（極上・上）,卸売価格,579,円/kg,
meat_price_month,alic 畜産物の卸売価格等（総括表）,https://www.alic.go.jp/livestock/dstatis/dstatis.xlsx,,2026,9,,,牛枝肉（東京・大阪 加重平均）,卸売価格,2512,円/kg,
meat_price_month,alic 畜産物の卸売価格等（総括表）,https://www.alic.go.jp/livestock/dstatis/dstatis.xlsx,,2026,9,,,豚枝肉（極上・上）,卸売価格,582,円/kg,
meat_price_month,alic 畜産物の卸売価格等（総括表）,https://www.alic.go.jp/livestock/dstatis/dstatis.xlsx,,2026,9,,,牛枝肉（東京・大阪 加重平均）,卸売価格,2576,円/kg,
meat_price_month,alic 畜産物の卸売価格等（総括表）,https://www.alic.go.jp/livestock/dstatis/dstatis.xlsx,,2026,9,,,豚枝肉（極上・上）,卸売価格,574,円/kg,
meat_price_month,alic 畜産物の卸売価格等（総括表）,https://www.alic.go.jp/livestock/dstatis/dstatis.xlsx,,2026,9,,,牛枝肉（東京・大阪 加重平均）,卸売価格,2522,円/kg,
meat_price_month,alic 畜産物の卸売価格等（総括表）,https://www.alic.go.jp/livestock/dstatis/dstatis.xlsx,,2026,9,,,豚枝肉（極上・上）,卸売価格,606,円/kg,
meat_price_month,alic 畜産物の卸売価格等（総括表）,https://www.alic.go.jp/livestock/dstatis/dstatis.xlsx,,2026,9,,,牛枝肉（東京・大阪 加重平均）,卸売価格,2519,円/kg,
meat_price_month,alic 畜産物の卸売価格等（総括表）,https://www.alic.go.jp/livestock/dstatis/dstatis.xlsx,,2026,9,,,豚枝肉（極上・上）,卸売価格,612,円/kg,
meat_price_month,alic 畜産物の卸売価格等（総括表）,https://www.alic.go.jp/livestock/dstatis/dstatis.xlsx,,2026,9,,,牛枝肉（東京・大阪 加重平均）,卸売価格,2505,円/kg,
meat_price_month,alic 畜産物の卸売価格等（総括表）,https://www.alic.go.jp/livestock/dstatis/dstatis.xlsx,,2026,9,,,豚枝肉（極上・上）,卸売価格,597,円/kg,
meat_price_month,alic 畜産物の卸売価格等（総括表）,https://www.alic.go.jp/livestock/dstatis/dstatis.xlsx,,2026,9,,,牛枝肉（東京・大阪 加重平均）,卸売価格,2517,円/kg,
meat_price_month,alic 畜産物の卸売価格等（総括表）,https://www.alic.go.jp/livestock/dstatis/dstatis.xlsx,,2026,9,,,豚枝肉（極上・上）,卸売価格,579,円/kg,
meat_price_month,alic 畜産物の卸売価格等（総括表）,https://www.alic.go.jp/livestock/dstatis/dstatis.xlsx,,2026,9,,,牛枝肉（東京・大阪 加重平均）,卸売価格,2474,円/kg,
meat_price_month,alic 畜産物の卸売価格等（総括表）,https://www.alic.go.jp/livestock/dstatis/dstatis.xlsx,,2026,9,,,豚枝肉（極上・上）,卸売価格,587,円/kg,
meat_price_month,alic 畜産物の卸売価格等（総括表）,https://www.alic.go.jp/livestock/dstatis/dstatis.xlsx,,2026,9,,,牛枝肉（東京・大阪 加重平均）,卸売価格,2514,円/kg,
meat_price_month,alic 畜産物の卸売価格等（総括表）,https://www.alic.go.jp/livestock/dstatis/dstatis.xlsx,,2026,9,,,豚枝肉（極上・上）,卸売価格,597,円/kg,
meat_price_month,alic 畜産物の卸売価格等（総括表）,https://www.alic.go.jp/livestock/dstatis/dstatis.xlsx,,2026,9,,,牛枝肉（東京・大阪 加重平均）,卸売価格,2422,円/kg,
meat_price_month,alic 畜産物の卸売価格等（総括表）,https://www.alic.go.jp/livestock/dstatis/dstatis.xlsx,,2026,9,,,豚枝肉（極上・上）,卸売価格,596,円/kg,
